<?xml version="1.0" encoding="UTF-8"?><tns:Jobs xmlns:tns="https://www.starexec.org/starexec/public/batchJobSchema.xsd" xmlns:xsi="http://www.w3.org/2001/XMLSchema-instance" xsi:schemaLocation="https://www.starexec.org/starexec/public/batchJobSchema.xsd batchJobSchema.xsd">
<Job name="QF_UF 06-25-2014 13.54">
<JobAttributes>
<description value="no description"/>
<queue-id value="-1"/>
<start-paused value="false"/>
<cpu-timeout value="36000"/>
<wallclock-timeout value="36000"/>
<mem-limit value="100.0"/>
<postproc-id value="111"/>
</JobAttributes>
<JobPair bench-id="408180" bench-name="PEQ012_size6.smt2" config-id="1778" config-name="default" job-space-id="45966" job-space-path="QF_UF/PEQ" solver-id="1257" solver-name="CVC4 f7118b2"/>
<JobPair bench-id="408180" bench-name="PEQ012_size6.smt2" config-id="1781" config-name="default" job-space-id="45966" job-space-path="QF_UF/PEQ" solver-id="1259" solver-name="Yices-2.2.1-smtcomp2014"/>
<JobPair bench-id="408180" bench-name="PEQ012_size6.smt2" config-id="1815" config-name="default" job-space-id="45966" job-space-path="QF_UF/PEQ" solver-id="1286" solver-name="Z3-4.3.2.a054b099c1d6-x64-debian-6.0.6-SMT-COMP-2014"/>
<JobPair bench-id="408184" bench-name="PEQ013_size8.smt2" config-id="1778" config-name="default" job-space-id="45966" job-space-path="QF_UF/PEQ" solver-id="1257" solver-name="CVC4 f7118b2"/>
<JobPair bench-id="408184" bench-name="PEQ013_size8.smt2" config-id="1781" config-name="default" job-space-id="45966" job-space-path="QF_UF/PEQ" solver-id="1259" solver-name="Yices-2.2.1-smtcomp2014"/>
<JobPair bench-id="408184" bench-name="PEQ013_size8.smt2" config-id="1815" config-name="default" job-space-id="45966" job-space-path="QF_UF/PEQ" solver-id="1286" solver-name="Z3-4.3.2.a054b099c1d6-x64-debian-6.0.6-SMT-COMP-2014"/>
<JobPair bench-id="408192" bench-name="PEQ016_size7.smt2" config-id="1778" config-name="default" job-space-id="45966" job-space-path="QF_UF/PEQ" solver-id="1257" solver-name="CVC4 f7118b2"/>
<JobPair bench-id="408192" bench-name="PEQ016_size7.smt2" config-id="1781" config-name="default" job-space-id="45966" job-space-path="QF_UF/PEQ" solver-id="1259" solver-name="Yices-2.2.1-smtcomp2014"/>
<JobPair bench-id="408192" bench-name="PEQ016_size7.smt2" config-id="1815" config-name="default" job-space-id="45966" job-space-path="QF_UF/PEQ" solver-id="1286" solver-name="Z3-4.3.2.a054b099c1d6-x64-debian-6.0.6-SMT-COMP-2014"/>
<JobPair bench-id="408203" bench-name="PEQ020_size7.smt2" config-id="1778" config-name="default" job-space-id="45966" job-space-path="QF_UF/PEQ" solver-id="1257" solver-name="CVC4 f7118b2"/>
<JobPair bench-id="408203" bench-name="PEQ020_size7.smt2" config-id="1781" config-name="default" job-space-id="45966" job-space-path="QF_UF/PEQ" solver-id="1259" solver-name="Yices-2.2.1-smtcomp2014"/>
<JobPair bench-id="408203" bench-name="PEQ020_size7.smt2" config-id="1815" config-name="default" job-space-id="45966" job-space-path="QF_UF/PEQ" solver-id="1286" solver-name="Z3-4.3.2.a054b099c1d6-x64-debian-6.0.6-SMT-COMP-2014"/>
</Job>
</tns:Jobs>
