<?xml version="1.0" encoding="UTF-8"?><tns:Jobs xmlns:tns="https://www.starexec.org/starexec/public/batchJobSchema.xsd" xmlns:xsi="http://www.w3.org/2001/XMLSchema-instance" xsi:schemaLocation="https://www.starexec.org/starexec/public/batchJobSchema.xsd batchJobSchema.xsd">
<Job name="BV 06-23-2014 08.33">
<JobAttributes>
<description value="no description"/>
<queue-id value="-1"/>
<start-paused value="false"/>
<cpu-timeout value="36000"/>
<wallclock-timeout value="36000"/>
<mem-limit value="100.0"/>
<postproc-id value="111"/>
</JobAttributes>
<JobPair bench-id="893067" bench-name="small-synabs-fixpoint-2.smt2" config-id="1778" config-name="default" job-space-id="45251" job-space-path="BV/wintersteiger/fmsd13/fixpoint" solver-id="1257" solver-name="CVC4 f7118b2"/>
<JobPair bench-id="893067" bench-name="small-synabs-fixpoint-2.smt2" config-id="1815" config-name="default" job-space-id="45251" job-space-path="BV/wintersteiger/fmsd13/fixpoint" solver-id="1286" solver-name="Z3-4.3.2.a054b099c1d6-x64-debian-6.0.6-SMT-COMP-2014"/>
<JobPair bench-id="893007" bench-name="audio_ac97_rtstream.cpp.smt2" config-id="1778" config-name="default" job-space-id="45248" job-space-path="BV/wintersteiger/fmsd13/ranking" solver-id="1257" solver-name="CVC4 f7118b2"/>
<JobPair bench-id="893007" bench-name="audio_ac97_rtstream.cpp.smt2" config-id="1815" config-name="default" job-space-id="45248" job-space-path="BV/wintersteiger/fmsd13/ranking" solver-id="1286" solver-name="Z3-4.3.2.a054b099c1d6-x64-debian-6.0.6-SMT-COMP-2014"/>
<JobPair bench-id="893068" bench-name="small-pipeline-fixpoint-3.smt2" config-id="1778" config-name="default" job-space-id="45251" job-space-path="BV/wintersteiger/fmsd13/fixpoint" solver-id="1257" solver-name="CVC4 f7118b2"/>
<JobPair bench-id="893068" bench-name="small-pipeline-fixpoint-3.smt2" config-id="1815" config-name="default" job-space-id="45251" job-space-path="BV/wintersteiger/fmsd13/fixpoint" solver-id="1286" solver-name="Z3-4.3.2.a054b099c1d6-x64-debian-6.0.6-SMT-COMP-2014"/>
<JobPair bench-id="893008" bench-name="network_ndis_coisdn_TpiParam.c.smt2" config-id="1778" config-name="default" job-space-id="45248" job-space-path="BV/wintersteiger/fmsd13/ranking" solver-id="1257" solver-name="CVC4 f7118b2"/>
<JobPair bench-id="893008" bench-name="network_ndis_coisdn_TpiParam.c.smt2" config-id="1815" config-name="default" job-space-id="45248" job-space-path="BV/wintersteiger/fmsd13/ranking" solver-id="1286" solver-name="Z3-4.3.2.a054b099c1d6-x64-debian-6.0.6-SMT-COMP-2014"/>
<JobPair bench-id="893069" bench-name="small-seq-fixpoint-2.smt2" config-id="1778" config-name="default" job-space-id="45251" job-space-path="BV/wintersteiger/fmsd13/fixpoint" solver-id="1257" solver-name="CVC4 f7118b2"/>
<JobPair bench-id="893069" bench-name="small-seq-fixpoint-2.smt2" config-id="1815" config-name="default" job-space-id="45251" job-space-path="BV/wintersteiger/fmsd13/fixpoint" solver-id="1286" solver-name="Z3-4.3.2.a054b099c1d6-x64-debian-6.0.6-SMT-COMP-2014"/>
<JobPair bench-id="893009" bench-name="ir_smscir_io.c.smt2" config-id="1778" config-name="default" job-space-id="45248" job-space-path="BV/wintersteiger/fmsd13/ranking" solver-id="1257" solver-name="CVC4 f7118b2"/>
<JobPair bench-id="893009" bench-name="ir_smscir_io.c.smt2" config-id="1815" config-name="default" job-space-id="45248" job-space-path="BV/wintersteiger/fmsd13/ranking" solver-id="1286" solver-name="Z3-4.3.2.a054b099c1d6-x64-debian-6.0.6-SMT-COMP-2014"/>
<JobPair bench-id="893070" bench-name="small-swap1-fixpoint-7.smt2" config-id="1778" config-name="default" job-space-id="45251" job-space-path="BV/wintersteiger/fmsd13/fixpoint" solver-id="1257" solver-name="CVC4 f7118b2"/>
<JobPair bench-id="893070" bench-name="small-swap1-fixpoint-7.smt2" config-id="1815" config-name="default" job-space-id="45251" job-space-path="BV/wintersteiger/fmsd13/fixpoint" solver-id="1286" solver-name="Z3-4.3.2.a054b099c1d6-x64-debian-6.0.6-SMT-COMP-2014"/>
<JobPair bench-id="893010" bench-name="audio_fmsynth_miniport2.cpp.smt2" config-id="1778" config-name="default" job-space-id="45248" job-space-path="BV/wintersteiger/fmsd13/ranking" solver-id="1257" solver-name="CVC4 f7118b2"/>
<JobPair bench-id="893010" bench-name="audio_fmsynth_miniport2.cpp.smt2" config-id="1815" config-name="default" job-space-id="45248" job-space-path="BV/wintersteiger/fmsd13/ranking" solver-id="1286" solver-name="Z3-4.3.2.a054b099c1d6-x64-debian-6.0.6-SMT-COMP-2014"/>
<JobPair bench-id="893071" bench-name="cache-coherence-3-fixpoint-2.smt2" config-id="1778" config-name="default" job-space-id="45251" job-space-path="BV/wintersteiger/fmsd13/fixpoint" solver-id="1257" solver-name="CVC4 f7118b2"/>
<JobPair bench-id="893071" bench-name="cache-coherence-3-fixpoint-2.smt2" config-id="1815" config-name="default" job-space-id="45251" job-space-path="BV/wintersteiger/fmsd13/fixpoint" solver-id="1286" solver-name="Z3-4.3.2.a054b099c1d6-x64-debian-6.0.6-SMT-COMP-2014"/>
<JobPair bench-id="893011" bench-name="input_mouser_detect.c.smt2" config-id="1778" config-name="default" job-space-id="45248" job-space-path="BV/wintersteiger/fmsd13/ranking" solver-id="1257" solver-name="CVC4 f7118b2"/>
<JobPair bench-id="893011" bench-name="input_mouser_detect.c.smt2" config-id="1815" config-name="default" job-space-id="45248" job-space-path="BV/wintersteiger/fmsd13/ranking" solver-id="1286" solver-name="Z3-4.3.2.a054b099c1d6-x64-debian-6.0.6-SMT-COMP-2014"/>
<JobPair bench-id="893072" bench-name="itc-b13-fixpoint-10.smt2" config-id="1778" config-name="default" job-space-id="45251" job-space-path="BV/wintersteiger/fmsd13/fixpoint" solver-id="1257" solver-name="CVC4 f7118b2"/>
<JobPair bench-id="893072" bench-name="itc-b13-fixpoint-10.smt2" config-id="1815" config-name="default" job-space-id="45251" job-space-path="BV/wintersteiger/fmsd13/fixpoint" solver-id="1286" solver-name="Z3-4.3.2.a054b099c1d6-x64-debian-6.0.6-SMT-COMP-2014"/>
<JobPair bench-id="893012" bench-name="filesys_fastfat_allocsup.c.smt2" config-id="1778" config-name="default" job-space-id="45248" job-space-path="BV/wintersteiger/fmsd13/ranking" solver-id="1257" solver-name="CVC4 f7118b2"/>
<JobPair bench-id="893012" bench-name="filesys_fastfat_allocsup.c.smt2" config-id="1815" config-name="default" job-space-id="45248" job-space-path="BV/wintersteiger/fmsd13/ranking" solver-id="1286" solver-name="Z3-4.3.2.a054b099c1d6-x64-debian-6.0.6-SMT-COMP-2014"/>
<JobPair bench-id="893073" bench-name="small-dyn-partition-fixpoint-10.smt2" config-id="1778" config-name="default" job-space-id="45251" job-space-path="BV/wintersteiger/fmsd13/fixpoint" solver-id="1257" solver-name="CVC4 f7118b2"/>
<JobPair bench-id="893073" bench-name="small-dyn-partition-fixpoint-10.smt2" config-id="1815" config-name="default" job-space-id="45251" job-space-path="BV/wintersteiger/fmsd13/fixpoint" solver-id="1286" solver-name="Z3-4.3.2.a054b099c1d6-x64-debian-6.0.6-SMT-COMP-2014"/>
<JobPair bench-id="893013" bench-name="audio_ddksynth_csynth2.cpp.smt2" config-id="1778" config-name="default" job-space-id="45248" job-space-path="BV/wintersteiger/fmsd13/ranking" solver-id="1257" solver-name="CVC4 f7118b2"/>
<JobPair bench-id="893013" bench-name="audio_ddksynth_csynth2.cpp.smt2" config-id="1815" config-name="default" job-space-id="45248" job-space-path="BV/wintersteiger/fmsd13/ranking" solver-id="1286" solver-name="Z3-4.3.2.a054b099c1d6-x64-debian-6.0.6-SMT-COMP-2014"/>
<JobPair bench-id="893074" bench-name="small-seq-fixpoint-1.smt2" config-id="1778" config-name="default" job-space-id="45251" job-space-path="BV/wintersteiger/fmsd13/fixpoint" solver-id="1257" solver-name="CVC4 f7118b2"/>
<JobPair bench-id="893074" bench-name="small-seq-fixpoint-1.smt2" config-id="1815" config-name="default" job-space-id="45251" job-space-path="BV/wintersteiger/fmsd13/fixpoint" solver-id="1286" solver-name="Z3-4.3.2.a054b099c1d6-x64-debian-6.0.6-SMT-COMP-2014"/>
<JobPair bench-id="893014" bench-name="network_trans_sys_notify.c.smt2" config-id="1778" config-name="default" job-space-id="45248" job-space-path="BV/wintersteiger/fmsd13/ranking" solver-id="1257" solver-name="CVC4 f7118b2"/>
<JobPair bench-id="893014" bench-name="network_trans_sys_notify.c.smt2" config-id="1815" config-name="default" job-space-id="45248" job-space-path="BV/wintersteiger/fmsd13/ranking" solver-id="1286" solver-name="Z3-4.3.2.a054b099c1d6-x64-debian-6.0.6-SMT-COMP-2014"/>
<JobPair bench-id="893075" bench-name="usb-phy-fixpoint-1.smt2" config-id="1778" config-name="default" job-space-id="45251" job-space-path="BV/wintersteiger/fmsd13/fixpoint" solver-id="1257" solver-name="CVC4 f7118b2"/>
<JobPair bench-id="893075" bench-name="usb-phy-fixpoint-1.smt2" config-id="1815" config-name="default" job-space-id="45251" job-space-path="BV/wintersteiger/fmsd13/fixpoint" solver-id="1286" solver-name="Z3-4.3.2.a054b099c1d6-x64-debian-6.0.6-SMT-COMP-2014"/>
<JobPair bench-id="893015" bench-name="kernel_agplib_intrface.c.smt2" config-id="1778" config-name="default" job-space-id="45248" job-space-path="BV/wintersteiger/fmsd13/ranking" solver-id="1257" solver-name="CVC4 f7118b2"/>
<JobPair bench-id="893015" bench-name="kernel_agplib_intrface.c.smt2" config-id="1815" config-name="default" job-space-id="45248" job-space-path="BV/wintersteiger/fmsd13/ranking" solver-id="1286" solver-name="Z3-4.3.2.a054b099c1d6-x64-debian-6.0.6-SMT-COMP-2014"/>
<JobPair bench-id="893076" bench-name="small-seq-fixpoint-10.smt2" config-id="1778" config-name="default" job-space-id="45251" job-space-path="BV/wintersteiger/fmsd13/fixpoint" solver-id="1257" solver-name="CVC4 f7118b2"/>
<JobPair bench-id="893076" bench-name="small-seq-fixpoint-10.smt2" config-id="1815" config-name="default" job-space-id="45251" job-space-path="BV/wintersteiger/fmsd13/fixpoint" solver-id="1286" solver-name="Z3-4.3.2.a054b099c1d6-x64-debian-6.0.6-SMT-COMP-2014"/>
<JobPair bench-id="893016" bench-name="audio_ac97_wavepcistream.cpp.smt2" config-id="1778" config-name="default" job-space-id="45248" job-space-path="BV/wintersteiger/fmsd13/ranking" solver-id="1257" solver-name="CVC4 f7118b2"/>
<JobPair bench-id="893016" bench-name="audio_ac97_wavepcistream.cpp.smt2" config-id="1815" config-name="default" job-space-id="45248" job-space-path="BV/wintersteiger/fmsd13/ranking" solver-id="1286" solver-name="Z3-4.3.2.a054b099c1d6-x64-debian-6.0.6-SMT-COMP-2014"/>
<JobPair bench-id="893077" bench-name="small-dyn-partition-fixpoint-9.smt2" config-id="1778" config-name="default" job-space-id="45251" job-space-path="BV/wintersteiger/fmsd13/fixpoint" solver-id="1257" solver-name="CVC4 f7118b2"/>
<JobPair bench-id="893077" bench-name="small-dyn-partition-fixpoint-9.smt2" config-id="1815" config-name="default" job-space-id="45251" job-space-path="BV/wintersteiger/fmsd13/fixpoint" solver-id="1286" solver-name="Z3-4.3.2.a054b099c1d6-x64-debian-6.0.6-SMT-COMP-2014"/>
<JobPair bench-id="893017" bench-name="kmdf_AMCC5933_sys_S5933DK1.c.smt2" config-id="1778" config-name="default" job-space-id="45248" job-space-path="BV/wintersteiger/fmsd13/ranking" solver-id="1257" solver-name="CVC4 f7118b2"/>
<JobPair bench-id="893017" bench-name="kmdf_AMCC5933_sys_S5933DK1.c.smt2" config-id="1815" config-name="default" job-space-id="45248" job-space-path="BV/wintersteiger/fmsd13/ranking" solver-id="1286" solver-name="Z3-4.3.2.a054b099c1d6-x64-debian-6.0.6-SMT-COMP-2014"/>
<JobPair bench-id="893078" bench-name="ethernet-fixpoint-3.smt2" config-id="1778" config-name="default" job-space-id="45251" job-space-path="BV/wintersteiger/fmsd13/fixpoint" solver-id="1257" solver-name="CVC4 f7118b2"/>
<JobPair bench-id="893078" bench-name="ethernet-fixpoint-3.smt2" config-id="1815" config-name="default" job-space-id="45251" job-space-path="BV/wintersteiger/fmsd13/fixpoint" solver-id="1286" solver-name="Z3-4.3.2.a054b099c1d6-x64-debian-6.0.6-SMT-COMP-2014"/>
<JobPair bench-id="893018" bench-name="filesys_cdfs_allocsup.c.smt2" config-id="1778" config-name="default" job-space-id="45248" job-space-path="BV/wintersteiger/fmsd13/ranking" solver-id="1257" solver-name="CVC4 f7118b2"/>
<JobPair bench-id="893018" bench-name="filesys_cdfs_allocsup.c.smt2" config-id="1815" config-name="default" job-space-id="45248" job-space-path="BV/wintersteiger/fmsd13/ranking" solver-id="1286" solver-name="Z3-4.3.2.a054b099c1d6-x64-debian-6.0.6-SMT-COMP-2014"/>
<JobPair bench-id="893079" bench-name="small-swap1-fixpoint-10.smt2" config-id="1778" config-name="default" job-space-id="45251" job-space-path="BV/wintersteiger/fmsd13/fixpoint" solver-id="1257" solver-name="CVC4 f7118b2"/>
<JobPair bench-id="893079" bench-name="small-swap1-fixpoint-10.smt2" config-id="1815" config-name="default" job-space-id="45251" job-space-path="BV/wintersteiger/fmsd13/fixpoint" solver-id="1286" solver-name="Z3-4.3.2.a054b099c1d6-x64-debian-6.0.6-SMT-COMP-2014"/>
<JobPair bench-id="893019" bench-name="input_mouser_cseries.c.smt2" config-id="1778" config-name="default" job-space-id="45248" job-space-path="BV/wintersteiger/fmsd13/ranking" solver-id="1257" solver-name="CVC4 f7118b2"/>
<JobPair bench-id="893019" bench-name="input_mouser_cseries.c.smt2" config-id="1815" config-name="default" job-space-id="45248" job-space-path="BV/wintersteiger/fmsd13/ranking" solver-id="1286" solver-name="Z3-4.3.2.a054b099c1d6-x64-debian-6.0.6-SMT-COMP-2014"/>
<JobPair bench-id="893080" bench-name="usb-phy-fixpoint-4.smt2" config-id="1778" config-name="default" job-space-id="45251" job-space-path="BV/wintersteiger/fmsd13/fixpoint" solver-id="1257" solver-name="CVC4 f7118b2"/>
<JobPair bench-id="893080" bench-name="usb-phy-fixpoint-4.smt2" config-id="1815" config-name="default" job-space-id="45251" job-space-path="BV/wintersteiger/fmsd13/fixpoint" solver-id="1286" solver-name="Z3-4.3.2.a054b099c1d6-x64-debian-6.0.6-SMT-COMP-2014"/>
<JobPair bench-id="893020" bench-name="mmedia_gsm610_gsm6103.c.smt2" config-id="1778" config-name="default" job-space-id="45248" job-space-path="BV/wintersteiger/fmsd13/ranking" solver-id="1257" solver-name="CVC4 f7118b2"/>
<JobPair bench-id="893020" bench-name="mmedia_gsm610_gsm6103.c.smt2" config-id="1815" config-name="default" job-space-id="45248" job-space-path="BV/wintersteiger/fmsd13/ranking" solver-id="1286" solver-name="Z3-4.3.2.a054b099c1d6-x64-debian-6.0.6-SMT-COMP-2014"/>
<JobPair bench-id="893081" bench-name="AR-fixpoint-4.smt2" config-id="1778" config-name="default" job-space-id="45251" job-space-path="BV/wintersteiger/fmsd13/fixpoint" solver-id="1257" solver-name="CVC4 f7118b2"/>
<JobPair bench-id="893081" bench-name="AR-fixpoint-4.smt2" config-id="1815" config-name="default" job-space-id="45251" job-space-path="BV/wintersteiger/fmsd13/fixpoint" solver-id="1286" solver-name="Z3-4.3.2.a054b099c1d6-x64-debian-6.0.6-SMT-COMP-2014"/>
<JobPair bench-id="893021" bench-name="mmedia_gsm610_gsm610.c.smt2" config-id="1778" config-name="default" job-space-id="45248" job-space-path="BV/wintersteiger/fmsd13/ranking" solver-id="1257" solver-name="CVC4 f7118b2"/>
<JobPair bench-id="893021" bench-name="mmedia_gsm610_gsm610.c.smt2" config-id="1815" config-name="default" job-space-id="45248" job-space-path="BV/wintersteiger/fmsd13/ranking" solver-id="1286" solver-name="Z3-4.3.2.a054b099c1d6-x64-debian-6.0.6-SMT-COMP-2014"/>
<JobPair bench-id="893082" bench-name="small-equiv-fixpoint-1.smt2" config-id="1778" config-name="default" job-space-id="45251" job-space-path="BV/wintersteiger/fmsd13/fixpoint" solver-id="1257" solver-name="CVC4 f7118b2"/>
<JobPair bench-id="893082" bench-name="small-equiv-fixpoint-1.smt2" config-id="1815" config-name="default" job-space-id="45251" job-space-path="BV/wintersteiger/fmsd13/fixpoint" solver-id="1286" solver-name="Z3-4.3.2.a054b099c1d6-x64-debian-6.0.6-SMT-COMP-2014"/>
<JobPair bench-id="893022" bench-name="filesys_cdfs_namesup_noarray.c.smt2" config-id="1778" config-name="default" job-space-id="45248" job-space-path="BV/wintersteiger/fmsd13/ranking" solver-id="1257" solver-name="CVC4 f7118b2"/>
<JobPair bench-id="893022" bench-name="filesys_cdfs_namesup_noarray.c.smt2" config-id="1815" config-name="default" job-space-id="45248" job-space-path="BV/wintersteiger/fmsd13/ranking" solver-id="1286" solver-name="Z3-4.3.2.a054b099c1d6-x64-debian-6.0.6-SMT-COMP-2014"/>
<JobPair bench-id="893083" bench-name="small-pipeline-fixpoint-10.smt2" config-id="1778" config-name="default" job-space-id="45251" job-space-path="BV/wintersteiger/fmsd13/fixpoint" solver-id="1257" solver-name="CVC4 f7118b2"/>
<JobPair bench-id="893083" bench-name="small-pipeline-fixpoint-10.smt2" config-id="1815" config-name="default" job-space-id="45251" job-space-path="BV/wintersteiger/fmsd13/fixpoint" solver-id="1286" solver-name="Z3-4.3.2.a054b099c1d6-x64-debian-6.0.6-SMT-COMP-2014"/>
<JobPair bench-id="893023" bench-name="kmdf_osrusbfx2_exe_dump.c.smt2" config-id="1778" config-name="default" job-space-id="45248" job-space-path="BV/wintersteiger/fmsd13/ranking" solver-id="1257" solver-name="CVC4 f7118b2"/>
<JobPair bench-id="893023" bench-name="kmdf_osrusbfx2_exe_dump.c.smt2" config-id="1815" config-name="default" job-space-id="45248" job-space-path="BV/wintersteiger/fmsd13/ranking" solver-id="1286" solver-name="Z3-4.3.2.a054b099c1d6-x64-debian-6.0.6-SMT-COMP-2014"/>
<JobPair bench-id="893084" bench-name="small-swap1-fixpoint-2.smt2" config-id="1778" config-name="default" job-space-id="45251" job-space-path="BV/wintersteiger/fmsd13/fixpoint" solver-id="1257" solver-name="CVC4 f7118b2"/>
<JobPair bench-id="893084" bench-name="small-swap1-fixpoint-2.smt2" config-id="1815" config-name="default" job-space-id="45251" job-space-path="BV/wintersteiger/fmsd13/fixpoint" solver-id="1286" solver-name="Z3-4.3.2.a054b099c1d6-x64-debian-6.0.6-SMT-COMP-2014"/>
<JobPair bench-id="893024" bench-name="hid_hclient_ecdisp.c.smt2" config-id="1778" config-name="default" job-space-id="45248" job-space-path="BV/wintersteiger/fmsd13/ranking" solver-id="1257" solver-name="CVC4 f7118b2"/>
<JobPair bench-id="893024" bench-name="hid_hclient_ecdisp.c.smt2" config-id="1815" config-name="default" job-space-id="45248" job-space-path="BV/wintersteiger/fmsd13/ranking" solver-id="1286" solver-name="Z3-4.3.2.a054b099c1d6-x64-debian-6.0.6-SMT-COMP-2014"/>
<JobPair bench-id="893085" bench-name="cache-coherence-3-fixpoint-3.smt2" config-id="1778" config-name="default" job-space-id="45251" job-space-path="BV/wintersteiger/fmsd13/fixpoint" solver-id="1257" solver-name="CVC4 f7118b2"/>
<JobPair bench-id="893085" bench-name="cache-coherence-3-fixpoint-3.smt2" config-id="1815" config-name="default" job-space-id="45251" job-space-path="BV/wintersteiger/fmsd13/fixpoint" solver-id="1286" solver-name="Z3-4.3.2.a054b099c1d6-x64-debian-6.0.6-SMT-COMP-2014"/>
<JobPair bench-id="893025" bench-name="filesys_fastfat_cachesup.c.smt2" config-id="1778" config-name="default" job-space-id="45248" job-space-path="BV/wintersteiger/fmsd13/ranking" solver-id="1257" solver-name="CVC4 f7118b2"/>
<JobPair bench-id="893025" bench-name="filesys_fastfat_cachesup.c.smt2" config-id="1815" config-name="default" job-space-id="45248" job-space-path="BV/wintersteiger/fmsd13/ranking" solver-id="1286" solver-name="Z3-4.3.2.a054b099c1d6-x64-debian-6.0.6-SMT-COMP-2014"/>
<JobPair bench-id="893086" bench-name="AR-fixpoint-10.smt2" config-id="1778" config-name="default" job-space-id="45251" job-space-path="BV/wintersteiger/fmsd13/fixpoint" solver-id="1257" solver-name="CVC4 f7118b2"/>
<JobPair bench-id="893086" bench-name="AR-fixpoint-10.smt2" config-id="1815" config-name="default" job-space-id="45251" job-space-path="BV/wintersteiger/fmsd13/fixpoint" solver-id="1286" solver-name="Z3-4.3.2.a054b099c1d6-x64-debian-6.0.6-SMT-COMP-2014"/>
<JobPair bench-id="893026" bench-name="filesys_smbmrx_smbxchng.c.smt2" config-id="1778" config-name="default" job-space-id="45248" job-space-path="BV/wintersteiger/fmsd13/ranking" solver-id="1257" solver-name="CVC4 f7118b2"/>
<JobPair bench-id="893026" bench-name="filesys_smbmrx_smbxchng.c.smt2" config-id="1815" config-name="default" job-space-id="45248" job-space-path="BV/wintersteiger/fmsd13/ranking" solver-id="1286" solver-name="Z3-4.3.2.a054b099c1d6-x64-debian-6.0.6-SMT-COMP-2014"/>
<JobPair bench-id="893087" bench-name="AR-fixpoint-7.smt2" config-id="1778" config-name="default" job-space-id="45251" job-space-path="BV/wintersteiger/fmsd13/fixpoint" solver-id="1257" solver-name="CVC4 f7118b2"/>
<JobPair bench-id="893087" bench-name="AR-fixpoint-7.smt2" config-id="1815" config-name="default" job-space-id="45251" job-space-path="BV/wintersteiger/fmsd13/fixpoint" solver-id="1286" solver-name="Z3-4.3.2.a054b099c1d6-x64-debian-6.0.6-SMT-COMP-2014"/>
<JobPair bench-id="893027" bench-name="audio_ac97_common.cpp.smt2" config-id="1778" config-name="default" job-space-id="45248" job-space-path="BV/wintersteiger/fmsd13/ranking" solver-id="1257" solver-name="CVC4 f7118b2"/>
<JobPair bench-id="893027" bench-name="audio_ac97_common.cpp.smt2" config-id="1815" config-name="default" job-space-id="45248" job-space-path="BV/wintersteiger/fmsd13/ranking" solver-id="1286" solver-name="Z3-4.3.2.a054b099c1d6-x64-debian-6.0.6-SMT-COMP-2014"/>
<JobPair bench-id="893088" bench-name="sdlx-fixpoint-6.smt2" config-id="1778" config-name="default" job-space-id="45251" job-space-path="BV/wintersteiger/fmsd13/fixpoint" solver-id="1257" solver-name="CVC4 f7118b2"/>
<JobPair bench-id="893088" bench-name="sdlx-fixpoint-6.smt2" config-id="1815" config-name="default" job-space-id="45251" job-space-path="BV/wintersteiger/fmsd13/fixpoint" solver-id="1286" solver-name="Z3-4.3.2.a054b099c1d6-x64-debian-6.0.6-SMT-COMP-2014"/>
<JobPair bench-id="893028" bench-name="audio_gfxswap.xp_filter.cpp.smt2" config-id="1778" config-name="default" job-space-id="45248" job-space-path="BV/wintersteiger/fmsd13/ranking" solver-id="1257" solver-name="CVC4 f7118b2"/>
<JobPair bench-id="893028" bench-name="audio_gfxswap.xp_filter.cpp.smt2" config-id="1815" config-name="default" job-space-id="45248" job-space-path="BV/wintersteiger/fmsd13/ranking" solver-id="1286" solver-name="Z3-4.3.2.a054b099c1d6-x64-debian-6.0.6-SMT-COMP-2014"/>
<JobPair bench-id="893089" bench-name="small-synabs-fixpoint-10.smt2" config-id="1778" config-name="default" job-space-id="45251" job-space-path="BV/wintersteiger/fmsd13/fixpoint" solver-id="1257" solver-name="CVC4 f7118b2"/>
<JobPair bench-id="893089" bench-name="small-synabs-fixpoint-10.smt2" config-id="1815" config-name="default" job-space-id="45251" job-space-path="BV/wintersteiger/fmsd13/fixpoint" solver-id="1286" solver-name="Z3-4.3.2.a054b099c1d6-x64-debian-6.0.6-SMT-COMP-2014"/>
<JobPair bench-id="893029" bench-name="kmdf_pcidrv_sys_hw_physet.c.smt2" config-id="1778" config-name="default" job-space-id="45248" job-space-path="BV/wintersteiger/fmsd13/ranking" solver-id="1257" solver-name="CVC4 f7118b2"/>
<JobPair bench-id="893029" bench-name="kmdf_pcidrv_sys_hw_physet.c.smt2" config-id="1815" config-name="default" job-space-id="45248" job-space-path="BV/wintersteiger/fmsd13/ranking" solver-id="1286" solver-name="Z3-4.3.2.a054b099c1d6-x64-debian-6.0.6-SMT-COMP-2014"/>
<JobPair bench-id="893090" bench-name="small-bug1-fixpoint-7.smt2" config-id="1778" config-name="default" job-space-id="45251" job-space-path="BV/wintersteiger/fmsd13/fixpoint" solver-id="1257" solver-name="CVC4 f7118b2"/>
<JobPair bench-id="893090" bench-name="small-bug1-fixpoint-7.smt2" config-id="1815" config-name="default" job-space-id="45251" job-space-path="BV/wintersteiger/fmsd13/fixpoint" solver-id="1286" solver-name="Z3-4.3.2.a054b099c1d6-x64-debian-6.0.6-SMT-COMP-2014"/>
<JobPair bench-id="893030" bench-name="filesys_cdfs_namesup2.c.smt2" config-id="1778" config-name="default" job-space-id="45248" job-space-path="BV/wintersteiger/fmsd13/ranking" solver-id="1257" solver-name="CVC4 f7118b2"/>
<JobPair bench-id="893030" bench-name="filesys_cdfs_namesup2.c.smt2" config-id="1815" config-name="default" job-space-id="45248" job-space-path="BV/wintersteiger/fmsd13/ranking" solver-id="1286" solver-name="Z3-4.3.2.a054b099c1d6-x64-debian-6.0.6-SMT-COMP-2014"/>
<JobPair bench-id="893091" bench-name="small-bug1-fixpoint-2.smt2" config-id="1778" config-name="default" job-space-id="45251" job-space-path="BV/wintersteiger/fmsd13/fixpoint" solver-id="1257" solver-name="CVC4 f7118b2"/>
<JobPair bench-id="893091" bench-name="small-bug1-fixpoint-2.smt2" config-id="1815" config-name="default" job-space-id="45251" job-space-path="BV/wintersteiger/fmsd13/fixpoint" solver-id="1286" solver-name="Z3-4.3.2.a054b099c1d6-x64-debian-6.0.6-SMT-COMP-2014"/>
<JobPair bench-id="893031" bench-name="general_pcidrv_sys_hw_eeprom2.c.smt2" config-id="1778" config-name="default" job-space-id="45248" job-space-path="BV/wintersteiger/fmsd13/ranking" solver-id="1257" solver-name="CVC4 f7118b2"/>
<JobPair bench-id="893031" bench-name="general_pcidrv_sys_hw_eeprom2.c.smt2" config-id="1815" config-name="default" job-space-id="45248" job-space-path="BV/wintersteiger/fmsd13/ranking" solver-id="1286" solver-name="Z3-4.3.2.a054b099c1d6-x64-debian-6.0.6-SMT-COMP-2014"/>
<JobPair bench-id="893092" bench-name="small-dyn-partition-fixpoint-8.smt2" config-id="1778" config-name="default" job-space-id="45251" job-space-path="BV/wintersteiger/fmsd13/fixpoint" solver-id="1257" solver-name="CVC4 f7118b2"/>
<JobPair bench-id="893092" bench-name="small-dyn-partition-fixpoint-8.smt2" config-id="1815" config-name="default" job-space-id="45251" job-space-path="BV/wintersteiger/fmsd13/fixpoint" solver-id="1286" solver-name="Z3-4.3.2.a054b099c1d6-x64-debian-6.0.6-SMT-COMP-2014"/>
<JobPair bench-id="893032" bench-name="network_ndis_rtlnwifi_extsta_st_misc.c.smt2" config-id="1778" config-name="default" job-space-id="45248" job-space-path="BV/wintersteiger/fmsd13/ranking" solver-id="1257" solver-name="CVC4 f7118b2"/>
<JobPair bench-id="893032" bench-name="network_ndis_rtlnwifi_extsta_st_misc.c.smt2" config-id="1815" config-name="default" job-space-id="45248" job-space-path="BV/wintersteiger/fmsd13/ranking" solver-id="1286" solver-name="Z3-4.3.2.a054b099c1d6-x64-debian-6.0.6-SMT-COMP-2014"/>
<JobPair bench-id="893093" bench-name="small-swap2-fixpoint-2.smt2" config-id="1778" config-name="default" job-space-id="45251" job-space-path="BV/wintersteiger/fmsd13/fixpoint" solver-id="1257" solver-name="CVC4 f7118b2"/>
<JobPair bench-id="893093" bench-name="small-swap2-fixpoint-2.smt2" config-id="1815" config-name="default" job-space-id="45251" job-space-path="BV/wintersteiger/fmsd13/fixpoint" solver-id="1286" solver-name="Z3-4.3.2.a054b099c1d6-x64-debian-6.0.6-SMT-COMP-2014"/>
<JobPair bench-id="893033" bench-name="1394diag_isochapi.c.smt2" config-id="1778" config-name="default" job-space-id="45248" job-space-path="BV/wintersteiger/fmsd13/ranking" solver-id="1257" solver-name="CVC4 f7118b2"/>
<JobPair bench-id="893033" bench-name="1394diag_isochapi.c.smt2" config-id="1815" config-name="default" job-space-id="45248" job-space-path="BV/wintersteiger/fmsd13/ranking" solver-id="1286" solver-name="Z3-4.3.2.a054b099c1d6-x64-debian-6.0.6-SMT-COMP-2014"/>
<JobPair bench-id="893094" bench-name="small-synabs-fixpoint-7.smt2" config-id="1778" config-name="default" job-space-id="45251" job-space-path="BV/wintersteiger/fmsd13/fixpoint" solver-id="1257" solver-name="CVC4 f7118b2"/>
<JobPair bench-id="893094" bench-name="small-synabs-fixpoint-7.smt2" config-id="1815" config-name="default" job-space-id="45251" job-space-path="BV/wintersteiger/fmsd13/fixpoint" solver-id="1286" solver-name="Z3-4.3.2.a054b099c1d6-x64-debian-6.0.6-SMT-COMP-2014"/>
<JobPair bench-id="893034" bench-name="input_pnpi8042_moudep.c.smt2" config-id="1778" config-name="default" job-space-id="45248" job-space-path="BV/wintersteiger/fmsd13/ranking" solver-id="1257" solver-name="CVC4 f7118b2"/>
<JobPair bench-id="893034" bench-name="input_pnpi8042_moudep.c.smt2" config-id="1815" config-name="default" job-space-id="45248" job-space-path="BV/wintersteiger/fmsd13/ranking" solver-id="1286" solver-name="Z3-4.3.2.a054b099c1d6-x64-debian-6.0.6-SMT-COMP-2014"/>
<JobPair bench-id="893095" bench-name="cache-coherence-2-fixpoint-4.smt2" config-id="1778" config-name="default" job-space-id="45251" job-space-path="BV/wintersteiger/fmsd13/fixpoint" solver-id="1257" solver-name="CVC4 f7118b2"/>
<JobPair bench-id="893095" bench-name="cache-coherence-2-fixpoint-4.smt2" config-id="1815" config-name="default" job-space-id="45251" job-space-path="BV/wintersteiger/fmsd13/fixpoint" solver-id="1286" solver-name="Z3-4.3.2.a054b099c1d6-x64-debian-6.0.6-SMT-COMP-2014"/>
<JobPair bench-id="893035" bench-name="audio_fmsynth_miniport.cpp.smt2" config-id="1778" config-name="default" job-space-id="45248" job-space-path="BV/wintersteiger/fmsd13/ranking" solver-id="1257" solver-name="CVC4 f7118b2"/>
<JobPair bench-id="893035" bench-name="audio_fmsynth_miniport.cpp.smt2" config-id="1815" config-name="default" job-space-id="45248" job-space-path="BV/wintersteiger/fmsd13/ranking" solver-id="1286" solver-name="Z3-4.3.2.a054b099c1d6-x64-debian-6.0.6-SMT-COMP-2014"/>
<JobPair bench-id="893096" bench-name="small-swap2-fixpoint-3.smt2" config-id="1778" config-name="default" job-space-id="45251" job-space-path="BV/wintersteiger/fmsd13/fixpoint" solver-id="1257" solver-name="CVC4 f7118b2"/>
<JobPair bench-id="893096" bench-name="small-swap2-fixpoint-3.smt2" config-id="1815" config-name="default" job-space-id="45251" job-space-path="BV/wintersteiger/fmsd13/fixpoint" solver-id="1286" solver-name="Z3-4.3.2.a054b099c1d6-x64-debian-6.0.6-SMT-COMP-2014"/>
<JobPair bench-id="893036" bench-name="general_toaster_exe_notify_notify.c.smt2" config-id="1778" config-name="default" job-space-id="45248" job-space-path="BV/wintersteiger/fmsd13/ranking" solver-id="1257" solver-name="CVC4 f7118b2"/>
<JobPair bench-id="893036" bench-name="general_toaster_exe_notify_notify.c.smt2" config-id="1815" config-name="default" job-space-id="45248" job-space-path="BV/wintersteiger/fmsd13/ranking" solver-id="1286" solver-name="Z3-4.3.2.a054b099c1d6-x64-debian-6.0.6-SMT-COMP-2014"/>
<JobPair bench-id="893097" bench-name="small-equiv-fixpoint-6.smt2" config-id="1778" config-name="default" job-space-id="45251" job-space-path="BV/wintersteiger/fmsd13/fixpoint" solver-id="1257" solver-name="CVC4 f7118b2"/>
<JobPair bench-id="893097" bench-name="small-equiv-fixpoint-6.smt2" config-id="1815" config-name="default" job-space-id="45251" job-space-path="BV/wintersteiger/fmsd13/fixpoint" solver-id="1286" solver-name="Z3-4.3.2.a054b099c1d6-x64-debian-6.0.6-SMT-COMP-2014"/>
<JobPair bench-id="893037" bench-name="kmdf_usbsamp_sys_queue.c.smt2" config-id="1778" config-name="default" job-space-id="45248" job-space-path="BV/wintersteiger/fmsd13/ranking" solver-id="1257" solver-name="CVC4 f7118b2"/>
<JobPair bench-id="893037" bench-name="kmdf_usbsamp_sys_queue.c.smt2" config-id="1815" config-name="default" job-space-id="45248" job-space-path="BV/wintersteiger/fmsd13/ranking" solver-id="1286" solver-name="Z3-4.3.2.a054b099c1d6-x64-debian-6.0.6-SMT-COMP-2014"/>
<JobPair bench-id="893098" bench-name="small-synabs-fixpoint-6.smt2" config-id="1778" config-name="default" job-space-id="45251" job-space-path="BV/wintersteiger/fmsd13/fixpoint" solver-id="1257" solver-name="CVC4 f7118b2"/>
<JobPair bench-id="893098" bench-name="small-synabs-fixpoint-6.smt2" config-id="1815" config-name="default" job-space-id="45251" job-space-path="BV/wintersteiger/fmsd13/fixpoint" solver-id="1286" solver-name="Z3-4.3.2.a054b099c1d6-x64-debian-6.0.6-SMT-COMP-2014"/>
<JobPair bench-id="893038" bench-name="audio_sysfx_swap.cpp.smt2" config-id="1778" config-name="default" job-space-id="45248" job-space-path="BV/wintersteiger/fmsd13/ranking" solver-id="1257" solver-name="CVC4 f7118b2"/>
<JobPair bench-id="893038" bench-name="audio_sysfx_swap.cpp.smt2" config-id="1815" config-name="default" job-space-id="45248" job-space-path="BV/wintersteiger/fmsd13/ranking" solver-id="1286" solver-name="Z3-4.3.2.a054b099c1d6-x64-debian-6.0.6-SMT-COMP-2014"/>
<JobPair bench-id="893099" bench-name="small-pipeline-fixpoint-6.smt2" config-id="1778" config-name="default" job-space-id="45251" job-space-path="BV/wintersteiger/fmsd13/fixpoint" solver-id="1257" solver-name="CVC4 f7118b2"/>
<JobPair bench-id="893099" bench-name="small-pipeline-fixpoint-6.smt2" config-id="1815" config-name="default" job-space-id="45251" job-space-path="BV/wintersteiger/fmsd13/fixpoint" solver-id="1286" solver-name="Z3-4.3.2.a054b099c1d6-x64-debian-6.0.6-SMT-COMP-2014"/>
<JobPair bench-id="893039" bench-name="network_ndis_rtlnwifi_hw_hw_ccmp.c.smt2" config-id="1778" config-name="default" job-space-id="45248" job-space-path="BV/wintersteiger/fmsd13/ranking" solver-id="1257" solver-name="CVC4 f7118b2"/>
<JobPair bench-id="893039" bench-name="network_ndis_rtlnwifi_hw_hw_ccmp.c.smt2" config-id="1815" config-name="default" job-space-id="45248" job-space-path="BV/wintersteiger/fmsd13/ranking" solver-id="1286" solver-name="Z3-4.3.2.a054b099c1d6-x64-debian-6.0.6-SMT-COMP-2014"/>
<JobPair bench-id="893100" bench-name="small-bug1-fixpoint-3.smt2" config-id="1778" config-name="default" job-space-id="45251" job-space-path="BV/wintersteiger/fmsd13/fixpoint" solver-id="1257" solver-name="CVC4 f7118b2"/>
<JobPair bench-id="893100" bench-name="small-bug1-fixpoint-3.smt2" config-id="1815" config-name="default" job-space-id="45251" job-space-path="BV/wintersteiger/fmsd13/fixpoint" solver-id="1286" solver-name="Z3-4.3.2.a054b099c1d6-x64-debian-6.0.6-SMT-COMP-2014"/>
<JobPair bench-id="893040" bench-name="filesys_fastfat_easup.c.smt2" config-id="1778" config-name="default" job-space-id="45248" job-space-path="BV/wintersteiger/fmsd13/ranking" solver-id="1257" solver-name="CVC4 f7118b2"/>
<JobPair bench-id="893040" bench-name="filesys_fastfat_easup.c.smt2" config-id="1815" config-name="default" job-space-id="45248" job-space-path="BV/wintersteiger/fmsd13/ranking" solver-id="1286" solver-name="Z3-4.3.2.a054b099c1d6-x64-debian-6.0.6-SMT-COMP-2014"/>
<JobPair bench-id="893101" bench-name="itc-b13-fixpoint-5.smt2" config-id="1778" config-name="default" job-space-id="45251" job-space-path="BV/wintersteiger/fmsd13/fixpoint" solver-id="1257" solver-name="CVC4 f7118b2"/>
<JobPair bench-id="893101" bench-name="itc-b13-fixpoint-5.smt2" config-id="1815" config-name="default" job-space-id="45251" job-space-path="BV/wintersteiger/fmsd13/fixpoint" solver-id="1286" solver-name="Z3-4.3.2.a054b099c1d6-x64-debian-6.0.6-SMT-COMP-2014"/>
<JobPair bench-id="893041" bench-name="filesys_cdfs_cddata.c.smt2" config-id="1778" config-name="default" job-space-id="45248" job-space-path="BV/wintersteiger/fmsd13/ranking" solver-id="1257" solver-name="CVC4 f7118b2"/>
<JobPair bench-id="893041" bench-name="filesys_cdfs_cddata.c.smt2" config-id="1815" config-name="default" job-space-id="45248" job-space-path="BV/wintersteiger/fmsd13/ranking" solver-id="1286" solver-name="Z3-4.3.2.a054b099c1d6-x64-debian-6.0.6-SMT-COMP-2014"/>
<JobPair bench-id="893102" bench-name="small-bug1-fixpoint-10.smt2" config-id="1778" config-name="default" job-space-id="45251" job-space-path="BV/wintersteiger/fmsd13/fixpoint" solver-id="1257" solver-name="CVC4 f7118b2"/>
<JobPair bench-id="893102" bench-name="small-bug1-fixpoint-10.smt2" config-id="1815" config-name="default" job-space-id="45251" job-space-path="BV/wintersteiger/fmsd13/fixpoint" solver-id="1286" solver-name="Z3-4.3.2.a054b099c1d6-x64-debian-6.0.6-SMT-COMP-2014"/>
<JobPair bench-id="893042" bench-name="audio_ddksynth_csynth.cpp.smt2" config-id="1778" config-name="default" job-space-id="45248" job-space-path="BV/wintersteiger/fmsd13/ranking" solver-id="1257" solver-name="CVC4 f7118b2"/>
<JobPair bench-id="893042" bench-name="audio_ddksynth_csynth.cpp.smt2" config-id="1815" config-name="default" job-space-id="45248" job-space-path="BV/wintersteiger/fmsd13/ranking" solver-id="1286" solver-name="Z3-4.3.2.a054b099c1d6-x64-debian-6.0.6-SMT-COMP-2014"/>
<JobPair bench-id="893103" bench-name="sdlx-fixpoint-9.smt2" config-id="1778" config-name="default" job-space-id="45251" job-space-path="BV/wintersteiger/fmsd13/fixpoint" solver-id="1257" solver-name="CVC4 f7118b2"/>
<JobPair bench-id="893103" bench-name="sdlx-fixpoint-9.smt2" config-id="1815" config-name="default" job-space-id="45251" job-space-path="BV/wintersteiger/fmsd13/fixpoint" solver-id="1286" solver-name="Z3-4.3.2.a054b099c1d6-x64-debian-6.0.6-SMT-COMP-2014"/>
<JobPair bench-id="893043" bench-name="AVStream_image.cpp.smt2" config-id="1778" config-name="default" job-space-id="45248" job-space-path="BV/wintersteiger/fmsd13/ranking" solver-id="1257" solver-name="CVC4 f7118b2"/>
<JobPair bench-id="893043" bench-name="AVStream_image.cpp.smt2" config-id="1815" config-name="default" job-space-id="45248" job-space-path="BV/wintersteiger/fmsd13/ranking" solver-id="1286" solver-name="Z3-4.3.2.a054b099c1d6-x64-debian-6.0.6-SMT-COMP-2014"/>
<JobPair bench-id="893104" bench-name="small-bug1-fixpoint-1.smt2" config-id="1778" config-name="default" job-space-id="45251" job-space-path="BV/wintersteiger/fmsd13/fixpoint" solver-id="1257" solver-name="CVC4 f7118b2"/>
<JobPair bench-id="893104" bench-name="small-bug1-fixpoint-1.smt2" config-id="1815" config-name="default" job-space-id="45251" job-space-path="BV/wintersteiger/fmsd13/fixpoint" solver-id="1286" solver-name="Z3-4.3.2.a054b099c1d6-x64-debian-6.0.6-SMT-COMP-2014"/>
<JobPair bench-id="893044" bench-name="network_ndis_rtlnwifi_extsta_st_aplst.c.smt2" config-id="1778" config-name="default" job-space-id="45248" job-space-path="BV/wintersteiger/fmsd13/ranking" solver-id="1257" solver-name="CVC4 f7118b2"/>
<JobPair bench-id="893044" bench-name="network_ndis_rtlnwifi_extsta_st_aplst.c.smt2" config-id="1815" config-name="default" job-space-id="45248" job-space-path="BV/wintersteiger/fmsd13/ranking" solver-id="1286" solver-name="Z3-4.3.2.a054b099c1d6-x64-debian-6.0.6-SMT-COMP-2014"/>
<JobPair bench-id="893105" bench-name="small-pipeline-fixpoint-8.smt2" config-id="1778" config-name="default" job-space-id="45251" job-space-path="BV/wintersteiger/fmsd13/fixpoint" solver-id="1257" solver-name="CVC4 f7118b2"/>
<JobPair bench-id="893105" bench-name="small-pipeline-fixpoint-8.smt2" config-id="1815" config-name="default" job-space-id="45251" job-space-path="BV/wintersteiger/fmsd13/fixpoint" solver-id="1286" solver-name="Z3-4.3.2.a054b099c1d6-x64-debian-6.0.6-SMT-COMP-2014"/>
<JobPair bench-id="893045" bench-name="kmdf_osrusbfx2_exe_testapp.c.smt2" config-id="1778" config-name="default" job-space-id="45248" job-space-path="BV/wintersteiger/fmsd13/ranking" solver-id="1257" solver-name="CVC4 f7118b2"/>
<JobPair bench-id="893045" bench-name="kmdf_osrusbfx2_exe_testapp.c.smt2" config-id="1815" config-name="default" job-space-id="45248" job-space-path="BV/wintersteiger/fmsd13/ranking" solver-id="1286" solver-name="Z3-4.3.2.a054b099c1d6-x64-debian-6.0.6-SMT-COMP-2014"/>
<JobPair bench-id="893106" bench-name="small-swap1-fixpoint-5.smt2" config-id="1778" config-name="default" job-space-id="45251" job-space-path="BV/wintersteiger/fmsd13/fixpoint" solver-id="1257" solver-name="CVC4 f7118b2"/>
<JobPair bench-id="893106" bench-name="small-swap1-fixpoint-5.smt2" config-id="1815" config-name="default" job-space-id="45251" job-space-path="BV/wintersteiger/fmsd13/fixpoint" solver-id="1286" solver-name="Z3-4.3.2.a054b099c1d6-x64-debian-6.0.6-SMT-COMP-2014"/>
<JobPair bench-id="893046" bench-name="mmedia_gsm610_gsm6102.c.smt2" config-id="1778" config-name="default" job-space-id="45248" job-space-path="BV/wintersteiger/fmsd13/ranking" solver-id="1257" solver-name="CVC4 f7118b2"/>
<JobPair bench-id="893046" bench-name="mmedia_gsm610_gsm6102.c.smt2" config-id="1815" config-name="default" job-space-id="45248" job-space-path="BV/wintersteiger/fmsd13/ranking" solver-id="1286" solver-name="Z3-4.3.2.a054b099c1d6-x64-debian-6.0.6-SMT-COMP-2014"/>
<JobPair bench-id="893107" bench-name="ethernet-fixpoint-2.smt2" config-id="1778" config-name="default" job-space-id="45251" job-space-path="BV/wintersteiger/fmsd13/fixpoint" solver-id="1257" solver-name="CVC4 f7118b2"/>
<JobPair bench-id="893107" bench-name="ethernet-fixpoint-2.smt2" config-id="1815" config-name="default" job-space-id="45251" job-space-path="BV/wintersteiger/fmsd13/fixpoint" solver-id="1286" solver-name="Z3-4.3.2.a054b099c1d6-x64-debian-6.0.6-SMT-COMP-2014"/>
<JobPair bench-id="893047" bench-name="audio_ac97_wavepcistream3.cpp.smt2" config-id="1778" config-name="default" job-space-id="45248" job-space-path="BV/wintersteiger/fmsd13/ranking" solver-id="1257" solver-name="CVC4 f7118b2"/>
<JobPair bench-id="893047" bench-name="audio_ac97_wavepcistream3.cpp.smt2" config-id="1815" config-name="default" job-space-id="45248" job-space-path="BV/wintersteiger/fmsd13/ranking" solver-id="1286" solver-name="Z3-4.3.2.a054b099c1d6-x64-debian-6.0.6-SMT-COMP-2014"/>
<JobPair bench-id="893108" bench-name="small-pipeline-fixpoint-4.smt2" config-id="1778" config-name="default" job-space-id="45251" job-space-path="BV/wintersteiger/fmsd13/fixpoint" solver-id="1257" solver-name="CVC4 f7118b2"/>
<JobPair bench-id="893108" bench-name="small-pipeline-fixpoint-4.smt2" config-id="1815" config-name="default" job-space-id="45251" job-space-path="BV/wintersteiger/fmsd13/fixpoint" solver-id="1286" solver-name="Z3-4.3.2.a054b099c1d6-x64-debian-6.0.6-SMT-COMP-2014"/>
<JobPair bench-id="893048" bench-name="audio_ddksynth_voice.cpp.smt2" config-id="1778" config-name="default" job-space-id="45248" job-space-path="BV/wintersteiger/fmsd13/ranking" solver-id="1257" solver-name="CVC4 f7118b2"/>
<JobPair bench-id="893048" bench-name="audio_ddksynth_voice.cpp.smt2" config-id="1815" config-name="default" job-space-id="45248" job-space-path="BV/wintersteiger/fmsd13/ranking" solver-id="1286" solver-name="Z3-4.3.2.a054b099c1d6-x64-debian-6.0.6-SMT-COMP-2014"/>
<JobPair bench-id="893109" bench-name="small-equiv-fixpoint-10.smt2" config-id="1778" config-name="default" job-space-id="45251" job-space-path="BV/wintersteiger/fmsd13/fixpoint" solver-id="1257" solver-name="CVC4 f7118b2"/>
<JobPair bench-id="893109" bench-name="small-equiv-fixpoint-10.smt2" config-id="1815" config-name="default" job-space-id="45251" job-space-path="BV/wintersteiger/fmsd13/fixpoint" solver-id="1286" solver-name="Z3-4.3.2.a054b099c1d6-x64-debian-6.0.6-SMT-COMP-2014"/>
<JobPair bench-id="893049" bench-name="filesys_filter_namelookup.c.smt2" config-id="1778" config-name="default" job-space-id="45248" job-space-path="BV/wintersteiger/fmsd13/ranking" solver-id="1257" solver-name="CVC4 f7118b2"/>
<JobPair bench-id="893049" bench-name="filesys_filter_namelookup.c.smt2" config-id="1815" config-name="default" job-space-id="45248" job-space-path="BV/wintersteiger/fmsd13/ranking" solver-id="1286" solver-name="Z3-4.3.2.a054b099c1d6-x64-debian-6.0.6-SMT-COMP-2014"/>
<JobPair bench-id="893110" bench-name="small-swap2-fixpoint-1.smt2" config-id="1778" config-name="default" job-space-id="45251" job-space-path="BV/wintersteiger/fmsd13/fixpoint" solver-id="1257" solver-name="CVC4 f7118b2"/>
<JobPair bench-id="893110" bench-name="small-swap2-fixpoint-1.smt2" config-id="1815" config-name="default" job-space-id="45251" job-space-path="BV/wintersteiger/fmsd13/fixpoint" solver-id="1286" solver-name="Z3-4.3.2.a054b099c1d6-x64-debian-6.0.6-SMT-COMP-2014"/>
<JobPair bench-id="893050" bench-name="network_usbnwifi_mp_util.c.smt2" config-id="1778" config-name="default" job-space-id="45248" job-space-path="BV/wintersteiger/fmsd13/ranking" solver-id="1257" solver-name="CVC4 f7118b2"/>
<JobPair bench-id="893050" bench-name="network_usbnwifi_mp_util.c.smt2" config-id="1815" config-name="default" job-space-id="45248" job-space-path="BV/wintersteiger/fmsd13/ranking" solver-id="1286" solver-name="Z3-4.3.2.a054b099c1d6-x64-debian-6.0.6-SMT-COMP-2014"/>
<JobPair bench-id="893111" bench-name="small-pipeline-fixpoint-1.smt2" config-id="1778" config-name="default" job-space-id="45251" job-space-path="BV/wintersteiger/fmsd13/fixpoint" solver-id="1257" solver-name="CVC4 f7118b2"/>
<JobPair bench-id="893111" bench-name="small-pipeline-fixpoint-1.smt2" config-id="1815" config-name="default" job-space-id="45251" job-space-path="BV/wintersteiger/fmsd13/fixpoint" solver-id="1286" solver-name="Z3-4.3.2.a054b099c1d6-x64-debian-6.0.6-SMT-COMP-2014"/>
<JobPair bench-id="893051" bench-name="hid_firefly_app_firefly.cpp.smt2" config-id="1778" config-name="default" job-space-id="45248" job-space-path="BV/wintersteiger/fmsd13/ranking" solver-id="1257" solver-name="CVC4 f7118b2"/>
<JobPair bench-id="893051" bench-name="hid_firefly_app_firefly.cpp.smt2" config-id="1815" config-name="default" job-space-id="45248" job-space-path="BV/wintersteiger/fmsd13/ranking" solver-id="1286" solver-name="Z3-4.3.2.a054b099c1d6-x64-debian-6.0.6-SMT-COMP-2014"/>
<JobPair bench-id="893112" bench-name="pi-bus-fixpoint-1.smt2" config-id="1778" config-name="default" job-space-id="45251" job-space-path="BV/wintersteiger/fmsd13/fixpoint" solver-id="1257" solver-name="CVC4 f7118b2"/>
<JobPair bench-id="893112" bench-name="pi-bus-fixpoint-1.smt2" config-id="1815" config-name="default" job-space-id="45251" job-space-path="BV/wintersteiger/fmsd13/fixpoint" solver-id="1286" solver-name="Z3-4.3.2.a054b099c1d6-x64-debian-6.0.6-SMT-COMP-2014"/>
<JobPair bench-id="893052" bench-name="network_irda_miniport_nscirda_settings.c.smt2" config-id="1778" config-name="default" job-space-id="45248" job-space-path="BV/wintersteiger/fmsd13/ranking" solver-id="1257" solver-name="CVC4 f7118b2"/>
<JobPair bench-id="893052" bench-name="network_irda_miniport_nscirda_settings.c.smt2" config-id="1815" config-name="default" job-space-id="45248" job-space-path="BV/wintersteiger/fmsd13/ranking" solver-id="1286" solver-name="Z3-4.3.2.a054b099c1d6-x64-debian-6.0.6-SMT-COMP-2014"/>
<JobPair bench-id="893113" bench-name="small-swap2-fixpoint-5.smt2" config-id="1778" config-name="default" job-space-id="45251" job-space-path="BV/wintersteiger/fmsd13/fixpoint" solver-id="1257" solver-name="CVC4 f7118b2"/>
<JobPair bench-id="893113" bench-name="small-swap2-fixpoint-5.smt2" config-id="1815" config-name="default" job-space-id="45251" job-space-path="BV/wintersteiger/fmsd13/fixpoint" solver-id="1286" solver-name="Z3-4.3.2.a054b099c1d6-x64-debian-6.0.6-SMT-COMP-2014"/>
<JobPair bench-id="893053" bench-name="1394diag_ioctl.c.smt2" config-id="1778" config-name="default" job-space-id="45248" job-space-path="BV/wintersteiger/fmsd13/ranking" solver-id="1257" solver-name="CVC4 f7118b2"/>
<JobPair bench-id="893053" bench-name="1394diag_ioctl.c.smt2" config-id="1815" config-name="default" job-space-id="45248" job-space-path="BV/wintersteiger/fmsd13/ranking" solver-id="1286" solver-name="Z3-4.3.2.a054b099c1d6-x64-debian-6.0.6-SMT-COMP-2014"/>
<JobPair bench-id="893114" bench-name="itc-b13-fixpoint-3.smt2" config-id="1778" config-name="default" job-space-id="45251" job-space-path="BV/wintersteiger/fmsd13/fixpoint" solver-id="1257" solver-name="CVC4 f7118b2"/>
<JobPair bench-id="893114" bench-name="itc-b13-fixpoint-3.smt2" config-id="1815" config-name="default" job-space-id="45251" job-space-path="BV/wintersteiger/fmsd13/fixpoint" solver-id="1286" solver-name="Z3-4.3.2.a054b099c1d6-x64-debian-6.0.6-SMT-COMP-2014"/>
<JobPair bench-id="893054" bench-name="kmdf_pcidrv_sys_hw_nic_init.c.smt2" config-id="1778" config-name="default" job-space-id="45248" job-space-path="BV/wintersteiger/fmsd13/ranking" solver-id="1257" solver-name="CVC4 f7118b2"/>
<JobPair bench-id="893054" bench-name="kmdf_pcidrv_sys_hw_nic_init.c.smt2" config-id="1815" config-name="default" job-space-id="45248" job-space-path="BV/wintersteiger/fmsd13/ranking" solver-id="1286" solver-name="Z3-4.3.2.a054b099c1d6-x64-debian-6.0.6-SMT-COMP-2014"/>
<JobPair bench-id="893115" bench-name="itc-b13-fixpoint-7.smt2" config-id="1778" config-name="default" job-space-id="45251" job-space-path="BV/wintersteiger/fmsd13/fixpoint" solver-id="1257" solver-name="CVC4 f7118b2"/>
<JobPair bench-id="893115" bench-name="itc-b13-fixpoint-7.smt2" config-id="1815" config-name="default" job-space-id="45251" job-space-path="BV/wintersteiger/fmsd13/fixpoint" solver-id="1286" solver-name="Z3-4.3.2.a054b099c1d6-x64-debian-6.0.6-SMT-COMP-2014"/>
<JobPair bench-id="893055" bench-name="filesys_smbmrx_cvsndrcv.c.smt2" config-id="1778" config-name="default" job-space-id="45248" job-space-path="BV/wintersteiger/fmsd13/ranking" solver-id="1257" solver-name="CVC4 f7118b2"/>
<JobPair bench-id="893055" bench-name="filesys_smbmrx_cvsndrcv.c.smt2" config-id="1815" config-name="default" job-space-id="45248" job-space-path="BV/wintersteiger/fmsd13/ranking" solver-id="1286" solver-name="Z3-4.3.2.a054b099c1d6-x64-debian-6.0.6-SMT-COMP-2014"/>
<JobPair bench-id="893116" bench-name="small-synabs-fixpoint-8.smt2" config-id="1778" config-name="default" job-space-id="45251" job-space-path="BV/wintersteiger/fmsd13/fixpoint" solver-id="1257" solver-name="CVC4 f7118b2"/>
<JobPair bench-id="893116" bench-name="small-synabs-fixpoint-8.smt2" config-id="1815" config-name="default" job-space-id="45251" job-space-path="BV/wintersteiger/fmsd13/fixpoint" solver-id="1286" solver-name="Z3-4.3.2.a054b099c1d6-x64-debian-6.0.6-SMT-COMP-2014"/>
<JobPair bench-id="893056" bench-name="network_ndis_e100bex_5x_kd_mp_dbg.c.smt2" config-id="1778" config-name="default" job-space-id="45248" job-space-path="BV/wintersteiger/fmsd13/ranking" solver-id="1257" solver-name="CVC4 f7118b2"/>
<JobPair bench-id="893056" bench-name="network_ndis_e100bex_5x_kd_mp_dbg.c.smt2" config-id="1815" config-name="default" job-space-id="45248" job-space-path="BV/wintersteiger/fmsd13/ranking" solver-id="1286" solver-name="Z3-4.3.2.a054b099c1d6-x64-debian-6.0.6-SMT-COMP-2014"/>
<JobPair bench-id="893117" bench-name="small-dyn-partition-fixpoint-3.smt2" config-id="1778" config-name="default" job-space-id="45251" job-space-path="BV/wintersteiger/fmsd13/fixpoint" solver-id="1257" solver-name="CVC4 f7118b2"/>
<JobPair bench-id="893117" bench-name="small-dyn-partition-fixpoint-3.smt2" config-id="1815" config-name="default" job-space-id="45251" job-space-path="BV/wintersteiger/fmsd13/fixpoint" solver-id="1286" solver-name="Z3-4.3.2.a054b099c1d6-x64-debian-6.0.6-SMT-COMP-2014"/>
<JobPair bench-id="893057" bench-name="audio_dmusuart_mpu.cpp.smt2" config-id="1778" config-name="default" job-space-id="45248" job-space-path="BV/wintersteiger/fmsd13/ranking" solver-id="1257" solver-name="CVC4 f7118b2"/>
<JobPair bench-id="893057" bench-name="audio_dmusuart_mpu.cpp.smt2" config-id="1815" config-name="default" job-space-id="45248" job-space-path="BV/wintersteiger/fmsd13/ranking" solver-id="1286" solver-name="Z3-4.3.2.a054b099c1d6-x64-debian-6.0.6-SMT-COMP-2014"/>
<JobPair bench-id="893118" bench-name="small-swap2-fixpoint-7.smt2" config-id="1778" config-name="default" job-space-id="45251" job-space-path="BV/wintersteiger/fmsd13/fixpoint" solver-id="1257" solver-name="CVC4 f7118b2"/>
<JobPair bench-id="893118" bench-name="small-swap2-fixpoint-7.smt2" config-id="1815" config-name="default" job-space-id="45251" job-space-path="BV/wintersteiger/fmsd13/fixpoint" solver-id="1286" solver-name="Z3-4.3.2.a054b099c1d6-x64-debian-6.0.6-SMT-COMP-2014"/>
<JobPair bench-id="893058" bench-name="mmedia_imaadpcm_imaadpcm.c.smt2" config-id="1778" config-name="default" job-space-id="45248" job-space-path="BV/wintersteiger/fmsd13/ranking" solver-id="1257" solver-name="CVC4 f7118b2"/>
<JobPair bench-id="893058" bench-name="mmedia_imaadpcm_imaadpcm.c.smt2" config-id="1815" config-name="default" job-space-id="45248" job-space-path="BV/wintersteiger/fmsd13/ranking" solver-id="1286" solver-name="Z3-4.3.2.a054b099c1d6-x64-debian-6.0.6-SMT-COMP-2014"/>
<JobPair bench-id="893119" bench-name="small-dyn-partition-fixpoint-7.smt2" config-id="1778" config-name="default" job-space-id="45251" job-space-path="BV/wintersteiger/fmsd13/fixpoint" solver-id="1257" solver-name="CVC4 f7118b2"/>
<JobPair bench-id="893119" bench-name="small-dyn-partition-fixpoint-7.smt2" config-id="1815" config-name="default" job-space-id="45251" job-space-path="BV/wintersteiger/fmsd13/fixpoint" solver-id="1286" solver-name="Z3-4.3.2.a054b099c1d6-x64-debian-6.0.6-SMT-COMP-2014"/>
<JobPair bench-id="893059" bench-name="audio_ac97_wavepcistream2.cpp.smt2" config-id="1778" config-name="default" job-space-id="45248" job-space-path="BV/wintersteiger/fmsd13/ranking" solver-id="1257" solver-name="CVC4 f7118b2"/>
<JobPair bench-id="893059" bench-name="audio_ac97_wavepcistream2.cpp.smt2" config-id="1815" config-name="default" job-space-id="45248" job-space-path="BV/wintersteiger/fmsd13/ranking" solver-id="1286" solver-name="Z3-4.3.2.a054b099c1d6-x64-debian-6.0.6-SMT-COMP-2014"/>
<JobPair bench-id="893120" bench-name="AR-fixpoint-2.smt2" config-id="1778" config-name="default" job-space-id="45251" job-space-path="BV/wintersteiger/fmsd13/fixpoint" solver-id="1257" solver-name="CVC4 f7118b2"/>
<JobPair bench-id="893120" bench-name="AR-fixpoint-2.smt2" config-id="1815" config-name="default" job-space-id="45251" job-space-path="BV/wintersteiger/fmsd13/fixpoint" solver-id="1286" solver-name="Z3-4.3.2.a054b099c1d6-x64-debian-6.0.6-SMT-COMP-2014"/>
<JobPair bench-id="893060" bench-name="filesys_fastfat_write.c.smt2" config-id="1778" config-name="default" job-space-id="45248" job-space-path="BV/wintersteiger/fmsd13/ranking" solver-id="1257" solver-name="CVC4 f7118b2"/>
<JobPair bench-id="893060" bench-name="filesys_fastfat_write.c.smt2" config-id="1815" config-name="default" job-space-id="45248" job-space-path="BV/wintersteiger/fmsd13/ranking" solver-id="1286" solver-name="Z3-4.3.2.a054b099c1d6-x64-debian-6.0.6-SMT-COMP-2014"/>
<JobPair bench-id="893121" bench-name="small-equiv-fixpoint-9.smt2" config-id="1778" config-name="default" job-space-id="45251" job-space-path="BV/wintersteiger/fmsd13/fixpoint" solver-id="1257" solver-name="CVC4 f7118b2"/>
<JobPair bench-id="893121" bench-name="small-equiv-fixpoint-9.smt2" config-id="1815" config-name="default" job-space-id="45251" job-space-path="BV/wintersteiger/fmsd13/fixpoint" solver-id="1286" solver-name="Z3-4.3.2.a054b099c1d6-x64-debian-6.0.6-SMT-COMP-2014"/>
<JobPair bench-id="893061" bench-name="kernel_agplib_init.c.smt2" config-id="1778" config-name="default" job-space-id="45248" job-space-path="BV/wintersteiger/fmsd13/ranking" solver-id="1257" solver-name="CVC4 f7118b2"/>
<JobPair bench-id="893061" bench-name="kernel_agplib_init.c.smt2" config-id="1815" config-name="default" job-space-id="45248" job-space-path="BV/wintersteiger/fmsd13/ranking" solver-id="1286" solver-name="Z3-4.3.2.a054b099c1d6-x64-debian-6.0.6-SMT-COMP-2014"/>
<JobPair bench-id="893122" bench-name="cache-coherence-2-fixpoint-2.smt2" config-id="1778" config-name="default" job-space-id="45251" job-space-path="BV/wintersteiger/fmsd13/fixpoint" solver-id="1257" solver-name="CVC4 f7118b2"/>
<JobPair bench-id="893122" bench-name="cache-coherence-2-fixpoint-2.smt2" config-id="1815" config-name="default" job-space-id="45251" job-space-path="BV/wintersteiger/fmsd13/fixpoint" solver-id="1286" solver-name="Z3-4.3.2.a054b099c1d6-x64-debian-6.0.6-SMT-COMP-2014"/>
<JobPair bench-id="893062" bench-name="AVStream_hwsim.cpp.smt2" config-id="1778" config-name="default" job-space-id="45248" job-space-path="BV/wintersteiger/fmsd13/ranking" solver-id="1257" solver-name="CVC4 f7118b2"/>
<JobPair bench-id="893062" bench-name="AVStream_hwsim.cpp.smt2" config-id="1815" config-name="default" job-space-id="45248" job-space-path="BV/wintersteiger/fmsd13/ranking" solver-id="1286" solver-name="Z3-4.3.2.a054b099c1d6-x64-debian-6.0.6-SMT-COMP-2014"/>
<JobPair bench-id="893123" bench-name="small-swap1-fixpoint-3.smt2" config-id="1778" config-name="default" job-space-id="45251" job-space-path="BV/wintersteiger/fmsd13/fixpoint" solver-id="1257" solver-name="CVC4 f7118b2"/>
<JobPair bench-id="893123" bench-name="small-swap1-fixpoint-3.smt2" config-id="1815" config-name="default" job-space-id="45251" job-space-path="BV/wintersteiger/fmsd13/fixpoint" solver-id="1286" solver-name="Z3-4.3.2.a054b099c1d6-x64-debian-6.0.6-SMT-COMP-2014"/>
<JobPair bench-id="893063" bench-name="general_pcidrv_sys_hw_eeprom.c.smt2" config-id="1778" config-name="default" job-space-id="45248" job-space-path="BV/wintersteiger/fmsd13/ranking" solver-id="1257" solver-name="CVC4 f7118b2"/>
<JobPair bench-id="893063" bench-name="general_pcidrv_sys_hw_eeprom.c.smt2" config-id="1815" config-name="default" job-space-id="45248" job-space-path="BV/wintersteiger/fmsd13/ranking" solver-id="1286" solver-name="Z3-4.3.2.a054b099c1d6-x64-debian-6.0.6-SMT-COMP-2014"/>
<JobPair bench-id="893124" bench-name="itc-b13-fixpoint-8.smt2" config-id="1778" config-name="default" job-space-id="45251" job-space-path="BV/wintersteiger/fmsd13/fixpoint" solver-id="1257" solver-name="CVC4 f7118b2"/>
<JobPair bench-id="893124" bench-name="itc-b13-fixpoint-8.smt2" config-id="1815" config-name="default" job-space-id="45251" job-space-path="BV/wintersteiger/fmsd13/fixpoint" solver-id="1286" solver-name="Z3-4.3.2.a054b099c1d6-x64-debian-6.0.6-SMT-COMP-2014"/>
<JobPair bench-id="893064" bench-name="filesys_smbmrx_midatlas.c.smt2" config-id="1778" config-name="default" job-space-id="45248" job-space-path="BV/wintersteiger/fmsd13/ranking" solver-id="1257" solver-name="CVC4 f7118b2"/>
<JobPair bench-id="893064" bench-name="filesys_smbmrx_midatlas.c.smt2" config-id="1815" config-name="default" job-space-id="45248" job-space-path="BV/wintersteiger/fmsd13/ranking" solver-id="1286" solver-name="Z3-4.3.2.a054b099c1d6-x64-debian-6.0.6-SMT-COMP-2014"/>
<JobPair bench-id="893125" bench-name="small-equiv-fixpoint-5.smt2" config-id="1778" config-name="default" job-space-id="45251" job-space-path="BV/wintersteiger/fmsd13/fixpoint" solver-id="1257" solver-name="CVC4 f7118b2"/>
<JobPair bench-id="893125" bench-name="small-equiv-fixpoint-5.smt2" config-id="1815" config-name="default" job-space-id="45251" job-space-path="BV/wintersteiger/fmsd13/fixpoint" solver-id="1286" solver-name="Z3-4.3.2.a054b099c1d6-x64-debian-6.0.6-SMT-COMP-2014"/>
<JobPair bench-id="893065" bench-name="kernel_uagp35_gart.c.smt2" config-id="1778" config-name="default" job-space-id="45248" job-space-path="BV/wintersteiger/fmsd13/ranking" solver-id="1257" solver-name="CVC4 f7118b2"/>
<JobPair bench-id="893065" bench-name="kernel_uagp35_gart.c.smt2" config-id="1815" config-name="default" job-space-id="45248" job-space-path="BV/wintersteiger/fmsd13/ranking" solver-id="1286" solver-name="Z3-4.3.2.a054b099c1d6-x64-debian-6.0.6-SMT-COMP-2014"/>
<JobPair bench-id="893126" bench-name="small-synabs-fixpoint-9.smt2" config-id="1778" config-name="default" job-space-id="45251" job-space-path="BV/wintersteiger/fmsd13/fixpoint" solver-id="1257" solver-name="CVC4 f7118b2"/>
<JobPair bench-id="893126" bench-name="small-synabs-fixpoint-9.smt2" config-id="1815" config-name="default" job-space-id="45251" job-space-path="BV/wintersteiger/fmsd13/fixpoint" solver-id="1286" solver-name="Z3-4.3.2.a054b099c1d6-x64-debian-6.0.6-SMT-COMP-2014"/>
<JobPair bench-id="893066" bench-name="network_irda_miniport_nscirda_comm.c.smt2" config-id="1778" config-name="default" job-space-id="45248" job-space-path="BV/wintersteiger/fmsd13/ranking" solver-id="1257" solver-name="CVC4 f7118b2"/>
<JobPair bench-id="893066" bench-name="network_irda_miniport_nscirda_comm.c.smt2" config-id="1815" config-name="default" job-space-id="45248" job-space-path="BV/wintersteiger/fmsd13/ranking" solver-id="1286" solver-name="Z3-4.3.2.a054b099c1d6-x64-debian-6.0.6-SMT-COMP-2014"/>
<JobPair bench-id="893127" bench-name="small-swap1-fixpoint-8.smt2" config-id="1778" config-name="default" job-space-id="45251" job-space-path="BV/wintersteiger/fmsd13/fixpoint" solver-id="1257" solver-name="CVC4 f7118b2"/>
<JobPair bench-id="893127" bench-name="small-swap1-fixpoint-8.smt2" config-id="1815" config-name="default" job-space-id="45251" job-space-path="BV/wintersteiger/fmsd13/fixpoint" solver-id="1286" solver-name="Z3-4.3.2.a054b099c1d6-x64-debian-6.0.6-SMT-COMP-2014"/>
<JobPair bench-id="893128" bench-name="cache-coherence-2-fixpoint-5.smt2" config-id="1778" config-name="default" job-space-id="45251" job-space-path="BV/wintersteiger/fmsd13/fixpoint" solver-id="1257" solver-name="CVC4 f7118b2"/>
<JobPair bench-id="893128" bench-name="cache-coherence-2-fixpoint-5.smt2" config-id="1815" config-name="default" job-space-id="45251" job-space-path="BV/wintersteiger/fmsd13/fixpoint" solver-id="1286" solver-name="Z3-4.3.2.a054b099c1d6-x64-debian-6.0.6-SMT-COMP-2014"/>
<JobPair bench-id="893129" bench-name="pi-bus-fixpoint-2.smt2" config-id="1778" config-name="default" job-space-id="45251" job-space-path="BV/wintersteiger/fmsd13/fixpoint" solver-id="1257" solver-name="CVC4 f7118b2"/>
<JobPair bench-id="893129" bench-name="pi-bus-fixpoint-2.smt2" config-id="1815" config-name="default" job-space-id="45251" job-space-path="BV/wintersteiger/fmsd13/fixpoint" solver-id="1286" solver-name="Z3-4.3.2.a054b099c1d6-x64-debian-6.0.6-SMT-COMP-2014"/>
<JobPair bench-id="893130" bench-name="itc-b13-fixpoint-4.smt2" config-id="1778" config-name="default" job-space-id="45251" job-space-path="BV/wintersteiger/fmsd13/fixpoint" solver-id="1257" solver-name="CVC4 f7118b2"/>
<JobPair bench-id="893130" bench-name="itc-b13-fixpoint-4.smt2" config-id="1815" config-name="default" job-space-id="45251" job-space-path="BV/wintersteiger/fmsd13/fixpoint" solver-id="1286" solver-name="Z3-4.3.2.a054b099c1d6-x64-debian-6.0.6-SMT-COMP-2014"/>
<JobPair bench-id="893131" bench-name="small-pipeline-fixpoint-2.smt2" config-id="1778" config-name="default" job-space-id="45251" job-space-path="BV/wintersteiger/fmsd13/fixpoint" solver-id="1257" solver-name="CVC4 f7118b2"/>
<JobPair bench-id="893131" bench-name="small-pipeline-fixpoint-2.smt2" config-id="1815" config-name="default" job-space-id="45251" job-space-path="BV/wintersteiger/fmsd13/fixpoint" solver-id="1286" solver-name="Z3-4.3.2.a054b099c1d6-x64-debian-6.0.6-SMT-COMP-2014"/>
<JobPair bench-id="893132" bench-name="pi-bus-fixpoint-3.smt2" config-id="1778" config-name="default" job-space-id="45251" job-space-path="BV/wintersteiger/fmsd13/fixpoint" solver-id="1257" solver-name="CVC4 f7118b2"/>
<JobPair bench-id="893132" bench-name="pi-bus-fixpoint-3.smt2" config-id="1815" config-name="default" job-space-id="45251" job-space-path="BV/wintersteiger/fmsd13/fixpoint" solver-id="1286" solver-name="Z3-4.3.2.a054b099c1d6-x64-debian-6.0.6-SMT-COMP-2014"/>
<JobPair bench-id="893133" bench-name="small-synabs-fixpoint-4.smt2" config-id="1778" config-name="default" job-space-id="45251" job-space-path="BV/wintersteiger/fmsd13/fixpoint" solver-id="1257" solver-name="CVC4 f7118b2"/>
<JobPair bench-id="893133" bench-name="small-synabs-fixpoint-4.smt2" config-id="1815" config-name="default" job-space-id="45251" job-space-path="BV/wintersteiger/fmsd13/fixpoint" solver-id="1286" solver-name="Z3-4.3.2.a054b099c1d6-x64-debian-6.0.6-SMT-COMP-2014"/>
<JobPair bench-id="893134" bench-name="small-synabs-fixpoint-5.smt2" config-id="1778" config-name="default" job-space-id="45251" job-space-path="BV/wintersteiger/fmsd13/fixpoint" solver-id="1257" solver-name="CVC4 f7118b2"/>
<JobPair bench-id="893134" bench-name="small-synabs-fixpoint-5.smt2" config-id="1815" config-name="default" job-space-id="45251" job-space-path="BV/wintersteiger/fmsd13/fixpoint" solver-id="1286" solver-name="Z3-4.3.2.a054b099c1d6-x64-debian-6.0.6-SMT-COMP-2014"/>
<JobPair bench-id="893135" bench-name="small-pipeline-fixpoint-5.smt2" config-id="1778" config-name="default" job-space-id="45251" job-space-path="BV/wintersteiger/fmsd13/fixpoint" solver-id="1257" solver-name="CVC4 f7118b2"/>
<JobPair bench-id="893135" bench-name="small-pipeline-fixpoint-5.smt2" config-id="1815" config-name="default" job-space-id="45251" job-space-path="BV/wintersteiger/fmsd13/fixpoint" solver-id="1286" solver-name="Z3-4.3.2.a054b099c1d6-x64-debian-6.0.6-SMT-COMP-2014"/>
<JobPair bench-id="893136" bench-name="small-bug1-fixpoint-9.smt2" config-id="1778" config-name="default" job-space-id="45251" job-space-path="BV/wintersteiger/fmsd13/fixpoint" solver-id="1257" solver-name="CVC4 f7118b2"/>
<JobPair bench-id="893136" bench-name="small-bug1-fixpoint-9.smt2" config-id="1815" config-name="default" job-space-id="45251" job-space-path="BV/wintersteiger/fmsd13/fixpoint" solver-id="1286" solver-name="Z3-4.3.2.a054b099c1d6-x64-debian-6.0.6-SMT-COMP-2014"/>
<JobPair bench-id="893137" bench-name="ethernet-fixpoint-1.smt2" config-id="1778" config-name="default" job-space-id="45251" job-space-path="BV/wintersteiger/fmsd13/fixpoint" solver-id="1257" solver-name="CVC4 f7118b2"/>
<JobPair bench-id="893137" bench-name="ethernet-fixpoint-1.smt2" config-id="1815" config-name="default" job-space-id="45251" job-space-path="BV/wintersteiger/fmsd13/fixpoint" solver-id="1286" solver-name="Z3-4.3.2.a054b099c1d6-x64-debian-6.0.6-SMT-COMP-2014"/>
<JobPair bench-id="893138" bench-name="small-seq-fixpoint-7.smt2" config-id="1778" config-name="default" job-space-id="45251" job-space-path="BV/wintersteiger/fmsd13/fixpoint" solver-id="1257" solver-name="CVC4 f7118b2"/>
<JobPair bench-id="893138" bench-name="small-seq-fixpoint-7.smt2" config-id="1815" config-name="default" job-space-id="45251" job-space-path="BV/wintersteiger/fmsd13/fixpoint" solver-id="1286" solver-name="Z3-4.3.2.a054b099c1d6-x64-debian-6.0.6-SMT-COMP-2014"/>
<JobPair bench-id="893139" bench-name="cache-coherence-2-fixpoint-6.smt2" config-id="1778" config-name="default" job-space-id="45251" job-space-path="BV/wintersteiger/fmsd13/fixpoint" solver-id="1257" solver-name="CVC4 f7118b2"/>
<JobPair bench-id="893139" bench-name="cache-coherence-2-fixpoint-6.smt2" config-id="1815" config-name="default" job-space-id="45251" job-space-path="BV/wintersteiger/fmsd13/fixpoint" solver-id="1286" solver-name="Z3-4.3.2.a054b099c1d6-x64-debian-6.0.6-SMT-COMP-2014"/>
<JobPair bench-id="893140" bench-name="small-equiv-fixpoint-8.smt2" config-id="1778" config-name="default" job-space-id="45251" job-space-path="BV/wintersteiger/fmsd13/fixpoint" solver-id="1257" solver-name="CVC4 f7118b2"/>
<JobPair bench-id="893140" bench-name="small-equiv-fixpoint-8.smt2" config-id="1815" config-name="default" job-space-id="45251" job-space-path="BV/wintersteiger/fmsd13/fixpoint" solver-id="1286" solver-name="Z3-4.3.2.a054b099c1d6-x64-debian-6.0.6-SMT-COMP-2014"/>
<JobPair bench-id="893141" bench-name="small-seq-fixpoint-5.smt2" config-id="1778" config-name="default" job-space-id="45251" job-space-path="BV/wintersteiger/fmsd13/fixpoint" solver-id="1257" solver-name="CVC4 f7118b2"/>
<JobPair bench-id="893141" bench-name="small-seq-fixpoint-5.smt2" config-id="1815" config-name="default" job-space-id="45251" job-space-path="BV/wintersteiger/fmsd13/fixpoint" solver-id="1286" solver-name="Z3-4.3.2.a054b099c1d6-x64-debian-6.0.6-SMT-COMP-2014"/>
<JobPair bench-id="893142" bench-name="small-swap1-fixpoint-9.smt2" config-id="1778" config-name="default" job-space-id="45251" job-space-path="BV/wintersteiger/fmsd13/fixpoint" solver-id="1257" solver-name="CVC4 f7118b2"/>
<JobPair bench-id="893142" bench-name="small-swap1-fixpoint-9.smt2" config-id="1815" config-name="default" job-space-id="45251" job-space-path="BV/wintersteiger/fmsd13/fixpoint" solver-id="1286" solver-name="Z3-4.3.2.a054b099c1d6-x64-debian-6.0.6-SMT-COMP-2014"/>
<JobPair bench-id="893143" bench-name="sdlx-fixpoint-4.smt2" config-id="1778" config-name="default" job-space-id="45251" job-space-path="BV/wintersteiger/fmsd13/fixpoint" solver-id="1257" solver-name="CVC4 f7118b2"/>
<JobPair bench-id="893143" bench-name="sdlx-fixpoint-4.smt2" config-id="1815" config-name="default" job-space-id="45251" job-space-path="BV/wintersteiger/fmsd13/fixpoint" solver-id="1286" solver-name="Z3-4.3.2.a054b099c1d6-x64-debian-6.0.6-SMT-COMP-2014"/>
<JobPair bench-id="893144" bench-name="AR-fixpoint-1.smt2" config-id="1778" config-name="default" job-space-id="45251" job-space-path="BV/wintersteiger/fmsd13/fixpoint" solver-id="1257" solver-name="CVC4 f7118b2"/>
<JobPair bench-id="893144" bench-name="AR-fixpoint-1.smt2" config-id="1815" config-name="default" job-space-id="45251" job-space-path="BV/wintersteiger/fmsd13/fixpoint" solver-id="1286" solver-name="Z3-4.3.2.a054b099c1d6-x64-debian-6.0.6-SMT-COMP-2014"/>
<JobPair bench-id="893145" bench-name="small-pipeline-fixpoint-7.smt2" config-id="1778" config-name="default" job-space-id="45251" job-space-path="BV/wintersteiger/fmsd13/fixpoint" solver-id="1257" solver-name="CVC4 f7118b2"/>
<JobPair bench-id="893145" bench-name="small-pipeline-fixpoint-7.smt2" config-id="1815" config-name="default" job-space-id="45251" job-space-path="BV/wintersteiger/fmsd13/fixpoint" solver-id="1286" solver-name="Z3-4.3.2.a054b099c1d6-x64-debian-6.0.6-SMT-COMP-2014"/>
<JobPair bench-id="893146" bench-name="itc-b13-fixpoint-2.smt2" config-id="1778" config-name="default" job-space-id="45251" job-space-path="BV/wintersteiger/fmsd13/fixpoint" solver-id="1257" solver-name="CVC4 f7118b2"/>
<JobPair bench-id="893146" bench-name="itc-b13-fixpoint-2.smt2" config-id="1815" config-name="default" job-space-id="45251" job-space-path="BV/wintersteiger/fmsd13/fixpoint" solver-id="1286" solver-name="Z3-4.3.2.a054b099c1d6-x64-debian-6.0.6-SMT-COMP-2014"/>
<JobPair bench-id="893147" bench-name="small-dyn-partition-fixpoint-2.smt2" config-id="1778" config-name="default" job-space-id="45251" job-space-path="BV/wintersteiger/fmsd13/fixpoint" solver-id="1257" solver-name="CVC4 f7118b2"/>
<JobPair bench-id="893147" bench-name="small-dyn-partition-fixpoint-2.smt2" config-id="1815" config-name="default" job-space-id="45251" job-space-path="BV/wintersteiger/fmsd13/fixpoint" solver-id="1286" solver-name="Z3-4.3.2.a054b099c1d6-x64-debian-6.0.6-SMT-COMP-2014"/>
<JobPair bench-id="893148" bench-name="small-synabs-fixpoint-1.smt2" config-id="1778" config-name="default" job-space-id="45251" job-space-path="BV/wintersteiger/fmsd13/fixpoint" solver-id="1257" solver-name="CVC4 f7118b2"/>
<JobPair bench-id="893148" bench-name="small-synabs-fixpoint-1.smt2" config-id="1815" config-name="default" job-space-id="45251" job-space-path="BV/wintersteiger/fmsd13/fixpoint" solver-id="1286" solver-name="Z3-4.3.2.a054b099c1d6-x64-debian-6.0.6-SMT-COMP-2014"/>
<JobPair bench-id="893149" bench-name="small-swap1-fixpoint-6.smt2" config-id="1778" config-name="default" job-space-id="45251" job-space-path="BV/wintersteiger/fmsd13/fixpoint" solver-id="1257" solver-name="CVC4 f7118b2"/>
<JobPair bench-id="893149" bench-name="small-swap1-fixpoint-6.smt2" config-id="1815" config-name="default" job-space-id="45251" job-space-path="BV/wintersteiger/fmsd13/fixpoint" solver-id="1286" solver-name="Z3-4.3.2.a054b099c1d6-x64-debian-6.0.6-SMT-COMP-2014"/>
<JobPair bench-id="893150" bench-name="usb-phy-fixpoint-2.smt2" config-id="1778" config-name="default" job-space-id="45251" job-space-path="BV/wintersteiger/fmsd13/fixpoint" solver-id="1257" solver-name="CVC4 f7118b2"/>
<JobPair bench-id="893150" bench-name="usb-phy-fixpoint-2.smt2" config-id="1815" config-name="default" job-space-id="45251" job-space-path="BV/wintersteiger/fmsd13/fixpoint" solver-id="1286" solver-name="Z3-4.3.2.a054b099c1d6-x64-debian-6.0.6-SMT-COMP-2014"/>
<JobPair bench-id="893151" bench-name="small-swap2-fixpoint-9.smt2" config-id="1778" config-name="default" job-space-id="45251" job-space-path="BV/wintersteiger/fmsd13/fixpoint" solver-id="1257" solver-name="CVC4 f7118b2"/>
<JobPair bench-id="893151" bench-name="small-swap2-fixpoint-9.smt2" config-id="1815" config-name="default" job-space-id="45251" job-space-path="BV/wintersteiger/fmsd13/fixpoint" solver-id="1286" solver-name="Z3-4.3.2.a054b099c1d6-x64-debian-6.0.6-SMT-COMP-2014"/>
<JobPair bench-id="893152" bench-name="small-swap1-fixpoint-1.smt2" config-id="1778" config-name="default" job-space-id="45251" job-space-path="BV/wintersteiger/fmsd13/fixpoint" solver-id="1257" solver-name="CVC4 f7118b2"/>
<JobPair bench-id="893152" bench-name="small-swap1-fixpoint-1.smt2" config-id="1815" config-name="default" job-space-id="45251" job-space-path="BV/wintersteiger/fmsd13/fixpoint" solver-id="1286" solver-name="Z3-4.3.2.a054b099c1d6-x64-debian-6.0.6-SMT-COMP-2014"/>
<JobPair bench-id="893153" bench-name="small-seq-fixpoint-3.smt2" config-id="1778" config-name="default" job-space-id="45251" job-space-path="BV/wintersteiger/fmsd13/fixpoint" solver-id="1257" solver-name="CVC4 f7118b2"/>
<JobPair bench-id="893153" bench-name="small-seq-fixpoint-3.smt2" config-id="1815" config-name="default" job-space-id="45251" job-space-path="BV/wintersteiger/fmsd13/fixpoint" solver-id="1286" solver-name="Z3-4.3.2.a054b099c1d6-x64-debian-6.0.6-SMT-COMP-2014"/>
<JobPair bench-id="893154" bench-name="small-swap2-fixpoint-8.smt2" config-id="1778" config-name="default" job-space-id="45251" job-space-path="BV/wintersteiger/fmsd13/fixpoint" solver-id="1257" solver-name="CVC4 f7118b2"/>
<JobPair bench-id="893154" bench-name="small-swap2-fixpoint-8.smt2" config-id="1815" config-name="default" job-space-id="45251" job-space-path="BV/wintersteiger/fmsd13/fixpoint" solver-id="1286" solver-name="Z3-4.3.2.a054b099c1d6-x64-debian-6.0.6-SMT-COMP-2014"/>
<JobPair bench-id="893155" bench-name="sdlx-fixpoint-1.smt2" config-id="1778" config-name="default" job-space-id="45251" job-space-path="BV/wintersteiger/fmsd13/fixpoint" solver-id="1257" solver-name="CVC4 f7118b2"/>
<JobPair bench-id="893155" bench-name="sdlx-fixpoint-1.smt2" config-id="1815" config-name="default" job-space-id="45251" job-space-path="BV/wintersteiger/fmsd13/fixpoint" solver-id="1286" solver-name="Z3-4.3.2.a054b099c1d6-x64-debian-6.0.6-SMT-COMP-2014"/>
<JobPair bench-id="893156" bench-name="small-bug1-fixpoint-6.smt2" config-id="1778" config-name="default" job-space-id="45251" job-space-path="BV/wintersteiger/fmsd13/fixpoint" solver-id="1257" solver-name="CVC4 f7118b2"/>
<JobPair bench-id="893156" bench-name="small-bug1-fixpoint-6.smt2" config-id="1815" config-name="default" job-space-id="45251" job-space-path="BV/wintersteiger/fmsd13/fixpoint" solver-id="1286" solver-name="Z3-4.3.2.a054b099c1d6-x64-debian-6.0.6-SMT-COMP-2014"/>
<JobPair bench-id="893157" bench-name="small-equiv-fixpoint-3.smt2" config-id="1778" config-name="default" job-space-id="45251" job-space-path="BV/wintersteiger/fmsd13/fixpoint" solver-id="1257" solver-name="CVC4 f7118b2"/>
<JobPair bench-id="893157" bench-name="small-equiv-fixpoint-3.smt2" config-id="1815" config-name="default" job-space-id="45251" job-space-path="BV/wintersteiger/fmsd13/fixpoint" solver-id="1286" solver-name="Z3-4.3.2.a054b099c1d6-x64-debian-6.0.6-SMT-COMP-2014"/>
<JobPair bench-id="893158" bench-name="AR-fixpoint-3.smt2" config-id="1778" config-name="default" job-space-id="45251" job-space-path="BV/wintersteiger/fmsd13/fixpoint" solver-id="1257" solver-name="CVC4 f7118b2"/>
<JobPair bench-id="893158" bench-name="AR-fixpoint-3.smt2" config-id="1815" config-name="default" job-space-id="45251" job-space-path="BV/wintersteiger/fmsd13/fixpoint" solver-id="1286" solver-name="Z3-4.3.2.a054b099c1d6-x64-debian-6.0.6-SMT-COMP-2014"/>
<JobPair bench-id="893159" bench-name="small-swap2-fixpoint-10.smt2" config-id="1778" config-name="default" job-space-id="45251" job-space-path="BV/wintersteiger/fmsd13/fixpoint" solver-id="1257" solver-name="CVC4 f7118b2"/>
<JobPair bench-id="893159" bench-name="small-swap2-fixpoint-10.smt2" config-id="1815" config-name="default" job-space-id="45251" job-space-path="BV/wintersteiger/fmsd13/fixpoint" solver-id="1286" solver-name="Z3-4.3.2.a054b099c1d6-x64-debian-6.0.6-SMT-COMP-2014"/>
<JobPair bench-id="893160" bench-name="small-dyn-partition-fixpoint-4.smt2" config-id="1778" config-name="default" job-space-id="45251" job-space-path="BV/wintersteiger/fmsd13/fixpoint" solver-id="1257" solver-name="CVC4 f7118b2"/>
<JobPair bench-id="893160" bench-name="small-dyn-partition-fixpoint-4.smt2" config-id="1815" config-name="default" job-space-id="45251" job-space-path="BV/wintersteiger/fmsd13/fixpoint" solver-id="1286" solver-name="Z3-4.3.2.a054b099c1d6-x64-debian-6.0.6-SMT-COMP-2014"/>
<JobPair bench-id="893161" bench-name="AR-fixpoint-9.smt2" config-id="1778" config-name="default" job-space-id="45251" job-space-path="BV/wintersteiger/fmsd13/fixpoint" solver-id="1257" solver-name="CVC4 f7118b2"/>
<JobPair bench-id="893161" bench-name="AR-fixpoint-9.smt2" config-id="1815" config-name="default" job-space-id="45251" job-space-path="BV/wintersteiger/fmsd13/fixpoint" solver-id="1286" solver-name="Z3-4.3.2.a054b099c1d6-x64-debian-6.0.6-SMT-COMP-2014"/>
<JobPair bench-id="893162" bench-name="small-swap1-fixpoint-4.smt2" config-id="1778" config-name="default" job-space-id="45251" job-space-path="BV/wintersteiger/fmsd13/fixpoint" solver-id="1257" solver-name="CVC4 f7118b2"/>
<JobPair bench-id="893162" bench-name="small-swap1-fixpoint-4.smt2" config-id="1815" config-name="default" job-space-id="45251" job-space-path="BV/wintersteiger/fmsd13/fixpoint" solver-id="1286" solver-name="Z3-4.3.2.a054b099c1d6-x64-debian-6.0.6-SMT-COMP-2014"/>
<JobPair bench-id="893163" bench-name="small-bug1-fixpoint-8.smt2" config-id="1778" config-name="default" job-space-id="45251" job-space-path="BV/wintersteiger/fmsd13/fixpoint" solver-id="1257" solver-name="CVC4 f7118b2"/>
<JobPair bench-id="893163" bench-name="small-bug1-fixpoint-8.smt2" config-id="1815" config-name="default" job-space-id="45251" job-space-path="BV/wintersteiger/fmsd13/fixpoint" solver-id="1286" solver-name="Z3-4.3.2.a054b099c1d6-x64-debian-6.0.6-SMT-COMP-2014"/>
<JobPair bench-id="893164" bench-name="AR-fixpoint-6.smt2" config-id="1778" config-name="default" job-space-id="45251" job-space-path="BV/wintersteiger/fmsd13/fixpoint" solver-id="1257" solver-name="CVC4 f7118b2"/>
<JobPair bench-id="893164" bench-name="AR-fixpoint-6.smt2" config-id="1815" config-name="default" job-space-id="45251" job-space-path="BV/wintersteiger/fmsd13/fixpoint" solver-id="1286" solver-name="Z3-4.3.2.a054b099c1d6-x64-debian-6.0.6-SMT-COMP-2014"/>
<JobPair bench-id="893165" bench-name="AR-fixpoint-5.smt2" config-id="1778" config-name="default" job-space-id="45251" job-space-path="BV/wintersteiger/fmsd13/fixpoint" solver-id="1257" solver-name="CVC4 f7118b2"/>
<JobPair bench-id="893165" bench-name="AR-fixpoint-5.smt2" config-id="1815" config-name="default" job-space-id="45251" job-space-path="BV/wintersteiger/fmsd13/fixpoint" solver-id="1286" solver-name="Z3-4.3.2.a054b099c1d6-x64-debian-6.0.6-SMT-COMP-2014"/>
<JobPair bench-id="893166" bench-name="cache-coherence-2-fixpoint-3.smt2" config-id="1778" config-name="default" job-space-id="45251" job-space-path="BV/wintersteiger/fmsd13/fixpoint" solver-id="1257" solver-name="CVC4 f7118b2"/>
<JobPair bench-id="893166" bench-name="cache-coherence-2-fixpoint-3.smt2" config-id="1815" config-name="default" job-space-id="45251" job-space-path="BV/wintersteiger/fmsd13/fixpoint" solver-id="1286" solver-name="Z3-4.3.2.a054b099c1d6-x64-debian-6.0.6-SMT-COMP-2014"/>
<JobPair bench-id="893167" bench-name="cache-coherence-3-fixpoint-1.smt2" config-id="1778" config-name="default" job-space-id="45251" job-space-path="BV/wintersteiger/fmsd13/fixpoint" solver-id="1257" solver-name="CVC4 f7118b2"/>
<JobPair bench-id="893167" bench-name="cache-coherence-3-fixpoint-1.smt2" config-id="1815" config-name="default" job-space-id="45251" job-space-path="BV/wintersteiger/fmsd13/fixpoint" solver-id="1286" solver-name="Z3-4.3.2.a054b099c1d6-x64-debian-6.0.6-SMT-COMP-2014"/>
<JobPair bench-id="893168" bench-name="sdlx-fixpoint-3.smt2" config-id="1778" config-name="default" job-space-id="45251" job-space-path="BV/wintersteiger/fmsd13/fixpoint" solver-id="1257" solver-name="CVC4 f7118b2"/>
<JobPair bench-id="893168" bench-name="sdlx-fixpoint-3.smt2" config-id="1815" config-name="default" job-space-id="45251" job-space-path="BV/wintersteiger/fmsd13/fixpoint" solver-id="1286" solver-name="Z3-4.3.2.a054b099c1d6-x64-debian-6.0.6-SMT-COMP-2014"/>
<JobPair bench-id="893169" bench-name="cache-coherence-2-fixpoint-1.smt2" config-id="1778" config-name="default" job-space-id="45251" job-space-path="BV/wintersteiger/fmsd13/fixpoint" solver-id="1257" solver-name="CVC4 f7118b2"/>
<JobPair bench-id="893169" bench-name="cache-coherence-2-fixpoint-1.smt2" config-id="1815" config-name="default" job-space-id="45251" job-space-path="BV/wintersteiger/fmsd13/fixpoint" solver-id="1286" solver-name="Z3-4.3.2.a054b099c1d6-x64-debian-6.0.6-SMT-COMP-2014"/>
<JobPair bench-id="893170" bench-name="usb-phy-fixpoint-3.smt2" config-id="1778" config-name="default" job-space-id="45251" job-space-path="BV/wintersteiger/fmsd13/fixpoint" solver-id="1257" solver-name="CVC4 f7118b2"/>
<JobPair bench-id="893170" bench-name="usb-phy-fixpoint-3.smt2" config-id="1815" config-name="default" job-space-id="45251" job-space-path="BV/wintersteiger/fmsd13/fixpoint" solver-id="1286" solver-name="Z3-4.3.2.a054b099c1d6-x64-debian-6.0.6-SMT-COMP-2014"/>
<JobPair bench-id="893171" bench-name="small-pipeline-fixpoint-9.smt2" config-id="1778" config-name="default" job-space-id="45251" job-space-path="BV/wintersteiger/fmsd13/fixpoint" solver-id="1257" solver-name="CVC4 f7118b2"/>
<JobPair bench-id="893171" bench-name="small-pipeline-fixpoint-9.smt2" config-id="1815" config-name="default" job-space-id="45251" job-space-path="BV/wintersteiger/fmsd13/fixpoint" solver-id="1286" solver-name="Z3-4.3.2.a054b099c1d6-x64-debian-6.0.6-SMT-COMP-2014"/>
<JobPair bench-id="893172" bench-name="small-seq-fixpoint-6.smt2" config-id="1778" config-name="default" job-space-id="45251" job-space-path="BV/wintersteiger/fmsd13/fixpoint" solver-id="1257" solver-name="CVC4 f7118b2"/>
<JobPair bench-id="893172" bench-name="small-seq-fixpoint-6.smt2" config-id="1815" config-name="default" job-space-id="45251" job-space-path="BV/wintersteiger/fmsd13/fixpoint" solver-id="1286" solver-name="Z3-4.3.2.a054b099c1d6-x64-debian-6.0.6-SMT-COMP-2014"/>
<JobPair bench-id="893173" bench-name="itc-b13-fixpoint-9.smt2" config-id="1778" config-name="default" job-space-id="45251" job-space-path="BV/wintersteiger/fmsd13/fixpoint" solver-id="1257" solver-name="CVC4 f7118b2"/>
<JobPair bench-id="893173" bench-name="itc-b13-fixpoint-9.smt2" config-id="1815" config-name="default" job-space-id="45251" job-space-path="BV/wintersteiger/fmsd13/fixpoint" solver-id="1286" solver-name="Z3-4.3.2.a054b099c1d6-x64-debian-6.0.6-SMT-COMP-2014"/>
<JobPair bench-id="893174" bench-name="small-synabs-fixpoint-3.smt2" config-id="1778" config-name="default" job-space-id="45251" job-space-path="BV/wintersteiger/fmsd13/fixpoint" solver-id="1257" solver-name="CVC4 f7118b2"/>
<JobPair bench-id="893174" bench-name="small-synabs-fixpoint-3.smt2" config-id="1815" config-name="default" job-space-id="45251" job-space-path="BV/wintersteiger/fmsd13/fixpoint" solver-id="1286" solver-name="Z3-4.3.2.a054b099c1d6-x64-debian-6.0.6-SMT-COMP-2014"/>
<JobPair bench-id="893175" bench-name="small-equiv-fixpoint-2.smt2" config-id="1778" config-name="default" job-space-id="45251" job-space-path="BV/wintersteiger/fmsd13/fixpoint" solver-id="1257" solver-name="CVC4 f7118b2"/>
<JobPair bench-id="893175" bench-name="small-equiv-fixpoint-2.smt2" config-id="1815" config-name="default" job-space-id="45251" job-space-path="BV/wintersteiger/fmsd13/fixpoint" solver-id="1286" solver-name="Z3-4.3.2.a054b099c1d6-x64-debian-6.0.6-SMT-COMP-2014"/>
<JobPair bench-id="893176" bench-name="small-equiv-fixpoint-4.smt2" config-id="1778" config-name="default" job-space-id="45251" job-space-path="BV/wintersteiger/fmsd13/fixpoint" solver-id="1257" solver-name="CVC4 f7118b2"/>
<JobPair bench-id="893176" bench-name="small-equiv-fixpoint-4.smt2" config-id="1815" config-name="default" job-space-id="45251" job-space-path="BV/wintersteiger/fmsd13/fixpoint" solver-id="1286" solver-name="Z3-4.3.2.a054b099c1d6-x64-debian-6.0.6-SMT-COMP-2014"/>
<JobPair bench-id="893177" bench-name="small-swap2-fixpoint-6.smt2" config-id="1778" config-name="default" job-space-id="45251" job-space-path="BV/wintersteiger/fmsd13/fixpoint" solver-id="1257" solver-name="CVC4 f7118b2"/>
<JobPair bench-id="893177" bench-name="small-swap2-fixpoint-6.smt2" config-id="1815" config-name="default" job-space-id="45251" job-space-path="BV/wintersteiger/fmsd13/fixpoint" solver-id="1286" solver-name="Z3-4.3.2.a054b099c1d6-x64-debian-6.0.6-SMT-COMP-2014"/>
<JobPair bench-id="893178" bench-name="small-seq-fixpoint-4.smt2" config-id="1778" config-name="default" job-space-id="45251" job-space-path="BV/wintersteiger/fmsd13/fixpoint" solver-id="1257" solver-name="CVC4 f7118b2"/>
<JobPair bench-id="893178" bench-name="small-seq-fixpoint-4.smt2" config-id="1815" config-name="default" job-space-id="45251" job-space-path="BV/wintersteiger/fmsd13/fixpoint" solver-id="1286" solver-name="Z3-4.3.2.a054b099c1d6-x64-debian-6.0.6-SMT-COMP-2014"/>
<JobPair bench-id="893179" bench-name="small-dyn-partition-fixpoint-5.smt2" config-id="1778" config-name="default" job-space-id="45251" job-space-path="BV/wintersteiger/fmsd13/fixpoint" solver-id="1257" solver-name="CVC4 f7118b2"/>
<JobPair bench-id="893179" bench-name="small-dyn-partition-fixpoint-5.smt2" config-id="1815" config-name="default" job-space-id="45251" job-space-path="BV/wintersteiger/fmsd13/fixpoint" solver-id="1286" solver-name="Z3-4.3.2.a054b099c1d6-x64-debian-6.0.6-SMT-COMP-2014"/>
<JobPair bench-id="893180" bench-name="sdlx-fixpoint-8.smt2" config-id="1778" config-name="default" job-space-id="45251" job-space-path="BV/wintersteiger/fmsd13/fixpoint" solver-id="1257" solver-name="CVC4 f7118b2"/>
<JobPair bench-id="893180" bench-name="sdlx-fixpoint-8.smt2" config-id="1815" config-name="default" job-space-id="45251" job-space-path="BV/wintersteiger/fmsd13/fixpoint" solver-id="1286" solver-name="Z3-4.3.2.a054b099c1d6-x64-debian-6.0.6-SMT-COMP-2014"/>
<JobPair bench-id="893181" bench-name="small-bug1-fixpoint-4.smt2" config-id="1778" config-name="default" job-space-id="45251" job-space-path="BV/wintersteiger/fmsd13/fixpoint" solver-id="1257" solver-name="CVC4 f7118b2"/>
<JobPair bench-id="893181" bench-name="small-bug1-fixpoint-4.smt2" config-id="1815" config-name="default" job-space-id="45251" job-space-path="BV/wintersteiger/fmsd13/fixpoint" solver-id="1286" solver-name="Z3-4.3.2.a054b099c1d6-x64-debian-6.0.6-SMT-COMP-2014"/>
<JobPair bench-id="893182" bench-name="sdlx-fixpoint-5.smt2" config-id="1778" config-name="default" job-space-id="45251" job-space-path="BV/wintersteiger/fmsd13/fixpoint" solver-id="1257" solver-name="CVC4 f7118b2"/>
<JobPair bench-id="893182" bench-name="sdlx-fixpoint-5.smt2" config-id="1815" config-name="default" job-space-id="45251" job-space-path="BV/wintersteiger/fmsd13/fixpoint" solver-id="1286" solver-name="Z3-4.3.2.a054b099c1d6-x64-debian-6.0.6-SMT-COMP-2014"/>
<JobPair bench-id="893183" bench-name="small-swap2-fixpoint-4.smt2" config-id="1778" config-name="default" job-space-id="45251" job-space-path="BV/wintersteiger/fmsd13/fixpoint" solver-id="1257" solver-name="CVC4 f7118b2"/>
<JobPair bench-id="893183" bench-name="small-swap2-fixpoint-4.smt2" config-id="1815" config-name="default" job-space-id="45251" job-space-path="BV/wintersteiger/fmsd13/fixpoint" solver-id="1286" solver-name="Z3-4.3.2.a054b099c1d6-x64-debian-6.0.6-SMT-COMP-2014"/>
<JobPair bench-id="893184" bench-name="sdlx-fixpoint-10.smt2" config-id="1778" config-name="default" job-space-id="45251" job-space-path="BV/wintersteiger/fmsd13/fixpoint" solver-id="1257" solver-name="CVC4 f7118b2"/>
<JobPair bench-id="893184" bench-name="sdlx-fixpoint-10.smt2" config-id="1815" config-name="default" job-space-id="45251" job-space-path="BV/wintersteiger/fmsd13/fixpoint" solver-id="1286" solver-name="Z3-4.3.2.a054b099c1d6-x64-debian-6.0.6-SMT-COMP-2014"/>
<JobPair bench-id="893185" bench-name="small-seq-fixpoint-8.smt2" config-id="1778" config-name="default" job-space-id="45251" job-space-path="BV/wintersteiger/fmsd13/fixpoint" solver-id="1257" solver-name="CVC4 f7118b2"/>
<JobPair bench-id="893185" bench-name="small-seq-fixpoint-8.smt2" config-id="1815" config-name="default" job-space-id="45251" job-space-path="BV/wintersteiger/fmsd13/fixpoint" solver-id="1286" solver-name="Z3-4.3.2.a054b099c1d6-x64-debian-6.0.6-SMT-COMP-2014"/>
<JobPair bench-id="893186" bench-name="small-bug1-fixpoint-5.smt2" config-id="1778" config-name="default" job-space-id="45251" job-space-path="BV/wintersteiger/fmsd13/fixpoint" solver-id="1257" solver-name="CVC4 f7118b2"/>
<JobPair bench-id="893186" bench-name="small-bug1-fixpoint-5.smt2" config-id="1815" config-name="default" job-space-id="45251" job-space-path="BV/wintersteiger/fmsd13/fixpoint" solver-id="1286" solver-name="Z3-4.3.2.a054b099c1d6-x64-debian-6.0.6-SMT-COMP-2014"/>
<JobPair bench-id="893187" bench-name="itc-b13-fixpoint-6.smt2" config-id="1778" config-name="default" job-space-id="45251" job-space-path="BV/wintersteiger/fmsd13/fixpoint" solver-id="1257" solver-name="CVC4 f7118b2"/>
<JobPair bench-id="893187" bench-name="itc-b13-fixpoint-6.smt2" config-id="1815" config-name="default" job-space-id="45251" job-space-path="BV/wintersteiger/fmsd13/fixpoint" solver-id="1286" solver-name="Z3-4.3.2.a054b099c1d6-x64-debian-6.0.6-SMT-COMP-2014"/>
<JobPair bench-id="893188" bench-name="sdlx-fixpoint-2.smt2" config-id="1778" config-name="default" job-space-id="45251" job-space-path="BV/wintersteiger/fmsd13/fixpoint" solver-id="1257" solver-name="CVC4 f7118b2"/>
<JobPair bench-id="893188" bench-name="sdlx-fixpoint-2.smt2" config-id="1815" config-name="default" job-space-id="45251" job-space-path="BV/wintersteiger/fmsd13/fixpoint" solver-id="1286" solver-name="Z3-4.3.2.a054b099c1d6-x64-debian-6.0.6-SMT-COMP-2014"/>
<JobPair bench-id="893189" bench-name="ethernet-fixpoint-4.smt2" config-id="1778" config-name="default" job-space-id="45251" job-space-path="BV/wintersteiger/fmsd13/fixpoint" solver-id="1257" solver-name="CVC4 f7118b2"/>
<JobPair bench-id="893189" bench-name="ethernet-fixpoint-4.smt2" config-id="1815" config-name="default" job-space-id="45251" job-space-path="BV/wintersteiger/fmsd13/fixpoint" solver-id="1286" solver-name="Z3-4.3.2.a054b099c1d6-x64-debian-6.0.6-SMT-COMP-2014"/>
<JobPair bench-id="893190" bench-name="usb-phy-fixpoint-5.smt2" config-id="1778" config-name="default" job-space-id="45251" job-space-path="BV/wintersteiger/fmsd13/fixpoint" solver-id="1257" solver-name="CVC4 f7118b2"/>
<JobPair bench-id="893190" bench-name="usb-phy-fixpoint-5.smt2" config-id="1815" config-name="default" job-space-id="45251" job-space-path="BV/wintersteiger/fmsd13/fixpoint" solver-id="1286" solver-name="Z3-4.3.2.a054b099c1d6-x64-debian-6.0.6-SMT-COMP-2014"/>
<JobPair bench-id="893191" bench-name="sdlx-fixpoint-7.smt2" config-id="1778" config-name="default" job-space-id="45251" job-space-path="BV/wintersteiger/fmsd13/fixpoint" solver-id="1257" solver-name="CVC4 f7118b2"/>
<JobPair bench-id="893191" bench-name="sdlx-fixpoint-7.smt2" config-id="1815" config-name="default" job-space-id="45251" job-space-path="BV/wintersteiger/fmsd13/fixpoint" solver-id="1286" solver-name="Z3-4.3.2.a054b099c1d6-x64-debian-6.0.6-SMT-COMP-2014"/>
<JobPair bench-id="893192" bench-name="small-dyn-partition-fixpoint-1.smt2" config-id="1778" config-name="default" job-space-id="45251" job-space-path="BV/wintersteiger/fmsd13/fixpoint" solver-id="1257" solver-name="CVC4 f7118b2"/>
<JobPair bench-id="893192" bench-name="small-dyn-partition-fixpoint-1.smt2" config-id="1815" config-name="default" job-space-id="45251" job-space-path="BV/wintersteiger/fmsd13/fixpoint" solver-id="1286" solver-name="Z3-4.3.2.a054b099c1d6-x64-debian-6.0.6-SMT-COMP-2014"/>
<JobPair bench-id="893193" bench-name="small-equiv-fixpoint-7.smt2" config-id="1778" config-name="default" job-space-id="45251" job-space-path="BV/wintersteiger/fmsd13/fixpoint" solver-id="1257" solver-name="CVC4 f7118b2"/>
<JobPair bench-id="893193" bench-name="small-equiv-fixpoint-7.smt2" config-id="1815" config-name="default" job-space-id="45251" job-space-path="BV/wintersteiger/fmsd13/fixpoint" solver-id="1286" solver-name="Z3-4.3.2.a054b099c1d6-x64-debian-6.0.6-SMT-COMP-2014"/>
<JobPair bench-id="893194" bench-name="itc-b13-fixpoint-1.smt2" config-id="1778" config-name="default" job-space-id="45251" job-space-path="BV/wintersteiger/fmsd13/fixpoint" solver-id="1257" solver-name="CVC4 f7118b2"/>
<JobPair bench-id="893194" bench-name="itc-b13-fixpoint-1.smt2" config-id="1815" config-name="default" job-space-id="45251" job-space-path="BV/wintersteiger/fmsd13/fixpoint" solver-id="1286" solver-name="Z3-4.3.2.a054b099c1d6-x64-debian-6.0.6-SMT-COMP-2014"/>
<JobPair bench-id="893195" bench-name="small-dyn-partition-fixpoint-6.smt2" config-id="1778" config-name="default" job-space-id="45251" job-space-path="BV/wintersteiger/fmsd13/fixpoint" solver-id="1257" solver-name="CVC4 f7118b2"/>
<JobPair bench-id="893195" bench-name="small-dyn-partition-fixpoint-6.smt2" config-id="1815" config-name="default" job-space-id="45251" job-space-path="BV/wintersteiger/fmsd13/fixpoint" solver-id="1286" solver-name="Z3-4.3.2.a054b099c1d6-x64-debian-6.0.6-SMT-COMP-2014"/>
<JobPair bench-id="893196" bench-name="small-seq-fixpoint-9.smt2" config-id="1778" config-name="default" job-space-id="45251" job-space-path="BV/wintersteiger/fmsd13/fixpoint" solver-id="1257" solver-name="CVC4 f7118b2"/>
<JobPair bench-id="893196" bench-name="small-seq-fixpoint-9.smt2" config-id="1815" config-name="default" job-space-id="45251" job-space-path="BV/wintersteiger/fmsd13/fixpoint" solver-id="1286" solver-name="Z3-4.3.2.a054b099c1d6-x64-debian-6.0.6-SMT-COMP-2014"/>
<JobPair bench-id="893197" bench-name="AR-fixpoint-8.smt2" config-id="1778" config-name="default" job-space-id="45251" job-space-path="BV/wintersteiger/fmsd13/fixpoint" solver-id="1257" solver-name="CVC4 f7118b2"/>
<JobPair bench-id="893197" bench-name="AR-fixpoint-8.smt2" config-id="1815" config-name="default" job-space-id="45251" job-space-path="BV/wintersteiger/fmsd13/fixpoint" solver-id="1286" solver-name="Z3-4.3.2.a054b099c1d6-x64-debian-6.0.6-SMT-COMP-2014"/>
</Job>
</tns:Jobs>
