<?xml version="1.0" encoding="UTF-8"?><tns:Jobs xmlns:tns="https://www.starexec.org/starexec/public/batchJobSchema.xsd" xmlns:xsi="http://www.w3.org/2001/XMLSchema-instance" xsi:schemaLocation="https://www.starexec.org/starexec/public/batchJobSchema.xsd batchJobSchema.xsd">
<Job name="UFBV 06-25-2014 13.55">
<JobAttributes>
<description value="no description"/>
<queue-id value="-1"/>
<start-paused value="false"/>
<cpu-timeout value="36000"/>
<wallclock-timeout value="36000"/>
<mem-limit value="100.0"/>
<postproc-id value="111"/>
</JobAttributes>
<JobPair bench-id="892876" bench-name="small-synabs-fixpoint-2.smt2" config-id="1778" config-name="default" job-space-id="45972" job-space-path="UFBV/wintersteiger/fmsd13/fixpoint" solver-id="1257" solver-name="CVC4 f7118b2"/>
<JobPair bench-id="892876" bench-name="small-synabs-fixpoint-2.smt2" config-id="1815" config-name="default" job-space-id="45972" job-space-path="UFBV/wintersteiger/fmsd13/fixpoint" solver-id="1286" solver-name="Z3-4.3.2.a054b099c1d6-x64-debian-6.0.6-SMT-COMP-2014"/>
<JobPair bench-id="892816" bench-name="audio_ac97_rtstream.cpp.smt2" config-id="1778" config-name="default" job-space-id="45971" job-space-path="UFBV/wintersteiger/fmsd13/ranking" solver-id="1257" solver-name="CVC4 f7118b2"/>
<JobPair bench-id="892816" bench-name="audio_ac97_rtstream.cpp.smt2" config-id="1815" config-name="default" job-space-id="45971" job-space-path="UFBV/wintersteiger/fmsd13/ranking" solver-id="1286" solver-name="Z3-4.3.2.a054b099c1d6-x64-debian-6.0.6-SMT-COMP-2014"/>
<JobPair bench-id="892877" bench-name="small-pipeline-fixpoint-3.smt2" config-id="1778" config-name="default" job-space-id="45972" job-space-path="UFBV/wintersteiger/fmsd13/fixpoint" solver-id="1257" solver-name="CVC4 f7118b2"/>
<JobPair bench-id="892877" bench-name="small-pipeline-fixpoint-3.smt2" config-id="1815" config-name="default" job-space-id="45972" job-space-path="UFBV/wintersteiger/fmsd13/fixpoint" solver-id="1286" solver-name="Z3-4.3.2.a054b099c1d6-x64-debian-6.0.6-SMT-COMP-2014"/>
<JobPair bench-id="892817" bench-name="network_ndis_coisdn_TpiParam.c.smt2" config-id="1778" config-name="default" job-space-id="45971" job-space-path="UFBV/wintersteiger/fmsd13/ranking" solver-id="1257" solver-name="CVC4 f7118b2"/>
<JobPair bench-id="892817" bench-name="network_ndis_coisdn_TpiParam.c.smt2" config-id="1815" config-name="default" job-space-id="45971" job-space-path="UFBV/wintersteiger/fmsd13/ranking" solver-id="1286" solver-name="Z3-4.3.2.a054b099c1d6-x64-debian-6.0.6-SMT-COMP-2014"/>
<JobPair bench-id="892878" bench-name="small-seq-fixpoint-2.smt2" config-id="1778" config-name="default" job-space-id="45972" job-space-path="UFBV/wintersteiger/fmsd13/fixpoint" solver-id="1257" solver-name="CVC4 f7118b2"/>
<JobPair bench-id="892878" bench-name="small-seq-fixpoint-2.smt2" config-id="1815" config-name="default" job-space-id="45972" job-space-path="UFBV/wintersteiger/fmsd13/fixpoint" solver-id="1286" solver-name="Z3-4.3.2.a054b099c1d6-x64-debian-6.0.6-SMT-COMP-2014"/>
<JobPair bench-id="892818" bench-name="ir_smscir_io.c.smt2" config-id="1778" config-name="default" job-space-id="45971" job-space-path="UFBV/wintersteiger/fmsd13/ranking" solver-id="1257" solver-name="CVC4 f7118b2"/>
<JobPair bench-id="892818" bench-name="ir_smscir_io.c.smt2" config-id="1815" config-name="default" job-space-id="45971" job-space-path="UFBV/wintersteiger/fmsd13/ranking" solver-id="1286" solver-name="Z3-4.3.2.a054b099c1d6-x64-debian-6.0.6-SMT-COMP-2014"/>
<JobPair bench-id="892879" bench-name="small-swap1-fixpoint-7.smt2" config-id="1778" config-name="default" job-space-id="45972" job-space-path="UFBV/wintersteiger/fmsd13/fixpoint" solver-id="1257" solver-name="CVC4 f7118b2"/>
<JobPair bench-id="892879" bench-name="small-swap1-fixpoint-7.smt2" config-id="1815" config-name="default" job-space-id="45972" job-space-path="UFBV/wintersteiger/fmsd13/fixpoint" solver-id="1286" solver-name="Z3-4.3.2.a054b099c1d6-x64-debian-6.0.6-SMT-COMP-2014"/>
<JobPair bench-id="892819" bench-name="audio_fmsynth_miniport2.cpp.smt2" config-id="1778" config-name="default" job-space-id="45971" job-space-path="UFBV/wintersteiger/fmsd13/ranking" solver-id="1257" solver-name="CVC4 f7118b2"/>
<JobPair bench-id="892819" bench-name="audio_fmsynth_miniport2.cpp.smt2" config-id="1815" config-name="default" job-space-id="45971" job-space-path="UFBV/wintersteiger/fmsd13/ranking" solver-id="1286" solver-name="Z3-4.3.2.a054b099c1d6-x64-debian-6.0.6-SMT-COMP-2014"/>
<JobPair bench-id="892880" bench-name="cache-coherence-3-fixpoint-2.smt2" config-id="1778" config-name="default" job-space-id="45972" job-space-path="UFBV/wintersteiger/fmsd13/fixpoint" solver-id="1257" solver-name="CVC4 f7118b2"/>
<JobPair bench-id="892880" bench-name="cache-coherence-3-fixpoint-2.smt2" config-id="1815" config-name="default" job-space-id="45972" job-space-path="UFBV/wintersteiger/fmsd13/fixpoint" solver-id="1286" solver-name="Z3-4.3.2.a054b099c1d6-x64-debian-6.0.6-SMT-COMP-2014"/>
<JobPair bench-id="892820" bench-name="input_mouser_detect.c.smt2" config-id="1778" config-name="default" job-space-id="45971" job-space-path="UFBV/wintersteiger/fmsd13/ranking" solver-id="1257" solver-name="CVC4 f7118b2"/>
<JobPair bench-id="892820" bench-name="input_mouser_detect.c.smt2" config-id="1815" config-name="default" job-space-id="45971" job-space-path="UFBV/wintersteiger/fmsd13/ranking" solver-id="1286" solver-name="Z3-4.3.2.a054b099c1d6-x64-debian-6.0.6-SMT-COMP-2014"/>
<JobPair bench-id="892881" bench-name="itc-b13-fixpoint-10.smt2" config-id="1778" config-name="default" job-space-id="45972" job-space-path="UFBV/wintersteiger/fmsd13/fixpoint" solver-id="1257" solver-name="CVC4 f7118b2"/>
<JobPair bench-id="892881" bench-name="itc-b13-fixpoint-10.smt2" config-id="1815" config-name="default" job-space-id="45972" job-space-path="UFBV/wintersteiger/fmsd13/fixpoint" solver-id="1286" solver-name="Z3-4.3.2.a054b099c1d6-x64-debian-6.0.6-SMT-COMP-2014"/>
<JobPair bench-id="892821" bench-name="filesys_fastfat_allocsup.c.smt2" config-id="1778" config-name="default" job-space-id="45971" job-space-path="UFBV/wintersteiger/fmsd13/ranking" solver-id="1257" solver-name="CVC4 f7118b2"/>
<JobPair bench-id="892821" bench-name="filesys_fastfat_allocsup.c.smt2" config-id="1815" config-name="default" job-space-id="45971" job-space-path="UFBV/wintersteiger/fmsd13/ranking" solver-id="1286" solver-name="Z3-4.3.2.a054b099c1d6-x64-debian-6.0.6-SMT-COMP-2014"/>
<JobPair bench-id="892882" bench-name="small-dyn-partition-fixpoint-10.smt2" config-id="1778" config-name="default" job-space-id="45972" job-space-path="UFBV/wintersteiger/fmsd13/fixpoint" solver-id="1257" solver-name="CVC4 f7118b2"/>
<JobPair bench-id="892882" bench-name="small-dyn-partition-fixpoint-10.smt2" config-id="1815" config-name="default" job-space-id="45972" job-space-path="UFBV/wintersteiger/fmsd13/fixpoint" solver-id="1286" solver-name="Z3-4.3.2.a054b099c1d6-x64-debian-6.0.6-SMT-COMP-2014"/>
<JobPair bench-id="892822" bench-name="audio_ddksynth_csynth2.cpp.smt2" config-id="1778" config-name="default" job-space-id="45971" job-space-path="UFBV/wintersteiger/fmsd13/ranking" solver-id="1257" solver-name="CVC4 f7118b2"/>
<JobPair bench-id="892822" bench-name="audio_ddksynth_csynth2.cpp.smt2" config-id="1815" config-name="default" job-space-id="45971" job-space-path="UFBV/wintersteiger/fmsd13/ranking" solver-id="1286" solver-name="Z3-4.3.2.a054b099c1d6-x64-debian-6.0.6-SMT-COMP-2014"/>
<JobPair bench-id="892883" bench-name="small-seq-fixpoint-1.smt2" config-id="1778" config-name="default" job-space-id="45972" job-space-path="UFBV/wintersteiger/fmsd13/fixpoint" solver-id="1257" solver-name="CVC4 f7118b2"/>
<JobPair bench-id="892883" bench-name="small-seq-fixpoint-1.smt2" config-id="1815" config-name="default" job-space-id="45972" job-space-path="UFBV/wintersteiger/fmsd13/fixpoint" solver-id="1286" solver-name="Z3-4.3.2.a054b099c1d6-x64-debian-6.0.6-SMT-COMP-2014"/>
<JobPair bench-id="892823" bench-name="network_trans_sys_notify.c.smt2" config-id="1778" config-name="default" job-space-id="45971" job-space-path="UFBV/wintersteiger/fmsd13/ranking" solver-id="1257" solver-name="CVC4 f7118b2"/>
<JobPair bench-id="892823" bench-name="network_trans_sys_notify.c.smt2" config-id="1815" config-name="default" job-space-id="45971" job-space-path="UFBV/wintersteiger/fmsd13/ranking" solver-id="1286" solver-name="Z3-4.3.2.a054b099c1d6-x64-debian-6.0.6-SMT-COMP-2014"/>
<JobPair bench-id="892884" bench-name="usb-phy-fixpoint-1.smt2" config-id="1778" config-name="default" job-space-id="45972" job-space-path="UFBV/wintersteiger/fmsd13/fixpoint" solver-id="1257" solver-name="CVC4 f7118b2"/>
<JobPair bench-id="892884" bench-name="usb-phy-fixpoint-1.smt2" config-id="1815" config-name="default" job-space-id="45972" job-space-path="UFBV/wintersteiger/fmsd13/fixpoint" solver-id="1286" solver-name="Z3-4.3.2.a054b099c1d6-x64-debian-6.0.6-SMT-COMP-2014"/>
<JobPair bench-id="892824" bench-name="kernel_agplib_intrface.c.smt2" config-id="1778" config-name="default" job-space-id="45971" job-space-path="UFBV/wintersteiger/fmsd13/ranking" solver-id="1257" solver-name="CVC4 f7118b2"/>
<JobPair bench-id="892824" bench-name="kernel_agplib_intrface.c.smt2" config-id="1815" config-name="default" job-space-id="45971" job-space-path="UFBV/wintersteiger/fmsd13/ranking" solver-id="1286" solver-name="Z3-4.3.2.a054b099c1d6-x64-debian-6.0.6-SMT-COMP-2014"/>
<JobPair bench-id="892885" bench-name="small-seq-fixpoint-10.smt2" config-id="1778" config-name="default" job-space-id="45972" job-space-path="UFBV/wintersteiger/fmsd13/fixpoint" solver-id="1257" solver-name="CVC4 f7118b2"/>
<JobPair bench-id="892885" bench-name="small-seq-fixpoint-10.smt2" config-id="1815" config-name="default" job-space-id="45972" job-space-path="UFBV/wintersteiger/fmsd13/fixpoint" solver-id="1286" solver-name="Z3-4.3.2.a054b099c1d6-x64-debian-6.0.6-SMT-COMP-2014"/>
<JobPair bench-id="892825" bench-name="audio_ac97_wavepcistream.cpp.smt2" config-id="1778" config-name="default" job-space-id="45971" job-space-path="UFBV/wintersteiger/fmsd13/ranking" solver-id="1257" solver-name="CVC4 f7118b2"/>
<JobPair bench-id="892825" bench-name="audio_ac97_wavepcistream.cpp.smt2" config-id="1815" config-name="default" job-space-id="45971" job-space-path="UFBV/wintersteiger/fmsd13/ranking" solver-id="1286" solver-name="Z3-4.3.2.a054b099c1d6-x64-debian-6.0.6-SMT-COMP-2014"/>
<JobPair bench-id="892886" bench-name="small-dyn-partition-fixpoint-9.smt2" config-id="1778" config-name="default" job-space-id="45972" job-space-path="UFBV/wintersteiger/fmsd13/fixpoint" solver-id="1257" solver-name="CVC4 f7118b2"/>
<JobPair bench-id="892886" bench-name="small-dyn-partition-fixpoint-9.smt2" config-id="1815" config-name="default" job-space-id="45972" job-space-path="UFBV/wintersteiger/fmsd13/fixpoint" solver-id="1286" solver-name="Z3-4.3.2.a054b099c1d6-x64-debian-6.0.6-SMT-COMP-2014"/>
<JobPair bench-id="892826" bench-name="kmdf_AMCC5933_sys_S5933DK1.c.smt2" config-id="1778" config-name="default" job-space-id="45971" job-space-path="UFBV/wintersteiger/fmsd13/ranking" solver-id="1257" solver-name="CVC4 f7118b2"/>
<JobPair bench-id="892826" bench-name="kmdf_AMCC5933_sys_S5933DK1.c.smt2" config-id="1815" config-name="default" job-space-id="45971" job-space-path="UFBV/wintersteiger/fmsd13/ranking" solver-id="1286" solver-name="Z3-4.3.2.a054b099c1d6-x64-debian-6.0.6-SMT-COMP-2014"/>
<JobPair bench-id="892887" bench-name="ethernet-fixpoint-3.smt2" config-id="1778" config-name="default" job-space-id="45972" job-space-path="UFBV/wintersteiger/fmsd13/fixpoint" solver-id="1257" solver-name="CVC4 f7118b2"/>
<JobPair bench-id="892887" bench-name="ethernet-fixpoint-3.smt2" config-id="1815" config-name="default" job-space-id="45972" job-space-path="UFBV/wintersteiger/fmsd13/fixpoint" solver-id="1286" solver-name="Z3-4.3.2.a054b099c1d6-x64-debian-6.0.6-SMT-COMP-2014"/>
<JobPair bench-id="892827" bench-name="filesys_cdfs_allocsup.c.smt2" config-id="1778" config-name="default" job-space-id="45971" job-space-path="UFBV/wintersteiger/fmsd13/ranking" solver-id="1257" solver-name="CVC4 f7118b2"/>
<JobPair bench-id="892827" bench-name="filesys_cdfs_allocsup.c.smt2" config-id="1815" config-name="default" job-space-id="45971" job-space-path="UFBV/wintersteiger/fmsd13/ranking" solver-id="1286" solver-name="Z3-4.3.2.a054b099c1d6-x64-debian-6.0.6-SMT-COMP-2014"/>
<JobPair bench-id="892888" bench-name="small-swap1-fixpoint-10.smt2" config-id="1778" config-name="default" job-space-id="45972" job-space-path="UFBV/wintersteiger/fmsd13/fixpoint" solver-id="1257" solver-name="CVC4 f7118b2"/>
<JobPair bench-id="892888" bench-name="small-swap1-fixpoint-10.smt2" config-id="1815" config-name="default" job-space-id="45972" job-space-path="UFBV/wintersteiger/fmsd13/fixpoint" solver-id="1286" solver-name="Z3-4.3.2.a054b099c1d6-x64-debian-6.0.6-SMT-COMP-2014"/>
<JobPair bench-id="892828" bench-name="input_mouser_cseries.c.smt2" config-id="1778" config-name="default" job-space-id="45971" job-space-path="UFBV/wintersteiger/fmsd13/ranking" solver-id="1257" solver-name="CVC4 f7118b2"/>
<JobPair bench-id="892828" bench-name="input_mouser_cseries.c.smt2" config-id="1815" config-name="default" job-space-id="45971" job-space-path="UFBV/wintersteiger/fmsd13/ranking" solver-id="1286" solver-name="Z3-4.3.2.a054b099c1d6-x64-debian-6.0.6-SMT-COMP-2014"/>
<JobPair bench-id="892889" bench-name="usb-phy-fixpoint-4.smt2" config-id="1778" config-name="default" job-space-id="45972" job-space-path="UFBV/wintersteiger/fmsd13/fixpoint" solver-id="1257" solver-name="CVC4 f7118b2"/>
<JobPair bench-id="892889" bench-name="usb-phy-fixpoint-4.smt2" config-id="1815" config-name="default" job-space-id="45972" job-space-path="UFBV/wintersteiger/fmsd13/fixpoint" solver-id="1286" solver-name="Z3-4.3.2.a054b099c1d6-x64-debian-6.0.6-SMT-COMP-2014"/>
<JobPair bench-id="892829" bench-name="mmedia_gsm610_gsm6103.c.smt2" config-id="1778" config-name="default" job-space-id="45971" job-space-path="UFBV/wintersteiger/fmsd13/ranking" solver-id="1257" solver-name="CVC4 f7118b2"/>
<JobPair bench-id="892829" bench-name="mmedia_gsm610_gsm6103.c.smt2" config-id="1815" config-name="default" job-space-id="45971" job-space-path="UFBV/wintersteiger/fmsd13/ranking" solver-id="1286" solver-name="Z3-4.3.2.a054b099c1d6-x64-debian-6.0.6-SMT-COMP-2014"/>
<JobPair bench-id="892890" bench-name="AR-fixpoint-4.smt2" config-id="1778" config-name="default" job-space-id="45972" job-space-path="UFBV/wintersteiger/fmsd13/fixpoint" solver-id="1257" solver-name="CVC4 f7118b2"/>
<JobPair bench-id="892890" bench-name="AR-fixpoint-4.smt2" config-id="1815" config-name="default" job-space-id="45972" job-space-path="UFBV/wintersteiger/fmsd13/fixpoint" solver-id="1286" solver-name="Z3-4.3.2.a054b099c1d6-x64-debian-6.0.6-SMT-COMP-2014"/>
<JobPair bench-id="892830" bench-name="mmedia_gsm610_gsm610.c.smt2" config-id="1778" config-name="default" job-space-id="45971" job-space-path="UFBV/wintersteiger/fmsd13/ranking" solver-id="1257" solver-name="CVC4 f7118b2"/>
<JobPair bench-id="892830" bench-name="mmedia_gsm610_gsm610.c.smt2" config-id="1815" config-name="default" job-space-id="45971" job-space-path="UFBV/wintersteiger/fmsd13/ranking" solver-id="1286" solver-name="Z3-4.3.2.a054b099c1d6-x64-debian-6.0.6-SMT-COMP-2014"/>
<JobPair bench-id="892891" bench-name="small-equiv-fixpoint-1.smt2" config-id="1778" config-name="default" job-space-id="45972" job-space-path="UFBV/wintersteiger/fmsd13/fixpoint" solver-id="1257" solver-name="CVC4 f7118b2"/>
<JobPair bench-id="892891" bench-name="small-equiv-fixpoint-1.smt2" config-id="1815" config-name="default" job-space-id="45972" job-space-path="UFBV/wintersteiger/fmsd13/fixpoint" solver-id="1286" solver-name="Z3-4.3.2.a054b099c1d6-x64-debian-6.0.6-SMT-COMP-2014"/>
<JobPair bench-id="892831" bench-name="filesys_cdfs_namesup_noarray.c.smt2" config-id="1778" config-name="default" job-space-id="45971" job-space-path="UFBV/wintersteiger/fmsd13/ranking" solver-id="1257" solver-name="CVC4 f7118b2"/>
<JobPair bench-id="892831" bench-name="filesys_cdfs_namesup_noarray.c.smt2" config-id="1815" config-name="default" job-space-id="45971" job-space-path="UFBV/wintersteiger/fmsd13/ranking" solver-id="1286" solver-name="Z3-4.3.2.a054b099c1d6-x64-debian-6.0.6-SMT-COMP-2014"/>
<JobPair bench-id="892892" bench-name="small-pipeline-fixpoint-10.smt2" config-id="1778" config-name="default" job-space-id="45972" job-space-path="UFBV/wintersteiger/fmsd13/fixpoint" solver-id="1257" solver-name="CVC4 f7118b2"/>
<JobPair bench-id="892892" bench-name="small-pipeline-fixpoint-10.smt2" config-id="1815" config-name="default" job-space-id="45972" job-space-path="UFBV/wintersteiger/fmsd13/fixpoint" solver-id="1286" solver-name="Z3-4.3.2.a054b099c1d6-x64-debian-6.0.6-SMT-COMP-2014"/>
<JobPair bench-id="892832" bench-name="kmdf_osrusbfx2_exe_dump.c.smt2" config-id="1778" config-name="default" job-space-id="45971" job-space-path="UFBV/wintersteiger/fmsd13/ranking" solver-id="1257" solver-name="CVC4 f7118b2"/>
<JobPair bench-id="892832" bench-name="kmdf_osrusbfx2_exe_dump.c.smt2" config-id="1815" config-name="default" job-space-id="45971" job-space-path="UFBV/wintersteiger/fmsd13/ranking" solver-id="1286" solver-name="Z3-4.3.2.a054b099c1d6-x64-debian-6.0.6-SMT-COMP-2014"/>
<JobPair bench-id="892893" bench-name="small-swap1-fixpoint-2.smt2" config-id="1778" config-name="default" job-space-id="45972" job-space-path="UFBV/wintersteiger/fmsd13/fixpoint" solver-id="1257" solver-name="CVC4 f7118b2"/>
<JobPair bench-id="892893" bench-name="small-swap1-fixpoint-2.smt2" config-id="1815" config-name="default" job-space-id="45972" job-space-path="UFBV/wintersteiger/fmsd13/fixpoint" solver-id="1286" solver-name="Z3-4.3.2.a054b099c1d6-x64-debian-6.0.6-SMT-COMP-2014"/>
<JobPair bench-id="892833" bench-name="hid_hclient_ecdisp.c.smt2" config-id="1778" config-name="default" job-space-id="45971" job-space-path="UFBV/wintersteiger/fmsd13/ranking" solver-id="1257" solver-name="CVC4 f7118b2"/>
<JobPair bench-id="892833" bench-name="hid_hclient_ecdisp.c.smt2" config-id="1815" config-name="default" job-space-id="45971" job-space-path="UFBV/wintersteiger/fmsd13/ranking" solver-id="1286" solver-name="Z3-4.3.2.a054b099c1d6-x64-debian-6.0.6-SMT-COMP-2014"/>
<JobPair bench-id="892894" bench-name="cache-coherence-3-fixpoint-3.smt2" config-id="1778" config-name="default" job-space-id="45972" job-space-path="UFBV/wintersteiger/fmsd13/fixpoint" solver-id="1257" solver-name="CVC4 f7118b2"/>
<JobPair bench-id="892894" bench-name="cache-coherence-3-fixpoint-3.smt2" config-id="1815" config-name="default" job-space-id="45972" job-space-path="UFBV/wintersteiger/fmsd13/fixpoint" solver-id="1286" solver-name="Z3-4.3.2.a054b099c1d6-x64-debian-6.0.6-SMT-COMP-2014"/>
<JobPair bench-id="892834" bench-name="filesys_fastfat_cachesup.c.smt2" config-id="1778" config-name="default" job-space-id="45971" job-space-path="UFBV/wintersteiger/fmsd13/ranking" solver-id="1257" solver-name="CVC4 f7118b2"/>
<JobPair bench-id="892834" bench-name="filesys_fastfat_cachesup.c.smt2" config-id="1815" config-name="default" job-space-id="45971" job-space-path="UFBV/wintersteiger/fmsd13/ranking" solver-id="1286" solver-name="Z3-4.3.2.a054b099c1d6-x64-debian-6.0.6-SMT-COMP-2014"/>
<JobPair bench-id="892895" bench-name="AR-fixpoint-10.smt2" config-id="1778" config-name="default" job-space-id="45972" job-space-path="UFBV/wintersteiger/fmsd13/fixpoint" solver-id="1257" solver-name="CVC4 f7118b2"/>
<JobPair bench-id="892895" bench-name="AR-fixpoint-10.smt2" config-id="1815" config-name="default" job-space-id="45972" job-space-path="UFBV/wintersteiger/fmsd13/fixpoint" solver-id="1286" solver-name="Z3-4.3.2.a054b099c1d6-x64-debian-6.0.6-SMT-COMP-2014"/>
<JobPair bench-id="892835" bench-name="filesys_smbmrx_smbxchng.c.smt2" config-id="1778" config-name="default" job-space-id="45971" job-space-path="UFBV/wintersteiger/fmsd13/ranking" solver-id="1257" solver-name="CVC4 f7118b2"/>
<JobPair bench-id="892835" bench-name="filesys_smbmrx_smbxchng.c.smt2" config-id="1815" config-name="default" job-space-id="45971" job-space-path="UFBV/wintersteiger/fmsd13/ranking" solver-id="1286" solver-name="Z3-4.3.2.a054b099c1d6-x64-debian-6.0.6-SMT-COMP-2014"/>
<JobPair bench-id="892896" bench-name="AR-fixpoint-7.smt2" config-id="1778" config-name="default" job-space-id="45972" job-space-path="UFBV/wintersteiger/fmsd13/fixpoint" solver-id="1257" solver-name="CVC4 f7118b2"/>
<JobPair bench-id="892896" bench-name="AR-fixpoint-7.smt2" config-id="1815" config-name="default" job-space-id="45972" job-space-path="UFBV/wintersteiger/fmsd13/fixpoint" solver-id="1286" solver-name="Z3-4.3.2.a054b099c1d6-x64-debian-6.0.6-SMT-COMP-2014"/>
<JobPair bench-id="892836" bench-name="audio_ac97_common.cpp.smt2" config-id="1778" config-name="default" job-space-id="45971" job-space-path="UFBV/wintersteiger/fmsd13/ranking" solver-id="1257" solver-name="CVC4 f7118b2"/>
<JobPair bench-id="892836" bench-name="audio_ac97_common.cpp.smt2" config-id="1815" config-name="default" job-space-id="45971" job-space-path="UFBV/wintersteiger/fmsd13/ranking" solver-id="1286" solver-name="Z3-4.3.2.a054b099c1d6-x64-debian-6.0.6-SMT-COMP-2014"/>
<JobPair bench-id="892897" bench-name="sdlx-fixpoint-6.smt2" config-id="1778" config-name="default" job-space-id="45972" job-space-path="UFBV/wintersteiger/fmsd13/fixpoint" solver-id="1257" solver-name="CVC4 f7118b2"/>
<JobPair bench-id="892897" bench-name="sdlx-fixpoint-6.smt2" config-id="1815" config-name="default" job-space-id="45972" job-space-path="UFBV/wintersteiger/fmsd13/fixpoint" solver-id="1286" solver-name="Z3-4.3.2.a054b099c1d6-x64-debian-6.0.6-SMT-COMP-2014"/>
<JobPair bench-id="892837" bench-name="audio_gfxswap.xp_filter.cpp.smt2" config-id="1778" config-name="default" job-space-id="45971" job-space-path="UFBV/wintersteiger/fmsd13/ranking" solver-id="1257" solver-name="CVC4 f7118b2"/>
<JobPair bench-id="892837" bench-name="audio_gfxswap.xp_filter.cpp.smt2" config-id="1815" config-name="default" job-space-id="45971" job-space-path="UFBV/wintersteiger/fmsd13/ranking" solver-id="1286" solver-name="Z3-4.3.2.a054b099c1d6-x64-debian-6.0.6-SMT-COMP-2014"/>
<JobPair bench-id="892898" bench-name="small-synabs-fixpoint-10.smt2" config-id="1778" config-name="default" job-space-id="45972" job-space-path="UFBV/wintersteiger/fmsd13/fixpoint" solver-id="1257" solver-name="CVC4 f7118b2"/>
<JobPair bench-id="892898" bench-name="small-synabs-fixpoint-10.smt2" config-id="1815" config-name="default" job-space-id="45972" job-space-path="UFBV/wintersteiger/fmsd13/fixpoint" solver-id="1286" solver-name="Z3-4.3.2.a054b099c1d6-x64-debian-6.0.6-SMT-COMP-2014"/>
<JobPair bench-id="892838" bench-name="kmdf_pcidrv_sys_hw_physet.c.smt2" config-id="1778" config-name="default" job-space-id="45971" job-space-path="UFBV/wintersteiger/fmsd13/ranking" solver-id="1257" solver-name="CVC4 f7118b2"/>
<JobPair bench-id="892838" bench-name="kmdf_pcidrv_sys_hw_physet.c.smt2" config-id="1815" config-name="default" job-space-id="45971" job-space-path="UFBV/wintersteiger/fmsd13/ranking" solver-id="1286" solver-name="Z3-4.3.2.a054b099c1d6-x64-debian-6.0.6-SMT-COMP-2014"/>
<JobPair bench-id="892899" bench-name="small-bug1-fixpoint-7.smt2" config-id="1778" config-name="default" job-space-id="45972" job-space-path="UFBV/wintersteiger/fmsd13/fixpoint" solver-id="1257" solver-name="CVC4 f7118b2"/>
<JobPair bench-id="892899" bench-name="small-bug1-fixpoint-7.smt2" config-id="1815" config-name="default" job-space-id="45972" job-space-path="UFBV/wintersteiger/fmsd13/fixpoint" solver-id="1286" solver-name="Z3-4.3.2.a054b099c1d6-x64-debian-6.0.6-SMT-COMP-2014"/>
<JobPair bench-id="892839" bench-name="filesys_cdfs_namesup2.c.smt2" config-id="1778" config-name="default" job-space-id="45971" job-space-path="UFBV/wintersteiger/fmsd13/ranking" solver-id="1257" solver-name="CVC4 f7118b2"/>
<JobPair bench-id="892839" bench-name="filesys_cdfs_namesup2.c.smt2" config-id="1815" config-name="default" job-space-id="45971" job-space-path="UFBV/wintersteiger/fmsd13/ranking" solver-id="1286" solver-name="Z3-4.3.2.a054b099c1d6-x64-debian-6.0.6-SMT-COMP-2014"/>
<JobPair bench-id="892900" bench-name="small-bug1-fixpoint-2.smt2" config-id="1778" config-name="default" job-space-id="45972" job-space-path="UFBV/wintersteiger/fmsd13/fixpoint" solver-id="1257" solver-name="CVC4 f7118b2"/>
<JobPair bench-id="892900" bench-name="small-bug1-fixpoint-2.smt2" config-id="1815" config-name="default" job-space-id="45972" job-space-path="UFBV/wintersteiger/fmsd13/fixpoint" solver-id="1286" solver-name="Z3-4.3.2.a054b099c1d6-x64-debian-6.0.6-SMT-COMP-2014"/>
<JobPair bench-id="892840" bench-name="general_pcidrv_sys_hw_eeprom2.c.smt2" config-id="1778" config-name="default" job-space-id="45971" job-space-path="UFBV/wintersteiger/fmsd13/ranking" solver-id="1257" solver-name="CVC4 f7118b2"/>
<JobPair bench-id="892840" bench-name="general_pcidrv_sys_hw_eeprom2.c.smt2" config-id="1815" config-name="default" job-space-id="45971" job-space-path="UFBV/wintersteiger/fmsd13/ranking" solver-id="1286" solver-name="Z3-4.3.2.a054b099c1d6-x64-debian-6.0.6-SMT-COMP-2014"/>
<JobPair bench-id="892901" bench-name="small-dyn-partition-fixpoint-8.smt2" config-id="1778" config-name="default" job-space-id="45972" job-space-path="UFBV/wintersteiger/fmsd13/fixpoint" solver-id="1257" solver-name="CVC4 f7118b2"/>
<JobPair bench-id="892901" bench-name="small-dyn-partition-fixpoint-8.smt2" config-id="1815" config-name="default" job-space-id="45972" job-space-path="UFBV/wintersteiger/fmsd13/fixpoint" solver-id="1286" solver-name="Z3-4.3.2.a054b099c1d6-x64-debian-6.0.6-SMT-COMP-2014"/>
<JobPair bench-id="892841" bench-name="network_ndis_rtlnwifi_extsta_st_misc.c.smt2" config-id="1778" config-name="default" job-space-id="45971" job-space-path="UFBV/wintersteiger/fmsd13/ranking" solver-id="1257" solver-name="CVC4 f7118b2"/>
<JobPair bench-id="892841" bench-name="network_ndis_rtlnwifi_extsta_st_misc.c.smt2" config-id="1815" config-name="default" job-space-id="45971" job-space-path="UFBV/wintersteiger/fmsd13/ranking" solver-id="1286" solver-name="Z3-4.3.2.a054b099c1d6-x64-debian-6.0.6-SMT-COMP-2014"/>
<JobPair bench-id="892902" bench-name="small-swap2-fixpoint-2.smt2" config-id="1778" config-name="default" job-space-id="45972" job-space-path="UFBV/wintersteiger/fmsd13/fixpoint" solver-id="1257" solver-name="CVC4 f7118b2"/>
<JobPair bench-id="892902" bench-name="small-swap2-fixpoint-2.smt2" config-id="1815" config-name="default" job-space-id="45972" job-space-path="UFBV/wintersteiger/fmsd13/fixpoint" solver-id="1286" solver-name="Z3-4.3.2.a054b099c1d6-x64-debian-6.0.6-SMT-COMP-2014"/>
<JobPair bench-id="892842" bench-name="1394diag_isochapi.c.smt2" config-id="1778" config-name="default" job-space-id="45971" job-space-path="UFBV/wintersteiger/fmsd13/ranking" solver-id="1257" solver-name="CVC4 f7118b2"/>
<JobPair bench-id="892842" bench-name="1394diag_isochapi.c.smt2" config-id="1815" config-name="default" job-space-id="45971" job-space-path="UFBV/wintersteiger/fmsd13/ranking" solver-id="1286" solver-name="Z3-4.3.2.a054b099c1d6-x64-debian-6.0.6-SMT-COMP-2014"/>
<JobPair bench-id="892903" bench-name="small-synabs-fixpoint-7.smt2" config-id="1778" config-name="default" job-space-id="45972" job-space-path="UFBV/wintersteiger/fmsd13/fixpoint" solver-id="1257" solver-name="CVC4 f7118b2"/>
<JobPair bench-id="892903" bench-name="small-synabs-fixpoint-7.smt2" config-id="1815" config-name="default" job-space-id="45972" job-space-path="UFBV/wintersteiger/fmsd13/fixpoint" solver-id="1286" solver-name="Z3-4.3.2.a054b099c1d6-x64-debian-6.0.6-SMT-COMP-2014"/>
<JobPair bench-id="892843" bench-name="input_pnpi8042_moudep.c.smt2" config-id="1778" config-name="default" job-space-id="45971" job-space-path="UFBV/wintersteiger/fmsd13/ranking" solver-id="1257" solver-name="CVC4 f7118b2"/>
<JobPair bench-id="892843" bench-name="input_pnpi8042_moudep.c.smt2" config-id="1815" config-name="default" job-space-id="45971" job-space-path="UFBV/wintersteiger/fmsd13/ranking" solver-id="1286" solver-name="Z3-4.3.2.a054b099c1d6-x64-debian-6.0.6-SMT-COMP-2014"/>
<JobPair bench-id="892904" bench-name="cache-coherence-2-fixpoint-4.smt2" config-id="1778" config-name="default" job-space-id="45972" job-space-path="UFBV/wintersteiger/fmsd13/fixpoint" solver-id="1257" solver-name="CVC4 f7118b2"/>
<JobPair bench-id="892904" bench-name="cache-coherence-2-fixpoint-4.smt2" config-id="1815" config-name="default" job-space-id="45972" job-space-path="UFBV/wintersteiger/fmsd13/fixpoint" solver-id="1286" solver-name="Z3-4.3.2.a054b099c1d6-x64-debian-6.0.6-SMT-COMP-2014"/>
<JobPair bench-id="892844" bench-name="audio_fmsynth_miniport.cpp.smt2" config-id="1778" config-name="default" job-space-id="45971" job-space-path="UFBV/wintersteiger/fmsd13/ranking" solver-id="1257" solver-name="CVC4 f7118b2"/>
<JobPair bench-id="892844" bench-name="audio_fmsynth_miniport.cpp.smt2" config-id="1815" config-name="default" job-space-id="45971" job-space-path="UFBV/wintersteiger/fmsd13/ranking" solver-id="1286" solver-name="Z3-4.3.2.a054b099c1d6-x64-debian-6.0.6-SMT-COMP-2014"/>
<JobPair bench-id="892905" bench-name="small-swap2-fixpoint-3.smt2" config-id="1778" config-name="default" job-space-id="45972" job-space-path="UFBV/wintersteiger/fmsd13/fixpoint" solver-id="1257" solver-name="CVC4 f7118b2"/>
<JobPair bench-id="892905" bench-name="small-swap2-fixpoint-3.smt2" config-id="1815" config-name="default" job-space-id="45972" job-space-path="UFBV/wintersteiger/fmsd13/fixpoint" solver-id="1286" solver-name="Z3-4.3.2.a054b099c1d6-x64-debian-6.0.6-SMT-COMP-2014"/>
<JobPair bench-id="892845" bench-name="general_toaster_exe_notify_notify.c.smt2" config-id="1778" config-name="default" job-space-id="45971" job-space-path="UFBV/wintersteiger/fmsd13/ranking" solver-id="1257" solver-name="CVC4 f7118b2"/>
<JobPair bench-id="892845" bench-name="general_toaster_exe_notify_notify.c.smt2" config-id="1815" config-name="default" job-space-id="45971" job-space-path="UFBV/wintersteiger/fmsd13/ranking" solver-id="1286" solver-name="Z3-4.3.2.a054b099c1d6-x64-debian-6.0.6-SMT-COMP-2014"/>
<JobPair bench-id="892906" bench-name="small-equiv-fixpoint-6.smt2" config-id="1778" config-name="default" job-space-id="45972" job-space-path="UFBV/wintersteiger/fmsd13/fixpoint" solver-id="1257" solver-name="CVC4 f7118b2"/>
<JobPair bench-id="892906" bench-name="small-equiv-fixpoint-6.smt2" config-id="1815" config-name="default" job-space-id="45972" job-space-path="UFBV/wintersteiger/fmsd13/fixpoint" solver-id="1286" solver-name="Z3-4.3.2.a054b099c1d6-x64-debian-6.0.6-SMT-COMP-2014"/>
<JobPair bench-id="892846" bench-name="kmdf_usbsamp_sys_queue.c.smt2" config-id="1778" config-name="default" job-space-id="45971" job-space-path="UFBV/wintersteiger/fmsd13/ranking" solver-id="1257" solver-name="CVC4 f7118b2"/>
<JobPair bench-id="892846" bench-name="kmdf_usbsamp_sys_queue.c.smt2" config-id="1815" config-name="default" job-space-id="45971" job-space-path="UFBV/wintersteiger/fmsd13/ranking" solver-id="1286" solver-name="Z3-4.3.2.a054b099c1d6-x64-debian-6.0.6-SMT-COMP-2014"/>
<JobPair bench-id="892907" bench-name="small-synabs-fixpoint-6.smt2" config-id="1778" config-name="default" job-space-id="45972" job-space-path="UFBV/wintersteiger/fmsd13/fixpoint" solver-id="1257" solver-name="CVC4 f7118b2"/>
<JobPair bench-id="892907" bench-name="small-synabs-fixpoint-6.smt2" config-id="1815" config-name="default" job-space-id="45972" job-space-path="UFBV/wintersteiger/fmsd13/fixpoint" solver-id="1286" solver-name="Z3-4.3.2.a054b099c1d6-x64-debian-6.0.6-SMT-COMP-2014"/>
<JobPair bench-id="892847" bench-name="audio_sysfx_swap.cpp.smt2" config-id="1778" config-name="default" job-space-id="45971" job-space-path="UFBV/wintersteiger/fmsd13/ranking" solver-id="1257" solver-name="CVC4 f7118b2"/>
<JobPair bench-id="892847" bench-name="audio_sysfx_swap.cpp.smt2" config-id="1815" config-name="default" job-space-id="45971" job-space-path="UFBV/wintersteiger/fmsd13/ranking" solver-id="1286" solver-name="Z3-4.3.2.a054b099c1d6-x64-debian-6.0.6-SMT-COMP-2014"/>
<JobPair bench-id="892908" bench-name="small-pipeline-fixpoint-6.smt2" config-id="1778" config-name="default" job-space-id="45972" job-space-path="UFBV/wintersteiger/fmsd13/fixpoint" solver-id="1257" solver-name="CVC4 f7118b2"/>
<JobPair bench-id="892908" bench-name="small-pipeline-fixpoint-6.smt2" config-id="1815" config-name="default" job-space-id="45972" job-space-path="UFBV/wintersteiger/fmsd13/fixpoint" solver-id="1286" solver-name="Z3-4.3.2.a054b099c1d6-x64-debian-6.0.6-SMT-COMP-2014"/>
<JobPair bench-id="892848" bench-name="network_ndis_rtlnwifi_hw_hw_ccmp.c.smt2" config-id="1778" config-name="default" job-space-id="45971" job-space-path="UFBV/wintersteiger/fmsd13/ranking" solver-id="1257" solver-name="CVC4 f7118b2"/>
<JobPair bench-id="892848" bench-name="network_ndis_rtlnwifi_hw_hw_ccmp.c.smt2" config-id="1815" config-name="default" job-space-id="45971" job-space-path="UFBV/wintersteiger/fmsd13/ranking" solver-id="1286" solver-name="Z3-4.3.2.a054b099c1d6-x64-debian-6.0.6-SMT-COMP-2014"/>
<JobPair bench-id="892909" bench-name="small-bug1-fixpoint-3.smt2" config-id="1778" config-name="default" job-space-id="45972" job-space-path="UFBV/wintersteiger/fmsd13/fixpoint" solver-id="1257" solver-name="CVC4 f7118b2"/>
<JobPair bench-id="892909" bench-name="small-bug1-fixpoint-3.smt2" config-id="1815" config-name="default" job-space-id="45972" job-space-path="UFBV/wintersteiger/fmsd13/fixpoint" solver-id="1286" solver-name="Z3-4.3.2.a054b099c1d6-x64-debian-6.0.6-SMT-COMP-2014"/>
<JobPair bench-id="892849" bench-name="filesys_fastfat_easup.c.smt2" config-id="1778" config-name="default" job-space-id="45971" job-space-path="UFBV/wintersteiger/fmsd13/ranking" solver-id="1257" solver-name="CVC4 f7118b2"/>
<JobPair bench-id="892849" bench-name="filesys_fastfat_easup.c.smt2" config-id="1815" config-name="default" job-space-id="45971" job-space-path="UFBV/wintersteiger/fmsd13/ranking" solver-id="1286" solver-name="Z3-4.3.2.a054b099c1d6-x64-debian-6.0.6-SMT-COMP-2014"/>
<JobPair bench-id="892910" bench-name="itc-b13-fixpoint-5.smt2" config-id="1778" config-name="default" job-space-id="45972" job-space-path="UFBV/wintersteiger/fmsd13/fixpoint" solver-id="1257" solver-name="CVC4 f7118b2"/>
<JobPair bench-id="892910" bench-name="itc-b13-fixpoint-5.smt2" config-id="1815" config-name="default" job-space-id="45972" job-space-path="UFBV/wintersteiger/fmsd13/fixpoint" solver-id="1286" solver-name="Z3-4.3.2.a054b099c1d6-x64-debian-6.0.6-SMT-COMP-2014"/>
<JobPair bench-id="892850" bench-name="filesys_cdfs_cddata.c.smt2" config-id="1778" config-name="default" job-space-id="45971" job-space-path="UFBV/wintersteiger/fmsd13/ranking" solver-id="1257" solver-name="CVC4 f7118b2"/>
<JobPair bench-id="892850" bench-name="filesys_cdfs_cddata.c.smt2" config-id="1815" config-name="default" job-space-id="45971" job-space-path="UFBV/wintersteiger/fmsd13/ranking" solver-id="1286" solver-name="Z3-4.3.2.a054b099c1d6-x64-debian-6.0.6-SMT-COMP-2014"/>
<JobPair bench-id="892911" bench-name="small-bug1-fixpoint-10.smt2" config-id="1778" config-name="default" job-space-id="45972" job-space-path="UFBV/wintersteiger/fmsd13/fixpoint" solver-id="1257" solver-name="CVC4 f7118b2"/>
<JobPair bench-id="892911" bench-name="small-bug1-fixpoint-10.smt2" config-id="1815" config-name="default" job-space-id="45972" job-space-path="UFBV/wintersteiger/fmsd13/fixpoint" solver-id="1286" solver-name="Z3-4.3.2.a054b099c1d6-x64-debian-6.0.6-SMT-COMP-2014"/>
<JobPair bench-id="892851" bench-name="audio_ddksynth_csynth.cpp.smt2" config-id="1778" config-name="default" job-space-id="45971" job-space-path="UFBV/wintersteiger/fmsd13/ranking" solver-id="1257" solver-name="CVC4 f7118b2"/>
<JobPair bench-id="892851" bench-name="audio_ddksynth_csynth.cpp.smt2" config-id="1815" config-name="default" job-space-id="45971" job-space-path="UFBV/wintersteiger/fmsd13/ranking" solver-id="1286" solver-name="Z3-4.3.2.a054b099c1d6-x64-debian-6.0.6-SMT-COMP-2014"/>
<JobPair bench-id="892912" bench-name="sdlx-fixpoint-9.smt2" config-id="1778" config-name="default" job-space-id="45972" job-space-path="UFBV/wintersteiger/fmsd13/fixpoint" solver-id="1257" solver-name="CVC4 f7118b2"/>
<JobPair bench-id="892912" bench-name="sdlx-fixpoint-9.smt2" config-id="1815" config-name="default" job-space-id="45972" job-space-path="UFBV/wintersteiger/fmsd13/fixpoint" solver-id="1286" solver-name="Z3-4.3.2.a054b099c1d6-x64-debian-6.0.6-SMT-COMP-2014"/>
<JobPair bench-id="892852" bench-name="AVStream_image.cpp.smt2" config-id="1778" config-name="default" job-space-id="45971" job-space-path="UFBV/wintersteiger/fmsd13/ranking" solver-id="1257" solver-name="CVC4 f7118b2"/>
<JobPair bench-id="892852" bench-name="AVStream_image.cpp.smt2" config-id="1815" config-name="default" job-space-id="45971" job-space-path="UFBV/wintersteiger/fmsd13/ranking" solver-id="1286" solver-name="Z3-4.3.2.a054b099c1d6-x64-debian-6.0.6-SMT-COMP-2014"/>
<JobPair bench-id="892913" bench-name="small-bug1-fixpoint-1.smt2" config-id="1778" config-name="default" job-space-id="45972" job-space-path="UFBV/wintersteiger/fmsd13/fixpoint" solver-id="1257" solver-name="CVC4 f7118b2"/>
<JobPair bench-id="892913" bench-name="small-bug1-fixpoint-1.smt2" config-id="1815" config-name="default" job-space-id="45972" job-space-path="UFBV/wintersteiger/fmsd13/fixpoint" solver-id="1286" solver-name="Z3-4.3.2.a054b099c1d6-x64-debian-6.0.6-SMT-COMP-2014"/>
<JobPair bench-id="892853" bench-name="network_ndis_rtlnwifi_extsta_st_aplst.c.smt2" config-id="1778" config-name="default" job-space-id="45971" job-space-path="UFBV/wintersteiger/fmsd13/ranking" solver-id="1257" solver-name="CVC4 f7118b2"/>
<JobPair bench-id="892853" bench-name="network_ndis_rtlnwifi_extsta_st_aplst.c.smt2" config-id="1815" config-name="default" job-space-id="45971" job-space-path="UFBV/wintersteiger/fmsd13/ranking" solver-id="1286" solver-name="Z3-4.3.2.a054b099c1d6-x64-debian-6.0.6-SMT-COMP-2014"/>
<JobPair bench-id="892914" bench-name="small-pipeline-fixpoint-8.smt2" config-id="1778" config-name="default" job-space-id="45972" job-space-path="UFBV/wintersteiger/fmsd13/fixpoint" solver-id="1257" solver-name="CVC4 f7118b2"/>
<JobPair bench-id="892914" bench-name="small-pipeline-fixpoint-8.smt2" config-id="1815" config-name="default" job-space-id="45972" job-space-path="UFBV/wintersteiger/fmsd13/fixpoint" solver-id="1286" solver-name="Z3-4.3.2.a054b099c1d6-x64-debian-6.0.6-SMT-COMP-2014"/>
<JobPair bench-id="892854" bench-name="kmdf_osrusbfx2_exe_testapp.c.smt2" config-id="1778" config-name="default" job-space-id="45971" job-space-path="UFBV/wintersteiger/fmsd13/ranking" solver-id="1257" solver-name="CVC4 f7118b2"/>
<JobPair bench-id="892854" bench-name="kmdf_osrusbfx2_exe_testapp.c.smt2" config-id="1815" config-name="default" job-space-id="45971" job-space-path="UFBV/wintersteiger/fmsd13/ranking" solver-id="1286" solver-name="Z3-4.3.2.a054b099c1d6-x64-debian-6.0.6-SMT-COMP-2014"/>
<JobPair bench-id="892915" bench-name="small-swap1-fixpoint-5.smt2" config-id="1778" config-name="default" job-space-id="45972" job-space-path="UFBV/wintersteiger/fmsd13/fixpoint" solver-id="1257" solver-name="CVC4 f7118b2"/>
<JobPair bench-id="892915" bench-name="small-swap1-fixpoint-5.smt2" config-id="1815" config-name="default" job-space-id="45972" job-space-path="UFBV/wintersteiger/fmsd13/fixpoint" solver-id="1286" solver-name="Z3-4.3.2.a054b099c1d6-x64-debian-6.0.6-SMT-COMP-2014"/>
<JobPair bench-id="892855" bench-name="mmedia_gsm610_gsm6102.c.smt2" config-id="1778" config-name="default" job-space-id="45971" job-space-path="UFBV/wintersteiger/fmsd13/ranking" solver-id="1257" solver-name="CVC4 f7118b2"/>
<JobPair bench-id="892855" bench-name="mmedia_gsm610_gsm6102.c.smt2" config-id="1815" config-name="default" job-space-id="45971" job-space-path="UFBV/wintersteiger/fmsd13/ranking" solver-id="1286" solver-name="Z3-4.3.2.a054b099c1d6-x64-debian-6.0.6-SMT-COMP-2014"/>
<JobPair bench-id="892916" bench-name="ethernet-fixpoint-2.smt2" config-id="1778" config-name="default" job-space-id="45972" job-space-path="UFBV/wintersteiger/fmsd13/fixpoint" solver-id="1257" solver-name="CVC4 f7118b2"/>
<JobPair bench-id="892916" bench-name="ethernet-fixpoint-2.smt2" config-id="1815" config-name="default" job-space-id="45972" job-space-path="UFBV/wintersteiger/fmsd13/fixpoint" solver-id="1286" solver-name="Z3-4.3.2.a054b099c1d6-x64-debian-6.0.6-SMT-COMP-2014"/>
<JobPair bench-id="892856" bench-name="audio_ac97_wavepcistream3.cpp.smt2" config-id="1778" config-name="default" job-space-id="45971" job-space-path="UFBV/wintersteiger/fmsd13/ranking" solver-id="1257" solver-name="CVC4 f7118b2"/>
<JobPair bench-id="892856" bench-name="audio_ac97_wavepcistream3.cpp.smt2" config-id="1815" config-name="default" job-space-id="45971" job-space-path="UFBV/wintersteiger/fmsd13/ranking" solver-id="1286" solver-name="Z3-4.3.2.a054b099c1d6-x64-debian-6.0.6-SMT-COMP-2014"/>
<JobPair bench-id="892917" bench-name="small-pipeline-fixpoint-4.smt2" config-id="1778" config-name="default" job-space-id="45972" job-space-path="UFBV/wintersteiger/fmsd13/fixpoint" solver-id="1257" solver-name="CVC4 f7118b2"/>
<JobPair bench-id="892917" bench-name="small-pipeline-fixpoint-4.smt2" config-id="1815" config-name="default" job-space-id="45972" job-space-path="UFBV/wintersteiger/fmsd13/fixpoint" solver-id="1286" solver-name="Z3-4.3.2.a054b099c1d6-x64-debian-6.0.6-SMT-COMP-2014"/>
<JobPair bench-id="892857" bench-name="audio_ddksynth_voice.cpp.smt2" config-id="1778" config-name="default" job-space-id="45971" job-space-path="UFBV/wintersteiger/fmsd13/ranking" solver-id="1257" solver-name="CVC4 f7118b2"/>
<JobPair bench-id="892857" bench-name="audio_ddksynth_voice.cpp.smt2" config-id="1815" config-name="default" job-space-id="45971" job-space-path="UFBV/wintersteiger/fmsd13/ranking" solver-id="1286" solver-name="Z3-4.3.2.a054b099c1d6-x64-debian-6.0.6-SMT-COMP-2014"/>
<JobPair bench-id="892918" bench-name="small-equiv-fixpoint-10.smt2" config-id="1778" config-name="default" job-space-id="45972" job-space-path="UFBV/wintersteiger/fmsd13/fixpoint" solver-id="1257" solver-name="CVC4 f7118b2"/>
<JobPair bench-id="892918" bench-name="small-equiv-fixpoint-10.smt2" config-id="1815" config-name="default" job-space-id="45972" job-space-path="UFBV/wintersteiger/fmsd13/fixpoint" solver-id="1286" solver-name="Z3-4.3.2.a054b099c1d6-x64-debian-6.0.6-SMT-COMP-2014"/>
<JobPair bench-id="892858" bench-name="filesys_filter_namelookup.c.smt2" config-id="1778" config-name="default" job-space-id="45971" job-space-path="UFBV/wintersteiger/fmsd13/ranking" solver-id="1257" solver-name="CVC4 f7118b2"/>
<JobPair bench-id="892858" bench-name="filesys_filter_namelookup.c.smt2" config-id="1815" config-name="default" job-space-id="45971" job-space-path="UFBV/wintersteiger/fmsd13/ranking" solver-id="1286" solver-name="Z3-4.3.2.a054b099c1d6-x64-debian-6.0.6-SMT-COMP-2014"/>
<JobPair bench-id="892919" bench-name="small-swap2-fixpoint-1.smt2" config-id="1778" config-name="default" job-space-id="45972" job-space-path="UFBV/wintersteiger/fmsd13/fixpoint" solver-id="1257" solver-name="CVC4 f7118b2"/>
<JobPair bench-id="892919" bench-name="small-swap2-fixpoint-1.smt2" config-id="1815" config-name="default" job-space-id="45972" job-space-path="UFBV/wintersteiger/fmsd13/fixpoint" solver-id="1286" solver-name="Z3-4.3.2.a054b099c1d6-x64-debian-6.0.6-SMT-COMP-2014"/>
<JobPair bench-id="892859" bench-name="network_usbnwifi_mp_util.c.smt2" config-id="1778" config-name="default" job-space-id="45971" job-space-path="UFBV/wintersteiger/fmsd13/ranking" solver-id="1257" solver-name="CVC4 f7118b2"/>
<JobPair bench-id="892859" bench-name="network_usbnwifi_mp_util.c.smt2" config-id="1815" config-name="default" job-space-id="45971" job-space-path="UFBV/wintersteiger/fmsd13/ranking" solver-id="1286" solver-name="Z3-4.3.2.a054b099c1d6-x64-debian-6.0.6-SMT-COMP-2014"/>
<JobPair bench-id="892920" bench-name="small-pipeline-fixpoint-1.smt2" config-id="1778" config-name="default" job-space-id="45972" job-space-path="UFBV/wintersteiger/fmsd13/fixpoint" solver-id="1257" solver-name="CVC4 f7118b2"/>
<JobPair bench-id="892920" bench-name="small-pipeline-fixpoint-1.smt2" config-id="1815" config-name="default" job-space-id="45972" job-space-path="UFBV/wintersteiger/fmsd13/fixpoint" solver-id="1286" solver-name="Z3-4.3.2.a054b099c1d6-x64-debian-6.0.6-SMT-COMP-2014"/>
<JobPair bench-id="892860" bench-name="hid_firefly_app_firefly.cpp.smt2" config-id="1778" config-name="default" job-space-id="45971" job-space-path="UFBV/wintersteiger/fmsd13/ranking" solver-id="1257" solver-name="CVC4 f7118b2"/>
<JobPair bench-id="892860" bench-name="hid_firefly_app_firefly.cpp.smt2" config-id="1815" config-name="default" job-space-id="45971" job-space-path="UFBV/wintersteiger/fmsd13/ranking" solver-id="1286" solver-name="Z3-4.3.2.a054b099c1d6-x64-debian-6.0.6-SMT-COMP-2014"/>
<JobPair bench-id="892921" bench-name="pi-bus-fixpoint-1.smt2" config-id="1778" config-name="default" job-space-id="45972" job-space-path="UFBV/wintersteiger/fmsd13/fixpoint" solver-id="1257" solver-name="CVC4 f7118b2"/>
<JobPair bench-id="892921" bench-name="pi-bus-fixpoint-1.smt2" config-id="1815" config-name="default" job-space-id="45972" job-space-path="UFBV/wintersteiger/fmsd13/fixpoint" solver-id="1286" solver-name="Z3-4.3.2.a054b099c1d6-x64-debian-6.0.6-SMT-COMP-2014"/>
<JobPair bench-id="892861" bench-name="network_irda_miniport_nscirda_settings.c.smt2" config-id="1778" config-name="default" job-space-id="45971" job-space-path="UFBV/wintersteiger/fmsd13/ranking" solver-id="1257" solver-name="CVC4 f7118b2"/>
<JobPair bench-id="892861" bench-name="network_irda_miniport_nscirda_settings.c.smt2" config-id="1815" config-name="default" job-space-id="45971" job-space-path="UFBV/wintersteiger/fmsd13/ranking" solver-id="1286" solver-name="Z3-4.3.2.a054b099c1d6-x64-debian-6.0.6-SMT-COMP-2014"/>
<JobPair bench-id="892922" bench-name="small-swap2-fixpoint-5.smt2" config-id="1778" config-name="default" job-space-id="45972" job-space-path="UFBV/wintersteiger/fmsd13/fixpoint" solver-id="1257" solver-name="CVC4 f7118b2"/>
<JobPair bench-id="892922" bench-name="small-swap2-fixpoint-5.smt2" config-id="1815" config-name="default" job-space-id="45972" job-space-path="UFBV/wintersteiger/fmsd13/fixpoint" solver-id="1286" solver-name="Z3-4.3.2.a054b099c1d6-x64-debian-6.0.6-SMT-COMP-2014"/>
<JobPair bench-id="892862" bench-name="1394diag_ioctl.c.smt2" config-id="1778" config-name="default" job-space-id="45971" job-space-path="UFBV/wintersteiger/fmsd13/ranking" solver-id="1257" solver-name="CVC4 f7118b2"/>
<JobPair bench-id="892862" bench-name="1394diag_ioctl.c.smt2" config-id="1815" config-name="default" job-space-id="45971" job-space-path="UFBV/wintersteiger/fmsd13/ranking" solver-id="1286" solver-name="Z3-4.3.2.a054b099c1d6-x64-debian-6.0.6-SMT-COMP-2014"/>
<JobPair bench-id="892923" bench-name="itc-b13-fixpoint-3.smt2" config-id="1778" config-name="default" job-space-id="45972" job-space-path="UFBV/wintersteiger/fmsd13/fixpoint" solver-id="1257" solver-name="CVC4 f7118b2"/>
<JobPair bench-id="892923" bench-name="itc-b13-fixpoint-3.smt2" config-id="1815" config-name="default" job-space-id="45972" job-space-path="UFBV/wintersteiger/fmsd13/fixpoint" solver-id="1286" solver-name="Z3-4.3.2.a054b099c1d6-x64-debian-6.0.6-SMT-COMP-2014"/>
<JobPair bench-id="892863" bench-name="kmdf_pcidrv_sys_hw_nic_init.c.smt2" config-id="1778" config-name="default" job-space-id="45971" job-space-path="UFBV/wintersteiger/fmsd13/ranking" solver-id="1257" solver-name="CVC4 f7118b2"/>
<JobPair bench-id="892863" bench-name="kmdf_pcidrv_sys_hw_nic_init.c.smt2" config-id="1815" config-name="default" job-space-id="45971" job-space-path="UFBV/wintersteiger/fmsd13/ranking" solver-id="1286" solver-name="Z3-4.3.2.a054b099c1d6-x64-debian-6.0.6-SMT-COMP-2014"/>
<JobPair bench-id="892924" bench-name="itc-b13-fixpoint-7.smt2" config-id="1778" config-name="default" job-space-id="45972" job-space-path="UFBV/wintersteiger/fmsd13/fixpoint" solver-id="1257" solver-name="CVC4 f7118b2"/>
<JobPair bench-id="892924" bench-name="itc-b13-fixpoint-7.smt2" config-id="1815" config-name="default" job-space-id="45972" job-space-path="UFBV/wintersteiger/fmsd13/fixpoint" solver-id="1286" solver-name="Z3-4.3.2.a054b099c1d6-x64-debian-6.0.6-SMT-COMP-2014"/>
<JobPair bench-id="892864" bench-name="filesys_smbmrx_cvsndrcv.c.smt2" config-id="1778" config-name="default" job-space-id="45971" job-space-path="UFBV/wintersteiger/fmsd13/ranking" solver-id="1257" solver-name="CVC4 f7118b2"/>
<JobPair bench-id="892864" bench-name="filesys_smbmrx_cvsndrcv.c.smt2" config-id="1815" config-name="default" job-space-id="45971" job-space-path="UFBV/wintersteiger/fmsd13/ranking" solver-id="1286" solver-name="Z3-4.3.2.a054b099c1d6-x64-debian-6.0.6-SMT-COMP-2014"/>
<JobPair bench-id="892925" bench-name="small-synabs-fixpoint-8.smt2" config-id="1778" config-name="default" job-space-id="45972" job-space-path="UFBV/wintersteiger/fmsd13/fixpoint" solver-id="1257" solver-name="CVC4 f7118b2"/>
<JobPair bench-id="892925" bench-name="small-synabs-fixpoint-8.smt2" config-id="1815" config-name="default" job-space-id="45972" job-space-path="UFBV/wintersteiger/fmsd13/fixpoint" solver-id="1286" solver-name="Z3-4.3.2.a054b099c1d6-x64-debian-6.0.6-SMT-COMP-2014"/>
<JobPair bench-id="892865" bench-name="network_ndis_e100bex_5x_kd_mp_dbg.c.smt2" config-id="1778" config-name="default" job-space-id="45971" job-space-path="UFBV/wintersteiger/fmsd13/ranking" solver-id="1257" solver-name="CVC4 f7118b2"/>
<JobPair bench-id="892865" bench-name="network_ndis_e100bex_5x_kd_mp_dbg.c.smt2" config-id="1815" config-name="default" job-space-id="45971" job-space-path="UFBV/wintersteiger/fmsd13/ranking" solver-id="1286" solver-name="Z3-4.3.2.a054b099c1d6-x64-debian-6.0.6-SMT-COMP-2014"/>
<JobPair bench-id="892926" bench-name="small-dyn-partition-fixpoint-3.smt2" config-id="1778" config-name="default" job-space-id="45972" job-space-path="UFBV/wintersteiger/fmsd13/fixpoint" solver-id="1257" solver-name="CVC4 f7118b2"/>
<JobPair bench-id="892926" bench-name="small-dyn-partition-fixpoint-3.smt2" config-id="1815" config-name="default" job-space-id="45972" job-space-path="UFBV/wintersteiger/fmsd13/fixpoint" solver-id="1286" solver-name="Z3-4.3.2.a054b099c1d6-x64-debian-6.0.6-SMT-COMP-2014"/>
<JobPair bench-id="892866" bench-name="audio_dmusuart_mpu.cpp.smt2" config-id="1778" config-name="default" job-space-id="45971" job-space-path="UFBV/wintersteiger/fmsd13/ranking" solver-id="1257" solver-name="CVC4 f7118b2"/>
<JobPair bench-id="892866" bench-name="audio_dmusuart_mpu.cpp.smt2" config-id="1815" config-name="default" job-space-id="45971" job-space-path="UFBV/wintersteiger/fmsd13/ranking" solver-id="1286" solver-name="Z3-4.3.2.a054b099c1d6-x64-debian-6.0.6-SMT-COMP-2014"/>
<JobPair bench-id="892927" bench-name="small-swap2-fixpoint-7.smt2" config-id="1778" config-name="default" job-space-id="45972" job-space-path="UFBV/wintersteiger/fmsd13/fixpoint" solver-id="1257" solver-name="CVC4 f7118b2"/>
<JobPair bench-id="892927" bench-name="small-swap2-fixpoint-7.smt2" config-id="1815" config-name="default" job-space-id="45972" job-space-path="UFBV/wintersteiger/fmsd13/fixpoint" solver-id="1286" solver-name="Z3-4.3.2.a054b099c1d6-x64-debian-6.0.6-SMT-COMP-2014"/>
<JobPair bench-id="892867" bench-name="mmedia_imaadpcm_imaadpcm.c.smt2" config-id="1778" config-name="default" job-space-id="45971" job-space-path="UFBV/wintersteiger/fmsd13/ranking" solver-id="1257" solver-name="CVC4 f7118b2"/>
<JobPair bench-id="892867" bench-name="mmedia_imaadpcm_imaadpcm.c.smt2" config-id="1815" config-name="default" job-space-id="45971" job-space-path="UFBV/wintersteiger/fmsd13/ranking" solver-id="1286" solver-name="Z3-4.3.2.a054b099c1d6-x64-debian-6.0.6-SMT-COMP-2014"/>
<JobPair bench-id="892928" bench-name="small-dyn-partition-fixpoint-7.smt2" config-id="1778" config-name="default" job-space-id="45972" job-space-path="UFBV/wintersteiger/fmsd13/fixpoint" solver-id="1257" solver-name="CVC4 f7118b2"/>
<JobPair bench-id="892928" bench-name="small-dyn-partition-fixpoint-7.smt2" config-id="1815" config-name="default" job-space-id="45972" job-space-path="UFBV/wintersteiger/fmsd13/fixpoint" solver-id="1286" solver-name="Z3-4.3.2.a054b099c1d6-x64-debian-6.0.6-SMT-COMP-2014"/>
<JobPair bench-id="892868" bench-name="audio_ac97_wavepcistream2.cpp.smt2" config-id="1778" config-name="default" job-space-id="45971" job-space-path="UFBV/wintersteiger/fmsd13/ranking" solver-id="1257" solver-name="CVC4 f7118b2"/>
<JobPair bench-id="892868" bench-name="audio_ac97_wavepcistream2.cpp.smt2" config-id="1815" config-name="default" job-space-id="45971" job-space-path="UFBV/wintersteiger/fmsd13/ranking" solver-id="1286" solver-name="Z3-4.3.2.a054b099c1d6-x64-debian-6.0.6-SMT-COMP-2014"/>
<JobPair bench-id="892929" bench-name="AR-fixpoint-2.smt2" config-id="1778" config-name="default" job-space-id="45972" job-space-path="UFBV/wintersteiger/fmsd13/fixpoint" solver-id="1257" solver-name="CVC4 f7118b2"/>
<JobPair bench-id="892929" bench-name="AR-fixpoint-2.smt2" config-id="1815" config-name="default" job-space-id="45972" job-space-path="UFBV/wintersteiger/fmsd13/fixpoint" solver-id="1286" solver-name="Z3-4.3.2.a054b099c1d6-x64-debian-6.0.6-SMT-COMP-2014"/>
<JobPair bench-id="892869" bench-name="filesys_fastfat_write.c.smt2" config-id="1778" config-name="default" job-space-id="45971" job-space-path="UFBV/wintersteiger/fmsd13/ranking" solver-id="1257" solver-name="CVC4 f7118b2"/>
<JobPair bench-id="892869" bench-name="filesys_fastfat_write.c.smt2" config-id="1815" config-name="default" job-space-id="45971" job-space-path="UFBV/wintersteiger/fmsd13/ranking" solver-id="1286" solver-name="Z3-4.3.2.a054b099c1d6-x64-debian-6.0.6-SMT-COMP-2014"/>
<JobPair bench-id="892930" bench-name="small-equiv-fixpoint-9.smt2" config-id="1778" config-name="default" job-space-id="45972" job-space-path="UFBV/wintersteiger/fmsd13/fixpoint" solver-id="1257" solver-name="CVC4 f7118b2"/>
<JobPair bench-id="892930" bench-name="small-equiv-fixpoint-9.smt2" config-id="1815" config-name="default" job-space-id="45972" job-space-path="UFBV/wintersteiger/fmsd13/fixpoint" solver-id="1286" solver-name="Z3-4.3.2.a054b099c1d6-x64-debian-6.0.6-SMT-COMP-2014"/>
<JobPair bench-id="892870" bench-name="kernel_agplib_init.c.smt2" config-id="1778" config-name="default" job-space-id="45971" job-space-path="UFBV/wintersteiger/fmsd13/ranking" solver-id="1257" solver-name="CVC4 f7118b2"/>
<JobPair bench-id="892870" bench-name="kernel_agplib_init.c.smt2" config-id="1815" config-name="default" job-space-id="45971" job-space-path="UFBV/wintersteiger/fmsd13/ranking" solver-id="1286" solver-name="Z3-4.3.2.a054b099c1d6-x64-debian-6.0.6-SMT-COMP-2014"/>
<JobPair bench-id="892931" bench-name="cache-coherence-2-fixpoint-2.smt2" config-id="1778" config-name="default" job-space-id="45972" job-space-path="UFBV/wintersteiger/fmsd13/fixpoint" solver-id="1257" solver-name="CVC4 f7118b2"/>
<JobPair bench-id="892931" bench-name="cache-coherence-2-fixpoint-2.smt2" config-id="1815" config-name="default" job-space-id="45972" job-space-path="UFBV/wintersteiger/fmsd13/fixpoint" solver-id="1286" solver-name="Z3-4.3.2.a054b099c1d6-x64-debian-6.0.6-SMT-COMP-2014"/>
<JobPair bench-id="892871" bench-name="AVStream_hwsim.cpp.smt2" config-id="1778" config-name="default" job-space-id="45971" job-space-path="UFBV/wintersteiger/fmsd13/ranking" solver-id="1257" solver-name="CVC4 f7118b2"/>
<JobPair bench-id="892871" bench-name="AVStream_hwsim.cpp.smt2" config-id="1815" config-name="default" job-space-id="45971" job-space-path="UFBV/wintersteiger/fmsd13/ranking" solver-id="1286" solver-name="Z3-4.3.2.a054b099c1d6-x64-debian-6.0.6-SMT-COMP-2014"/>
<JobPair bench-id="892932" bench-name="small-swap1-fixpoint-3.smt2" config-id="1778" config-name="default" job-space-id="45972" job-space-path="UFBV/wintersteiger/fmsd13/fixpoint" solver-id="1257" solver-name="CVC4 f7118b2"/>
<JobPair bench-id="892932" bench-name="small-swap1-fixpoint-3.smt2" config-id="1815" config-name="default" job-space-id="45972" job-space-path="UFBV/wintersteiger/fmsd13/fixpoint" solver-id="1286" solver-name="Z3-4.3.2.a054b099c1d6-x64-debian-6.0.6-SMT-COMP-2014"/>
<JobPair bench-id="892872" bench-name="general_pcidrv_sys_hw_eeprom.c.smt2" config-id="1778" config-name="default" job-space-id="45971" job-space-path="UFBV/wintersteiger/fmsd13/ranking" solver-id="1257" solver-name="CVC4 f7118b2"/>
<JobPair bench-id="892872" bench-name="general_pcidrv_sys_hw_eeprom.c.smt2" config-id="1815" config-name="default" job-space-id="45971" job-space-path="UFBV/wintersteiger/fmsd13/ranking" solver-id="1286" solver-name="Z3-4.3.2.a054b099c1d6-x64-debian-6.0.6-SMT-COMP-2014"/>
<JobPair bench-id="892933" bench-name="itc-b13-fixpoint-8.smt2" config-id="1778" config-name="default" job-space-id="45972" job-space-path="UFBV/wintersteiger/fmsd13/fixpoint" solver-id="1257" solver-name="CVC4 f7118b2"/>
<JobPair bench-id="892933" bench-name="itc-b13-fixpoint-8.smt2" config-id="1815" config-name="default" job-space-id="45972" job-space-path="UFBV/wintersteiger/fmsd13/fixpoint" solver-id="1286" solver-name="Z3-4.3.2.a054b099c1d6-x64-debian-6.0.6-SMT-COMP-2014"/>
<JobPair bench-id="892873" bench-name="filesys_smbmrx_midatlas.c.smt2" config-id="1778" config-name="default" job-space-id="45971" job-space-path="UFBV/wintersteiger/fmsd13/ranking" solver-id="1257" solver-name="CVC4 f7118b2"/>
<JobPair bench-id="892873" bench-name="filesys_smbmrx_midatlas.c.smt2" config-id="1815" config-name="default" job-space-id="45971" job-space-path="UFBV/wintersteiger/fmsd13/ranking" solver-id="1286" solver-name="Z3-4.3.2.a054b099c1d6-x64-debian-6.0.6-SMT-COMP-2014"/>
<JobPair bench-id="892934" bench-name="small-equiv-fixpoint-5.smt2" config-id="1778" config-name="default" job-space-id="45972" job-space-path="UFBV/wintersteiger/fmsd13/fixpoint" solver-id="1257" solver-name="CVC4 f7118b2"/>
<JobPair bench-id="892934" bench-name="small-equiv-fixpoint-5.smt2" config-id="1815" config-name="default" job-space-id="45972" job-space-path="UFBV/wintersteiger/fmsd13/fixpoint" solver-id="1286" solver-name="Z3-4.3.2.a054b099c1d6-x64-debian-6.0.6-SMT-COMP-2014"/>
<JobPair bench-id="892874" bench-name="kernel_uagp35_gart.c.smt2" config-id="1778" config-name="default" job-space-id="45971" job-space-path="UFBV/wintersteiger/fmsd13/ranking" solver-id="1257" solver-name="CVC4 f7118b2"/>
<JobPair bench-id="892874" bench-name="kernel_uagp35_gart.c.smt2" config-id="1815" config-name="default" job-space-id="45971" job-space-path="UFBV/wintersteiger/fmsd13/ranking" solver-id="1286" solver-name="Z3-4.3.2.a054b099c1d6-x64-debian-6.0.6-SMT-COMP-2014"/>
<JobPair bench-id="892935" bench-name="small-synabs-fixpoint-9.smt2" config-id="1778" config-name="default" job-space-id="45972" job-space-path="UFBV/wintersteiger/fmsd13/fixpoint" solver-id="1257" solver-name="CVC4 f7118b2"/>
<JobPair bench-id="892935" bench-name="small-synabs-fixpoint-9.smt2" config-id="1815" config-name="default" job-space-id="45972" job-space-path="UFBV/wintersteiger/fmsd13/fixpoint" solver-id="1286" solver-name="Z3-4.3.2.a054b099c1d6-x64-debian-6.0.6-SMT-COMP-2014"/>
<JobPair bench-id="892875" bench-name="network_irda_miniport_nscirda_comm.c.smt2" config-id="1778" config-name="default" job-space-id="45971" job-space-path="UFBV/wintersteiger/fmsd13/ranking" solver-id="1257" solver-name="CVC4 f7118b2"/>
<JobPair bench-id="892875" bench-name="network_irda_miniport_nscirda_comm.c.smt2" config-id="1815" config-name="default" job-space-id="45971" job-space-path="UFBV/wintersteiger/fmsd13/ranking" solver-id="1286" solver-name="Z3-4.3.2.a054b099c1d6-x64-debian-6.0.6-SMT-COMP-2014"/>
<JobPair bench-id="892936" bench-name="small-swap1-fixpoint-8.smt2" config-id="1778" config-name="default" job-space-id="45972" job-space-path="UFBV/wintersteiger/fmsd13/fixpoint" solver-id="1257" solver-name="CVC4 f7118b2"/>
<JobPair bench-id="892936" bench-name="small-swap1-fixpoint-8.smt2" config-id="1815" config-name="default" job-space-id="45972" job-space-path="UFBV/wintersteiger/fmsd13/fixpoint" solver-id="1286" solver-name="Z3-4.3.2.a054b099c1d6-x64-debian-6.0.6-SMT-COMP-2014"/>
<JobPair bench-id="892937" bench-name="cache-coherence-2-fixpoint-5.smt2" config-id="1778" config-name="default" job-space-id="45972" job-space-path="UFBV/wintersteiger/fmsd13/fixpoint" solver-id="1257" solver-name="CVC4 f7118b2"/>
<JobPair bench-id="892937" bench-name="cache-coherence-2-fixpoint-5.smt2" config-id="1815" config-name="default" job-space-id="45972" job-space-path="UFBV/wintersteiger/fmsd13/fixpoint" solver-id="1286" solver-name="Z3-4.3.2.a054b099c1d6-x64-debian-6.0.6-SMT-COMP-2014"/>
<JobPair bench-id="892938" bench-name="pi-bus-fixpoint-2.smt2" config-id="1778" config-name="default" job-space-id="45972" job-space-path="UFBV/wintersteiger/fmsd13/fixpoint" solver-id="1257" solver-name="CVC4 f7118b2"/>
<JobPair bench-id="892938" bench-name="pi-bus-fixpoint-2.smt2" config-id="1815" config-name="default" job-space-id="45972" job-space-path="UFBV/wintersteiger/fmsd13/fixpoint" solver-id="1286" solver-name="Z3-4.3.2.a054b099c1d6-x64-debian-6.0.6-SMT-COMP-2014"/>
<JobPair bench-id="892939" bench-name="itc-b13-fixpoint-4.smt2" config-id="1778" config-name="default" job-space-id="45972" job-space-path="UFBV/wintersteiger/fmsd13/fixpoint" solver-id="1257" solver-name="CVC4 f7118b2"/>
<JobPair bench-id="892939" bench-name="itc-b13-fixpoint-4.smt2" config-id="1815" config-name="default" job-space-id="45972" job-space-path="UFBV/wintersteiger/fmsd13/fixpoint" solver-id="1286" solver-name="Z3-4.3.2.a054b099c1d6-x64-debian-6.0.6-SMT-COMP-2014"/>
<JobPair bench-id="892940" bench-name="small-pipeline-fixpoint-2.smt2" config-id="1778" config-name="default" job-space-id="45972" job-space-path="UFBV/wintersteiger/fmsd13/fixpoint" solver-id="1257" solver-name="CVC4 f7118b2"/>
<JobPair bench-id="892940" bench-name="small-pipeline-fixpoint-2.smt2" config-id="1815" config-name="default" job-space-id="45972" job-space-path="UFBV/wintersteiger/fmsd13/fixpoint" solver-id="1286" solver-name="Z3-4.3.2.a054b099c1d6-x64-debian-6.0.6-SMT-COMP-2014"/>
<JobPair bench-id="892941" bench-name="pi-bus-fixpoint-3.smt2" config-id="1778" config-name="default" job-space-id="45972" job-space-path="UFBV/wintersteiger/fmsd13/fixpoint" solver-id="1257" solver-name="CVC4 f7118b2"/>
<JobPair bench-id="892941" bench-name="pi-bus-fixpoint-3.smt2" config-id="1815" config-name="default" job-space-id="45972" job-space-path="UFBV/wintersteiger/fmsd13/fixpoint" solver-id="1286" solver-name="Z3-4.3.2.a054b099c1d6-x64-debian-6.0.6-SMT-COMP-2014"/>
<JobPair bench-id="892942" bench-name="small-synabs-fixpoint-4.smt2" config-id="1778" config-name="default" job-space-id="45972" job-space-path="UFBV/wintersteiger/fmsd13/fixpoint" solver-id="1257" solver-name="CVC4 f7118b2"/>
<JobPair bench-id="892942" bench-name="small-synabs-fixpoint-4.smt2" config-id="1815" config-name="default" job-space-id="45972" job-space-path="UFBV/wintersteiger/fmsd13/fixpoint" solver-id="1286" solver-name="Z3-4.3.2.a054b099c1d6-x64-debian-6.0.6-SMT-COMP-2014"/>
<JobPair bench-id="892943" bench-name="small-synabs-fixpoint-5.smt2" config-id="1778" config-name="default" job-space-id="45972" job-space-path="UFBV/wintersteiger/fmsd13/fixpoint" solver-id="1257" solver-name="CVC4 f7118b2"/>
<JobPair bench-id="892943" bench-name="small-synabs-fixpoint-5.smt2" config-id="1815" config-name="default" job-space-id="45972" job-space-path="UFBV/wintersteiger/fmsd13/fixpoint" solver-id="1286" solver-name="Z3-4.3.2.a054b099c1d6-x64-debian-6.0.6-SMT-COMP-2014"/>
<JobPair bench-id="892944" bench-name="small-pipeline-fixpoint-5.smt2" config-id="1778" config-name="default" job-space-id="45972" job-space-path="UFBV/wintersteiger/fmsd13/fixpoint" solver-id="1257" solver-name="CVC4 f7118b2"/>
<JobPair bench-id="892944" bench-name="small-pipeline-fixpoint-5.smt2" config-id="1815" config-name="default" job-space-id="45972" job-space-path="UFBV/wintersteiger/fmsd13/fixpoint" solver-id="1286" solver-name="Z3-4.3.2.a054b099c1d6-x64-debian-6.0.6-SMT-COMP-2014"/>
<JobPair bench-id="892945" bench-name="small-bug1-fixpoint-9.smt2" config-id="1778" config-name="default" job-space-id="45972" job-space-path="UFBV/wintersteiger/fmsd13/fixpoint" solver-id="1257" solver-name="CVC4 f7118b2"/>
<JobPair bench-id="892945" bench-name="small-bug1-fixpoint-9.smt2" config-id="1815" config-name="default" job-space-id="45972" job-space-path="UFBV/wintersteiger/fmsd13/fixpoint" solver-id="1286" solver-name="Z3-4.3.2.a054b099c1d6-x64-debian-6.0.6-SMT-COMP-2014"/>
<JobPair bench-id="892946" bench-name="ethernet-fixpoint-1.smt2" config-id="1778" config-name="default" job-space-id="45972" job-space-path="UFBV/wintersteiger/fmsd13/fixpoint" solver-id="1257" solver-name="CVC4 f7118b2"/>
<JobPair bench-id="892946" bench-name="ethernet-fixpoint-1.smt2" config-id="1815" config-name="default" job-space-id="45972" job-space-path="UFBV/wintersteiger/fmsd13/fixpoint" solver-id="1286" solver-name="Z3-4.3.2.a054b099c1d6-x64-debian-6.0.6-SMT-COMP-2014"/>
<JobPair bench-id="892947" bench-name="small-seq-fixpoint-7.smt2" config-id="1778" config-name="default" job-space-id="45972" job-space-path="UFBV/wintersteiger/fmsd13/fixpoint" solver-id="1257" solver-name="CVC4 f7118b2"/>
<JobPair bench-id="892947" bench-name="small-seq-fixpoint-7.smt2" config-id="1815" config-name="default" job-space-id="45972" job-space-path="UFBV/wintersteiger/fmsd13/fixpoint" solver-id="1286" solver-name="Z3-4.3.2.a054b099c1d6-x64-debian-6.0.6-SMT-COMP-2014"/>
<JobPair bench-id="892948" bench-name="cache-coherence-2-fixpoint-6.smt2" config-id="1778" config-name="default" job-space-id="45972" job-space-path="UFBV/wintersteiger/fmsd13/fixpoint" solver-id="1257" solver-name="CVC4 f7118b2"/>
<JobPair bench-id="892948" bench-name="cache-coherence-2-fixpoint-6.smt2" config-id="1815" config-name="default" job-space-id="45972" job-space-path="UFBV/wintersteiger/fmsd13/fixpoint" solver-id="1286" solver-name="Z3-4.3.2.a054b099c1d6-x64-debian-6.0.6-SMT-COMP-2014"/>
<JobPair bench-id="892949" bench-name="small-equiv-fixpoint-8.smt2" config-id="1778" config-name="default" job-space-id="45972" job-space-path="UFBV/wintersteiger/fmsd13/fixpoint" solver-id="1257" solver-name="CVC4 f7118b2"/>
<JobPair bench-id="892949" bench-name="small-equiv-fixpoint-8.smt2" config-id="1815" config-name="default" job-space-id="45972" job-space-path="UFBV/wintersteiger/fmsd13/fixpoint" solver-id="1286" solver-name="Z3-4.3.2.a054b099c1d6-x64-debian-6.0.6-SMT-COMP-2014"/>
<JobPair bench-id="892950" bench-name="small-seq-fixpoint-5.smt2" config-id="1778" config-name="default" job-space-id="45972" job-space-path="UFBV/wintersteiger/fmsd13/fixpoint" solver-id="1257" solver-name="CVC4 f7118b2"/>
<JobPair bench-id="892950" bench-name="small-seq-fixpoint-5.smt2" config-id="1815" config-name="default" job-space-id="45972" job-space-path="UFBV/wintersteiger/fmsd13/fixpoint" solver-id="1286" solver-name="Z3-4.3.2.a054b099c1d6-x64-debian-6.0.6-SMT-COMP-2014"/>
<JobPair bench-id="892951" bench-name="small-swap1-fixpoint-9.smt2" config-id="1778" config-name="default" job-space-id="45972" job-space-path="UFBV/wintersteiger/fmsd13/fixpoint" solver-id="1257" solver-name="CVC4 f7118b2"/>
<JobPair bench-id="892951" bench-name="small-swap1-fixpoint-9.smt2" config-id="1815" config-name="default" job-space-id="45972" job-space-path="UFBV/wintersteiger/fmsd13/fixpoint" solver-id="1286" solver-name="Z3-4.3.2.a054b099c1d6-x64-debian-6.0.6-SMT-COMP-2014"/>
<JobPair bench-id="892952" bench-name="sdlx-fixpoint-4.smt2" config-id="1778" config-name="default" job-space-id="45972" job-space-path="UFBV/wintersteiger/fmsd13/fixpoint" solver-id="1257" solver-name="CVC4 f7118b2"/>
<JobPair bench-id="892952" bench-name="sdlx-fixpoint-4.smt2" config-id="1815" config-name="default" job-space-id="45972" job-space-path="UFBV/wintersteiger/fmsd13/fixpoint" solver-id="1286" solver-name="Z3-4.3.2.a054b099c1d6-x64-debian-6.0.6-SMT-COMP-2014"/>
<JobPair bench-id="892953" bench-name="AR-fixpoint-1.smt2" config-id="1778" config-name="default" job-space-id="45972" job-space-path="UFBV/wintersteiger/fmsd13/fixpoint" solver-id="1257" solver-name="CVC4 f7118b2"/>
<JobPair bench-id="892953" bench-name="AR-fixpoint-1.smt2" config-id="1815" config-name="default" job-space-id="45972" job-space-path="UFBV/wintersteiger/fmsd13/fixpoint" solver-id="1286" solver-name="Z3-4.3.2.a054b099c1d6-x64-debian-6.0.6-SMT-COMP-2014"/>
<JobPair bench-id="892954" bench-name="small-pipeline-fixpoint-7.smt2" config-id="1778" config-name="default" job-space-id="45972" job-space-path="UFBV/wintersteiger/fmsd13/fixpoint" solver-id="1257" solver-name="CVC4 f7118b2"/>
<JobPair bench-id="892954" bench-name="small-pipeline-fixpoint-7.smt2" config-id="1815" config-name="default" job-space-id="45972" job-space-path="UFBV/wintersteiger/fmsd13/fixpoint" solver-id="1286" solver-name="Z3-4.3.2.a054b099c1d6-x64-debian-6.0.6-SMT-COMP-2014"/>
<JobPair bench-id="892955" bench-name="itc-b13-fixpoint-2.smt2" config-id="1778" config-name="default" job-space-id="45972" job-space-path="UFBV/wintersteiger/fmsd13/fixpoint" solver-id="1257" solver-name="CVC4 f7118b2"/>
<JobPair bench-id="892955" bench-name="itc-b13-fixpoint-2.smt2" config-id="1815" config-name="default" job-space-id="45972" job-space-path="UFBV/wintersteiger/fmsd13/fixpoint" solver-id="1286" solver-name="Z3-4.3.2.a054b099c1d6-x64-debian-6.0.6-SMT-COMP-2014"/>
<JobPair bench-id="892956" bench-name="small-dyn-partition-fixpoint-2.smt2" config-id="1778" config-name="default" job-space-id="45972" job-space-path="UFBV/wintersteiger/fmsd13/fixpoint" solver-id="1257" solver-name="CVC4 f7118b2"/>
<JobPair bench-id="892956" bench-name="small-dyn-partition-fixpoint-2.smt2" config-id="1815" config-name="default" job-space-id="45972" job-space-path="UFBV/wintersteiger/fmsd13/fixpoint" solver-id="1286" solver-name="Z3-4.3.2.a054b099c1d6-x64-debian-6.0.6-SMT-COMP-2014"/>
<JobPair bench-id="892957" bench-name="small-synabs-fixpoint-1.smt2" config-id="1778" config-name="default" job-space-id="45972" job-space-path="UFBV/wintersteiger/fmsd13/fixpoint" solver-id="1257" solver-name="CVC4 f7118b2"/>
<JobPair bench-id="892957" bench-name="small-synabs-fixpoint-1.smt2" config-id="1815" config-name="default" job-space-id="45972" job-space-path="UFBV/wintersteiger/fmsd13/fixpoint" solver-id="1286" solver-name="Z3-4.3.2.a054b099c1d6-x64-debian-6.0.6-SMT-COMP-2014"/>
<JobPair bench-id="892958" bench-name="small-swap1-fixpoint-6.smt2" config-id="1778" config-name="default" job-space-id="45972" job-space-path="UFBV/wintersteiger/fmsd13/fixpoint" solver-id="1257" solver-name="CVC4 f7118b2"/>
<JobPair bench-id="892958" bench-name="small-swap1-fixpoint-6.smt2" config-id="1815" config-name="default" job-space-id="45972" job-space-path="UFBV/wintersteiger/fmsd13/fixpoint" solver-id="1286" solver-name="Z3-4.3.2.a054b099c1d6-x64-debian-6.0.6-SMT-COMP-2014"/>
<JobPair bench-id="892959" bench-name="usb-phy-fixpoint-2.smt2" config-id="1778" config-name="default" job-space-id="45972" job-space-path="UFBV/wintersteiger/fmsd13/fixpoint" solver-id="1257" solver-name="CVC4 f7118b2"/>
<JobPair bench-id="892959" bench-name="usb-phy-fixpoint-2.smt2" config-id="1815" config-name="default" job-space-id="45972" job-space-path="UFBV/wintersteiger/fmsd13/fixpoint" solver-id="1286" solver-name="Z3-4.3.2.a054b099c1d6-x64-debian-6.0.6-SMT-COMP-2014"/>
<JobPair bench-id="892960" bench-name="small-swap2-fixpoint-9.smt2" config-id="1778" config-name="default" job-space-id="45972" job-space-path="UFBV/wintersteiger/fmsd13/fixpoint" solver-id="1257" solver-name="CVC4 f7118b2"/>
<JobPair bench-id="892960" bench-name="small-swap2-fixpoint-9.smt2" config-id="1815" config-name="default" job-space-id="45972" job-space-path="UFBV/wintersteiger/fmsd13/fixpoint" solver-id="1286" solver-name="Z3-4.3.2.a054b099c1d6-x64-debian-6.0.6-SMT-COMP-2014"/>
<JobPair bench-id="892961" bench-name="small-swap1-fixpoint-1.smt2" config-id="1778" config-name="default" job-space-id="45972" job-space-path="UFBV/wintersteiger/fmsd13/fixpoint" solver-id="1257" solver-name="CVC4 f7118b2"/>
<JobPair bench-id="892961" bench-name="small-swap1-fixpoint-1.smt2" config-id="1815" config-name="default" job-space-id="45972" job-space-path="UFBV/wintersteiger/fmsd13/fixpoint" solver-id="1286" solver-name="Z3-4.3.2.a054b099c1d6-x64-debian-6.0.6-SMT-COMP-2014"/>
<JobPair bench-id="892962" bench-name="small-seq-fixpoint-3.smt2" config-id="1778" config-name="default" job-space-id="45972" job-space-path="UFBV/wintersteiger/fmsd13/fixpoint" solver-id="1257" solver-name="CVC4 f7118b2"/>
<JobPair bench-id="892962" bench-name="small-seq-fixpoint-3.smt2" config-id="1815" config-name="default" job-space-id="45972" job-space-path="UFBV/wintersteiger/fmsd13/fixpoint" solver-id="1286" solver-name="Z3-4.3.2.a054b099c1d6-x64-debian-6.0.6-SMT-COMP-2014"/>
<JobPair bench-id="892963" bench-name="small-swap2-fixpoint-8.smt2" config-id="1778" config-name="default" job-space-id="45972" job-space-path="UFBV/wintersteiger/fmsd13/fixpoint" solver-id="1257" solver-name="CVC4 f7118b2"/>
<JobPair bench-id="892963" bench-name="small-swap2-fixpoint-8.smt2" config-id="1815" config-name="default" job-space-id="45972" job-space-path="UFBV/wintersteiger/fmsd13/fixpoint" solver-id="1286" solver-name="Z3-4.3.2.a054b099c1d6-x64-debian-6.0.6-SMT-COMP-2014"/>
<JobPair bench-id="892964" bench-name="sdlx-fixpoint-1.smt2" config-id="1778" config-name="default" job-space-id="45972" job-space-path="UFBV/wintersteiger/fmsd13/fixpoint" solver-id="1257" solver-name="CVC4 f7118b2"/>
<JobPair bench-id="892964" bench-name="sdlx-fixpoint-1.smt2" config-id="1815" config-name="default" job-space-id="45972" job-space-path="UFBV/wintersteiger/fmsd13/fixpoint" solver-id="1286" solver-name="Z3-4.3.2.a054b099c1d6-x64-debian-6.0.6-SMT-COMP-2014"/>
<JobPair bench-id="892965" bench-name="small-bug1-fixpoint-6.smt2" config-id="1778" config-name="default" job-space-id="45972" job-space-path="UFBV/wintersteiger/fmsd13/fixpoint" solver-id="1257" solver-name="CVC4 f7118b2"/>
<JobPair bench-id="892965" bench-name="small-bug1-fixpoint-6.smt2" config-id="1815" config-name="default" job-space-id="45972" job-space-path="UFBV/wintersteiger/fmsd13/fixpoint" solver-id="1286" solver-name="Z3-4.3.2.a054b099c1d6-x64-debian-6.0.6-SMT-COMP-2014"/>
<JobPair bench-id="892966" bench-name="small-equiv-fixpoint-3.smt2" config-id="1778" config-name="default" job-space-id="45972" job-space-path="UFBV/wintersteiger/fmsd13/fixpoint" solver-id="1257" solver-name="CVC4 f7118b2"/>
<JobPair bench-id="892966" bench-name="small-equiv-fixpoint-3.smt2" config-id="1815" config-name="default" job-space-id="45972" job-space-path="UFBV/wintersteiger/fmsd13/fixpoint" solver-id="1286" solver-name="Z3-4.3.2.a054b099c1d6-x64-debian-6.0.6-SMT-COMP-2014"/>
<JobPair bench-id="892967" bench-name="AR-fixpoint-3.smt2" config-id="1778" config-name="default" job-space-id="45972" job-space-path="UFBV/wintersteiger/fmsd13/fixpoint" solver-id="1257" solver-name="CVC4 f7118b2"/>
<JobPair bench-id="892967" bench-name="AR-fixpoint-3.smt2" config-id="1815" config-name="default" job-space-id="45972" job-space-path="UFBV/wintersteiger/fmsd13/fixpoint" solver-id="1286" solver-name="Z3-4.3.2.a054b099c1d6-x64-debian-6.0.6-SMT-COMP-2014"/>
<JobPair bench-id="892968" bench-name="small-swap2-fixpoint-10.smt2" config-id="1778" config-name="default" job-space-id="45972" job-space-path="UFBV/wintersteiger/fmsd13/fixpoint" solver-id="1257" solver-name="CVC4 f7118b2"/>
<JobPair bench-id="892968" bench-name="small-swap2-fixpoint-10.smt2" config-id="1815" config-name="default" job-space-id="45972" job-space-path="UFBV/wintersteiger/fmsd13/fixpoint" solver-id="1286" solver-name="Z3-4.3.2.a054b099c1d6-x64-debian-6.0.6-SMT-COMP-2014"/>
<JobPair bench-id="892969" bench-name="small-dyn-partition-fixpoint-4.smt2" config-id="1778" config-name="default" job-space-id="45972" job-space-path="UFBV/wintersteiger/fmsd13/fixpoint" solver-id="1257" solver-name="CVC4 f7118b2"/>
<JobPair bench-id="892969" bench-name="small-dyn-partition-fixpoint-4.smt2" config-id="1815" config-name="default" job-space-id="45972" job-space-path="UFBV/wintersteiger/fmsd13/fixpoint" solver-id="1286" solver-name="Z3-4.3.2.a054b099c1d6-x64-debian-6.0.6-SMT-COMP-2014"/>
<JobPair bench-id="892970" bench-name="AR-fixpoint-9.smt2" config-id="1778" config-name="default" job-space-id="45972" job-space-path="UFBV/wintersteiger/fmsd13/fixpoint" solver-id="1257" solver-name="CVC4 f7118b2"/>
<JobPair bench-id="892970" bench-name="AR-fixpoint-9.smt2" config-id="1815" config-name="default" job-space-id="45972" job-space-path="UFBV/wintersteiger/fmsd13/fixpoint" solver-id="1286" solver-name="Z3-4.3.2.a054b099c1d6-x64-debian-6.0.6-SMT-COMP-2014"/>
<JobPair bench-id="892971" bench-name="small-swap1-fixpoint-4.smt2" config-id="1778" config-name="default" job-space-id="45972" job-space-path="UFBV/wintersteiger/fmsd13/fixpoint" solver-id="1257" solver-name="CVC4 f7118b2"/>
<JobPair bench-id="892971" bench-name="small-swap1-fixpoint-4.smt2" config-id="1815" config-name="default" job-space-id="45972" job-space-path="UFBV/wintersteiger/fmsd13/fixpoint" solver-id="1286" solver-name="Z3-4.3.2.a054b099c1d6-x64-debian-6.0.6-SMT-COMP-2014"/>
<JobPair bench-id="892972" bench-name="small-bug1-fixpoint-8.smt2" config-id="1778" config-name="default" job-space-id="45972" job-space-path="UFBV/wintersteiger/fmsd13/fixpoint" solver-id="1257" solver-name="CVC4 f7118b2"/>
<JobPair bench-id="892972" bench-name="small-bug1-fixpoint-8.smt2" config-id="1815" config-name="default" job-space-id="45972" job-space-path="UFBV/wintersteiger/fmsd13/fixpoint" solver-id="1286" solver-name="Z3-4.3.2.a054b099c1d6-x64-debian-6.0.6-SMT-COMP-2014"/>
<JobPair bench-id="892973" bench-name="AR-fixpoint-6.smt2" config-id="1778" config-name="default" job-space-id="45972" job-space-path="UFBV/wintersteiger/fmsd13/fixpoint" solver-id="1257" solver-name="CVC4 f7118b2"/>
<JobPair bench-id="892973" bench-name="AR-fixpoint-6.smt2" config-id="1815" config-name="default" job-space-id="45972" job-space-path="UFBV/wintersteiger/fmsd13/fixpoint" solver-id="1286" solver-name="Z3-4.3.2.a054b099c1d6-x64-debian-6.0.6-SMT-COMP-2014"/>
<JobPair bench-id="892974" bench-name="AR-fixpoint-5.smt2" config-id="1778" config-name="default" job-space-id="45972" job-space-path="UFBV/wintersteiger/fmsd13/fixpoint" solver-id="1257" solver-name="CVC4 f7118b2"/>
<JobPair bench-id="892974" bench-name="AR-fixpoint-5.smt2" config-id="1815" config-name="default" job-space-id="45972" job-space-path="UFBV/wintersteiger/fmsd13/fixpoint" solver-id="1286" solver-name="Z3-4.3.2.a054b099c1d6-x64-debian-6.0.6-SMT-COMP-2014"/>
<JobPair bench-id="892975" bench-name="cache-coherence-2-fixpoint-3.smt2" config-id="1778" config-name="default" job-space-id="45972" job-space-path="UFBV/wintersteiger/fmsd13/fixpoint" solver-id="1257" solver-name="CVC4 f7118b2"/>
<JobPair bench-id="892975" bench-name="cache-coherence-2-fixpoint-3.smt2" config-id="1815" config-name="default" job-space-id="45972" job-space-path="UFBV/wintersteiger/fmsd13/fixpoint" solver-id="1286" solver-name="Z3-4.3.2.a054b099c1d6-x64-debian-6.0.6-SMT-COMP-2014"/>
<JobPair bench-id="892976" bench-name="cache-coherence-3-fixpoint-1.smt2" config-id="1778" config-name="default" job-space-id="45972" job-space-path="UFBV/wintersteiger/fmsd13/fixpoint" solver-id="1257" solver-name="CVC4 f7118b2"/>
<JobPair bench-id="892976" bench-name="cache-coherence-3-fixpoint-1.smt2" config-id="1815" config-name="default" job-space-id="45972" job-space-path="UFBV/wintersteiger/fmsd13/fixpoint" solver-id="1286" solver-name="Z3-4.3.2.a054b099c1d6-x64-debian-6.0.6-SMT-COMP-2014"/>
<JobPair bench-id="892977" bench-name="sdlx-fixpoint-3.smt2" config-id="1778" config-name="default" job-space-id="45972" job-space-path="UFBV/wintersteiger/fmsd13/fixpoint" solver-id="1257" solver-name="CVC4 f7118b2"/>
<JobPair bench-id="892977" bench-name="sdlx-fixpoint-3.smt2" config-id="1815" config-name="default" job-space-id="45972" job-space-path="UFBV/wintersteiger/fmsd13/fixpoint" solver-id="1286" solver-name="Z3-4.3.2.a054b099c1d6-x64-debian-6.0.6-SMT-COMP-2014"/>
<JobPair bench-id="892978" bench-name="cache-coherence-2-fixpoint-1.smt2" config-id="1778" config-name="default" job-space-id="45972" job-space-path="UFBV/wintersteiger/fmsd13/fixpoint" solver-id="1257" solver-name="CVC4 f7118b2"/>
<JobPair bench-id="892978" bench-name="cache-coherence-2-fixpoint-1.smt2" config-id="1815" config-name="default" job-space-id="45972" job-space-path="UFBV/wintersteiger/fmsd13/fixpoint" solver-id="1286" solver-name="Z3-4.3.2.a054b099c1d6-x64-debian-6.0.6-SMT-COMP-2014"/>
<JobPair bench-id="892979" bench-name="usb-phy-fixpoint-3.smt2" config-id="1778" config-name="default" job-space-id="45972" job-space-path="UFBV/wintersteiger/fmsd13/fixpoint" solver-id="1257" solver-name="CVC4 f7118b2"/>
<JobPair bench-id="892979" bench-name="usb-phy-fixpoint-3.smt2" config-id="1815" config-name="default" job-space-id="45972" job-space-path="UFBV/wintersteiger/fmsd13/fixpoint" solver-id="1286" solver-name="Z3-4.3.2.a054b099c1d6-x64-debian-6.0.6-SMT-COMP-2014"/>
<JobPair bench-id="892980" bench-name="small-pipeline-fixpoint-9.smt2" config-id="1778" config-name="default" job-space-id="45972" job-space-path="UFBV/wintersteiger/fmsd13/fixpoint" solver-id="1257" solver-name="CVC4 f7118b2"/>
<JobPair bench-id="892980" bench-name="small-pipeline-fixpoint-9.smt2" config-id="1815" config-name="default" job-space-id="45972" job-space-path="UFBV/wintersteiger/fmsd13/fixpoint" solver-id="1286" solver-name="Z3-4.3.2.a054b099c1d6-x64-debian-6.0.6-SMT-COMP-2014"/>
<JobPair bench-id="892981" bench-name="small-seq-fixpoint-6.smt2" config-id="1778" config-name="default" job-space-id="45972" job-space-path="UFBV/wintersteiger/fmsd13/fixpoint" solver-id="1257" solver-name="CVC4 f7118b2"/>
<JobPair bench-id="892981" bench-name="small-seq-fixpoint-6.smt2" config-id="1815" config-name="default" job-space-id="45972" job-space-path="UFBV/wintersteiger/fmsd13/fixpoint" solver-id="1286" solver-name="Z3-4.3.2.a054b099c1d6-x64-debian-6.0.6-SMT-COMP-2014"/>
<JobPair bench-id="892982" bench-name="itc-b13-fixpoint-9.smt2" config-id="1778" config-name="default" job-space-id="45972" job-space-path="UFBV/wintersteiger/fmsd13/fixpoint" solver-id="1257" solver-name="CVC4 f7118b2"/>
<JobPair bench-id="892982" bench-name="itc-b13-fixpoint-9.smt2" config-id="1815" config-name="default" job-space-id="45972" job-space-path="UFBV/wintersteiger/fmsd13/fixpoint" solver-id="1286" solver-name="Z3-4.3.2.a054b099c1d6-x64-debian-6.0.6-SMT-COMP-2014"/>
<JobPair bench-id="892983" bench-name="small-synabs-fixpoint-3.smt2" config-id="1778" config-name="default" job-space-id="45972" job-space-path="UFBV/wintersteiger/fmsd13/fixpoint" solver-id="1257" solver-name="CVC4 f7118b2"/>
<JobPair bench-id="892983" bench-name="small-synabs-fixpoint-3.smt2" config-id="1815" config-name="default" job-space-id="45972" job-space-path="UFBV/wintersteiger/fmsd13/fixpoint" solver-id="1286" solver-name="Z3-4.3.2.a054b099c1d6-x64-debian-6.0.6-SMT-COMP-2014"/>
<JobPair bench-id="892984" bench-name="small-equiv-fixpoint-2.smt2" config-id="1778" config-name="default" job-space-id="45972" job-space-path="UFBV/wintersteiger/fmsd13/fixpoint" solver-id="1257" solver-name="CVC4 f7118b2"/>
<JobPair bench-id="892984" bench-name="small-equiv-fixpoint-2.smt2" config-id="1815" config-name="default" job-space-id="45972" job-space-path="UFBV/wintersteiger/fmsd13/fixpoint" solver-id="1286" solver-name="Z3-4.3.2.a054b099c1d6-x64-debian-6.0.6-SMT-COMP-2014"/>
<JobPair bench-id="892985" bench-name="small-equiv-fixpoint-4.smt2" config-id="1778" config-name="default" job-space-id="45972" job-space-path="UFBV/wintersteiger/fmsd13/fixpoint" solver-id="1257" solver-name="CVC4 f7118b2"/>
<JobPair bench-id="892985" bench-name="small-equiv-fixpoint-4.smt2" config-id="1815" config-name="default" job-space-id="45972" job-space-path="UFBV/wintersteiger/fmsd13/fixpoint" solver-id="1286" solver-name="Z3-4.3.2.a054b099c1d6-x64-debian-6.0.6-SMT-COMP-2014"/>
<JobPair bench-id="892986" bench-name="small-swap2-fixpoint-6.smt2" config-id="1778" config-name="default" job-space-id="45972" job-space-path="UFBV/wintersteiger/fmsd13/fixpoint" solver-id="1257" solver-name="CVC4 f7118b2"/>
<JobPair bench-id="892986" bench-name="small-swap2-fixpoint-6.smt2" config-id="1815" config-name="default" job-space-id="45972" job-space-path="UFBV/wintersteiger/fmsd13/fixpoint" solver-id="1286" solver-name="Z3-4.3.2.a054b099c1d6-x64-debian-6.0.6-SMT-COMP-2014"/>
<JobPair bench-id="892987" bench-name="small-seq-fixpoint-4.smt2" config-id="1778" config-name="default" job-space-id="45972" job-space-path="UFBV/wintersteiger/fmsd13/fixpoint" solver-id="1257" solver-name="CVC4 f7118b2"/>
<JobPair bench-id="892987" bench-name="small-seq-fixpoint-4.smt2" config-id="1815" config-name="default" job-space-id="45972" job-space-path="UFBV/wintersteiger/fmsd13/fixpoint" solver-id="1286" solver-name="Z3-4.3.2.a054b099c1d6-x64-debian-6.0.6-SMT-COMP-2014"/>
<JobPair bench-id="892988" bench-name="small-dyn-partition-fixpoint-5.smt2" config-id="1778" config-name="default" job-space-id="45972" job-space-path="UFBV/wintersteiger/fmsd13/fixpoint" solver-id="1257" solver-name="CVC4 f7118b2"/>
<JobPair bench-id="892988" bench-name="small-dyn-partition-fixpoint-5.smt2" config-id="1815" config-name="default" job-space-id="45972" job-space-path="UFBV/wintersteiger/fmsd13/fixpoint" solver-id="1286" solver-name="Z3-4.3.2.a054b099c1d6-x64-debian-6.0.6-SMT-COMP-2014"/>
<JobPair bench-id="892989" bench-name="sdlx-fixpoint-8.smt2" config-id="1778" config-name="default" job-space-id="45972" job-space-path="UFBV/wintersteiger/fmsd13/fixpoint" solver-id="1257" solver-name="CVC4 f7118b2"/>
<JobPair bench-id="892989" bench-name="sdlx-fixpoint-8.smt2" config-id="1815" config-name="default" job-space-id="45972" job-space-path="UFBV/wintersteiger/fmsd13/fixpoint" solver-id="1286" solver-name="Z3-4.3.2.a054b099c1d6-x64-debian-6.0.6-SMT-COMP-2014"/>
<JobPair bench-id="892990" bench-name="small-bug1-fixpoint-4.smt2" config-id="1778" config-name="default" job-space-id="45972" job-space-path="UFBV/wintersteiger/fmsd13/fixpoint" solver-id="1257" solver-name="CVC4 f7118b2"/>
<JobPair bench-id="892990" bench-name="small-bug1-fixpoint-4.smt2" config-id="1815" config-name="default" job-space-id="45972" job-space-path="UFBV/wintersteiger/fmsd13/fixpoint" solver-id="1286" solver-name="Z3-4.3.2.a054b099c1d6-x64-debian-6.0.6-SMT-COMP-2014"/>
<JobPair bench-id="892991" bench-name="sdlx-fixpoint-5.smt2" config-id="1778" config-name="default" job-space-id="45972" job-space-path="UFBV/wintersteiger/fmsd13/fixpoint" solver-id="1257" solver-name="CVC4 f7118b2"/>
<JobPair bench-id="892991" bench-name="sdlx-fixpoint-5.smt2" config-id="1815" config-name="default" job-space-id="45972" job-space-path="UFBV/wintersteiger/fmsd13/fixpoint" solver-id="1286" solver-name="Z3-4.3.2.a054b099c1d6-x64-debian-6.0.6-SMT-COMP-2014"/>
<JobPair bench-id="892992" bench-name="small-swap2-fixpoint-4.smt2" config-id="1778" config-name="default" job-space-id="45972" job-space-path="UFBV/wintersteiger/fmsd13/fixpoint" solver-id="1257" solver-name="CVC4 f7118b2"/>
<JobPair bench-id="892992" bench-name="small-swap2-fixpoint-4.smt2" config-id="1815" config-name="default" job-space-id="45972" job-space-path="UFBV/wintersteiger/fmsd13/fixpoint" solver-id="1286" solver-name="Z3-4.3.2.a054b099c1d6-x64-debian-6.0.6-SMT-COMP-2014"/>
<JobPair bench-id="892993" bench-name="sdlx-fixpoint-10.smt2" config-id="1778" config-name="default" job-space-id="45972" job-space-path="UFBV/wintersteiger/fmsd13/fixpoint" solver-id="1257" solver-name="CVC4 f7118b2"/>
<JobPair bench-id="892993" bench-name="sdlx-fixpoint-10.smt2" config-id="1815" config-name="default" job-space-id="45972" job-space-path="UFBV/wintersteiger/fmsd13/fixpoint" solver-id="1286" solver-name="Z3-4.3.2.a054b099c1d6-x64-debian-6.0.6-SMT-COMP-2014"/>
<JobPair bench-id="892994" bench-name="small-seq-fixpoint-8.smt2" config-id="1778" config-name="default" job-space-id="45972" job-space-path="UFBV/wintersteiger/fmsd13/fixpoint" solver-id="1257" solver-name="CVC4 f7118b2"/>
<JobPair bench-id="892994" bench-name="small-seq-fixpoint-8.smt2" config-id="1815" config-name="default" job-space-id="45972" job-space-path="UFBV/wintersteiger/fmsd13/fixpoint" solver-id="1286" solver-name="Z3-4.3.2.a054b099c1d6-x64-debian-6.0.6-SMT-COMP-2014"/>
<JobPair bench-id="892995" bench-name="small-bug1-fixpoint-5.smt2" config-id="1778" config-name="default" job-space-id="45972" job-space-path="UFBV/wintersteiger/fmsd13/fixpoint" solver-id="1257" solver-name="CVC4 f7118b2"/>
<JobPair bench-id="892995" bench-name="small-bug1-fixpoint-5.smt2" config-id="1815" config-name="default" job-space-id="45972" job-space-path="UFBV/wintersteiger/fmsd13/fixpoint" solver-id="1286" solver-name="Z3-4.3.2.a054b099c1d6-x64-debian-6.0.6-SMT-COMP-2014"/>
<JobPair bench-id="892996" bench-name="itc-b13-fixpoint-6.smt2" config-id="1778" config-name="default" job-space-id="45972" job-space-path="UFBV/wintersteiger/fmsd13/fixpoint" solver-id="1257" solver-name="CVC4 f7118b2"/>
<JobPair bench-id="892996" bench-name="itc-b13-fixpoint-6.smt2" config-id="1815" config-name="default" job-space-id="45972" job-space-path="UFBV/wintersteiger/fmsd13/fixpoint" solver-id="1286" solver-name="Z3-4.3.2.a054b099c1d6-x64-debian-6.0.6-SMT-COMP-2014"/>
<JobPair bench-id="892997" bench-name="sdlx-fixpoint-2.smt2" config-id="1778" config-name="default" job-space-id="45972" job-space-path="UFBV/wintersteiger/fmsd13/fixpoint" solver-id="1257" solver-name="CVC4 f7118b2"/>
<JobPair bench-id="892997" bench-name="sdlx-fixpoint-2.smt2" config-id="1815" config-name="default" job-space-id="45972" job-space-path="UFBV/wintersteiger/fmsd13/fixpoint" solver-id="1286" solver-name="Z3-4.3.2.a054b099c1d6-x64-debian-6.0.6-SMT-COMP-2014"/>
<JobPair bench-id="892998" bench-name="ethernet-fixpoint-4.smt2" config-id="1778" config-name="default" job-space-id="45972" job-space-path="UFBV/wintersteiger/fmsd13/fixpoint" solver-id="1257" solver-name="CVC4 f7118b2"/>
<JobPair bench-id="892998" bench-name="ethernet-fixpoint-4.smt2" config-id="1815" config-name="default" job-space-id="45972" job-space-path="UFBV/wintersteiger/fmsd13/fixpoint" solver-id="1286" solver-name="Z3-4.3.2.a054b099c1d6-x64-debian-6.0.6-SMT-COMP-2014"/>
<JobPair bench-id="892999" bench-name="usb-phy-fixpoint-5.smt2" config-id="1778" config-name="default" job-space-id="45972" job-space-path="UFBV/wintersteiger/fmsd13/fixpoint" solver-id="1257" solver-name="CVC4 f7118b2"/>
<JobPair bench-id="892999" bench-name="usb-phy-fixpoint-5.smt2" config-id="1815" config-name="default" job-space-id="45972" job-space-path="UFBV/wintersteiger/fmsd13/fixpoint" solver-id="1286" solver-name="Z3-4.3.2.a054b099c1d6-x64-debian-6.0.6-SMT-COMP-2014"/>
<JobPair bench-id="893000" bench-name="sdlx-fixpoint-7.smt2" config-id="1778" config-name="default" job-space-id="45972" job-space-path="UFBV/wintersteiger/fmsd13/fixpoint" solver-id="1257" solver-name="CVC4 f7118b2"/>
<JobPair bench-id="893000" bench-name="sdlx-fixpoint-7.smt2" config-id="1815" config-name="default" job-space-id="45972" job-space-path="UFBV/wintersteiger/fmsd13/fixpoint" solver-id="1286" solver-name="Z3-4.3.2.a054b099c1d6-x64-debian-6.0.6-SMT-COMP-2014"/>
<JobPair bench-id="893001" bench-name="small-dyn-partition-fixpoint-1.smt2" config-id="1778" config-name="default" job-space-id="45972" job-space-path="UFBV/wintersteiger/fmsd13/fixpoint" solver-id="1257" solver-name="CVC4 f7118b2"/>
<JobPair bench-id="893001" bench-name="small-dyn-partition-fixpoint-1.smt2" config-id="1815" config-name="default" job-space-id="45972" job-space-path="UFBV/wintersteiger/fmsd13/fixpoint" solver-id="1286" solver-name="Z3-4.3.2.a054b099c1d6-x64-debian-6.0.6-SMT-COMP-2014"/>
<JobPair bench-id="893002" bench-name="small-equiv-fixpoint-7.smt2" config-id="1778" config-name="default" job-space-id="45972" job-space-path="UFBV/wintersteiger/fmsd13/fixpoint" solver-id="1257" solver-name="CVC4 f7118b2"/>
<JobPair bench-id="893002" bench-name="small-equiv-fixpoint-7.smt2" config-id="1815" config-name="default" job-space-id="45972" job-space-path="UFBV/wintersteiger/fmsd13/fixpoint" solver-id="1286" solver-name="Z3-4.3.2.a054b099c1d6-x64-debian-6.0.6-SMT-COMP-2014"/>
<JobPair bench-id="893003" bench-name="itc-b13-fixpoint-1.smt2" config-id="1778" config-name="default" job-space-id="45972" job-space-path="UFBV/wintersteiger/fmsd13/fixpoint" solver-id="1257" solver-name="CVC4 f7118b2"/>
<JobPair bench-id="893003" bench-name="itc-b13-fixpoint-1.smt2" config-id="1815" config-name="default" job-space-id="45972" job-space-path="UFBV/wintersteiger/fmsd13/fixpoint" solver-id="1286" solver-name="Z3-4.3.2.a054b099c1d6-x64-debian-6.0.6-SMT-COMP-2014"/>
<JobPair bench-id="893004" bench-name="small-dyn-partition-fixpoint-6.smt2" config-id="1778" config-name="default" job-space-id="45972" job-space-path="UFBV/wintersteiger/fmsd13/fixpoint" solver-id="1257" solver-name="CVC4 f7118b2"/>
<JobPair bench-id="893004" bench-name="small-dyn-partition-fixpoint-6.smt2" config-id="1815" config-name="default" job-space-id="45972" job-space-path="UFBV/wintersteiger/fmsd13/fixpoint" solver-id="1286" solver-name="Z3-4.3.2.a054b099c1d6-x64-debian-6.0.6-SMT-COMP-2014"/>
<JobPair bench-id="893005" bench-name="small-seq-fixpoint-9.smt2" config-id="1778" config-name="default" job-space-id="45972" job-space-path="UFBV/wintersteiger/fmsd13/fixpoint" solver-id="1257" solver-name="CVC4 f7118b2"/>
<JobPair bench-id="893005" bench-name="small-seq-fixpoint-9.smt2" config-id="1815" config-name="default" job-space-id="45972" job-space-path="UFBV/wintersteiger/fmsd13/fixpoint" solver-id="1286" solver-name="Z3-4.3.2.a054b099c1d6-x64-debian-6.0.6-SMT-COMP-2014"/>
<JobPair bench-id="893006" bench-name="AR-fixpoint-8.smt2" config-id="1778" config-name="default" job-space-id="45972" job-space-path="UFBV/wintersteiger/fmsd13/fixpoint" solver-id="1257" solver-name="CVC4 f7118b2"/>
<JobPair bench-id="893006" bench-name="AR-fixpoint-8.smt2" config-id="1815" config-name="default" job-space-id="45972" job-space-path="UFBV/wintersteiger/fmsd13/fixpoint" solver-id="1286" solver-name="Z3-4.3.2.a054b099c1d6-x64-debian-6.0.6-SMT-COMP-2014"/>
</Job>
</tns:Jobs>
