<?xml version="1.0" encoding="UTF-8"?><tns:Jobs xmlns:tns="https://www.starexec.org/starexec/public/batchJobSchema.xsd" xmlns:xsi="http://www.w3.org/2001/XMLSchema-instance" xsi:schemaLocation="https://www.starexec.org/starexec/public/batchJobSchema.xsd batchJobSchema.xsd">
<Job name="UFIDL 06-25-2014 13.57">
<JobAttributes>
<description value="no description"/>
<queue-id value="-1"/>
<start-paused value="false"/>
<cpu-timeout value="36000"/>
<wallclock-timeout value="36000"/>
<mem-limit value="100.0"/>
<postproc-id value="111"/>
</JobAttributes>
<JobPair bench-id="830070" bench-name="Call_Foo-noinfer.smt2" config-id="1778" config-name="default" job-space-id="45973" job-space-path="UFIDL/boogie" solver-id="1257" solver-name="CVC4 f7118b2"/>
<JobPair bench-id="830070" bench-name="Call_Foo-noinfer.smt2" config-id="1815" config-name="default" job-space-id="45973" job-space-path="UFIDL/boogie" solver-id="1286" solver-name="Z3-4.3.2.a054b099c1d6-x64-debian-6.0.6-SMT-COMP-2014"/>
<JobPair bench-id="905838" bench-name="z3.962319.smt2" config-id="1778" config-name="default" job-space-id="45975" job-space-path="UFIDL/sledgehammer/TypeSafe" solver-id="1257" solver-name="CVC4 f7118b2"/>
<JobPair bench-id="905838" bench-name="z3.962319.smt2" config-id="1815" config-name="default" job-space-id="45975" job-space-path="UFIDL/sledgehammer/TypeSafe" solver-id="1286" solver-name="Z3-4.3.2.a054b099c1d6-x64-debian-6.0.6-SMT-COMP-2014"/>
<JobPair bench-id="830075" bench-name="NestedVC_Q-vc_nested.smt2" config-id="1778" config-name="default" job-space-id="45973" job-space-path="UFIDL/boogie" solver-id="1257" solver-name="CVC4 f7118b2"/>
<JobPair bench-id="830075" bench-name="NestedVC_Q-vc_nested.smt2" config-id="1815" config-name="default" job-space-id="45973" job-space-path="UFIDL/boogie" solver-id="1286" solver-name="Z3-4.3.2.a054b099c1d6-x64-debian-6.0.6-SMT-COMP-2014"/>
<JobPair bench-id="905839" bench-name="z3.976729.smt2" config-id="1778" config-name="default" job-space-id="45975" job-space-path="UFIDL/sledgehammer/TypeSafe" solver-id="1257" solver-name="CVC4 f7118b2"/>
<JobPair bench-id="905839" bench-name="z3.976729.smt2" config-id="1815" config-name="default" job-space-id="45975" job-space-path="UFIDL/sledgehammer/TypeSafe" solver-id="1286" solver-name="Z3-4.3.2.a054b099c1d6-x64-debian-6.0.6-SMT-COMP-2014"/>
<JobPair bench-id="830083" bench-name="Call_DifferentFormalNames-noinfer_2.smt2" config-id="1778" config-name="default" job-space-id="45973" job-space-path="UFIDL/boogie" solver-id="1257" solver-name="CVC4 f7118b2"/>
<JobPair bench-id="830083" bench-name="Call_DifferentFormalNames-noinfer_2.smt2" config-id="1815" config-name="default" job-space-id="45973" job-space-path="UFIDL/boogie" solver-id="1286" solver-name="Z3-4.3.2.a054b099c1d6-x64-debian-6.0.6-SMT-COMP-2014"/>
<JobPair bench-id="905841" bench-name="smtlib.976791.smt2" config-id="1778" config-name="default" job-space-id="45975" job-space-path="UFIDL/sledgehammer/TypeSafe" solver-id="1257" solver-name="CVC4 f7118b2"/>
<JobPair bench-id="905841" bench-name="smtlib.976791.smt2" config-id="1815" config-name="default" job-space-id="45975" job-space-path="UFIDL/sledgehammer/TypeSafe" solver-id="1286" solver-name="Z3-4.3.2.a054b099c1d6-x64-debian-6.0.6-SMT-COMP-2014"/>
<JobPair bench-id="830094" bench-name="Call_DifferentFormalNames-noinfer_3.smt2" config-id="1778" config-name="default" job-space-id="45973" job-space-path="UFIDL/boogie" solver-id="1257" solver-name="CVC4 f7118b2"/>
<JobPair bench-id="830094" bench-name="Call_DifferentFormalNames-noinfer_3.smt2" config-id="1815" config-name="default" job-space-id="45973" job-space-path="UFIDL/boogie" solver-id="1286" solver-name="Z3-4.3.2.a054b099c1d6-x64-debian-6.0.6-SMT-COMP-2014"/>
<JobPair bench-id="905843" bench-name="z3.976230.smt2" config-id="1778" config-name="default" job-space-id="45975" job-space-path="UFIDL/sledgehammer/TypeSafe" solver-id="1257" solver-name="CVC4 f7118b2"/>
<JobPair bench-id="905843" bench-name="z3.976230.smt2" config-id="1815" config-name="default" job-space-id="45975" job-space-path="UFIDL/sledgehammer/TypeSafe" solver-id="1286" solver-name="Z3-4.3.2.a054b099c1d6-x64-debian-6.0.6-SMT-COMP-2014"/>
<JobPair bench-id="905844" bench-name="z3.968844.smt2" config-id="1778" config-name="default" job-space-id="45975" job-space-path="UFIDL/sledgehammer/TypeSafe" solver-id="1257" solver-name="CVC4 f7118b2"/>
<JobPair bench-id="905844" bench-name="z3.968844.smt2" config-id="1815" config-name="default" job-space-id="45975" job-space-path="UFIDL/sledgehammer/TypeSafe" solver-id="1286" solver-name="Z3-4.3.2.a054b099c1d6-x64-debian-6.0.6-SMT-COMP-2014"/>
<JobPair bench-id="905845" bench-name="smtlib.968906.smt2" config-id="1778" config-name="default" job-space-id="45975" job-space-path="UFIDL/sledgehammer/TypeSafe" solver-id="1257" solver-name="CVC4 f7118b2"/>
<JobPair bench-id="905845" bench-name="smtlib.968906.smt2" config-id="1815" config-name="default" job-space-id="45975" job-space-path="UFIDL/sledgehammer/TypeSafe" solver-id="1286" solver-name="Z3-4.3.2.a054b099c1d6-x64-debian-6.0.6-SMT-COMP-2014"/>
<JobPair bench-id="905846" bench-name="smtlib.976292.smt2" config-id="1778" config-name="default" job-space-id="45975" job-space-path="UFIDL/sledgehammer/TypeSafe" solver-id="1257" solver-name="CVC4 f7118b2"/>
<JobPair bench-id="905846" bench-name="smtlib.976292.smt2" config-id="1815" config-name="default" job-space-id="45975" job-space-path="UFIDL/sledgehammer/TypeSafe" solver-id="1286" solver-name="Z3-4.3.2.a054b099c1d6-x64-debian-6.0.6-SMT-COMP-2014"/>
<JobPair bench-id="905848" bench-name="smtlib.962381.smt2" config-id="1778" config-name="default" job-space-id="45975" job-space-path="UFIDL/sledgehammer/TypeSafe" solver-id="1257" solver-name="CVC4 f7118b2"/>
<JobPair bench-id="905848" bench-name="smtlib.962381.smt2" config-id="1815" config-name="default" job-space-id="45975" job-space-path="UFIDL/sledgehammer/TypeSafe" solver-id="1286" solver-name="Z3-4.3.2.a054b099c1d6-x64-debian-6.0.6-SMT-COMP-2014"/>
</Job>
</tns:Jobs>
