pair id,benchmark,benchmark id,solver,solver id,configuration,configuration id,status,cpu time,wallclock time,memory usage,result,expected
21857399,QF_RDL/scheduling/abz7_600.smt2,407827,CVC4 f7118b2,1257,default,1778,timeout (cpu),36000.0,35985.5,4373296.0,starexec-unknown,unknown
21857400,QF_RDL/scheduling/abz7_600.smt2,407827,Z3-4.3.2.a054b099c1d6-x64-debian-6.0.6-SMT-COMP-2014,1286,default,1815,timeout (cpu),36000.1,35986.2,342984.0,starexec-unknown,unknown
21857403,QF_RDL/scheduling/abz7_667.smt2,407828,CVC4 f7118b2,1257,default,1778,timeout (cpu),36000.1,35985.9,6077912.0,starexec-unknown,unknown
21857404,QF_RDL/scheduling/abz7_667.smt2,407828,Z3-4.3.2.a054b099c1d6-x64-debian-6.0.6-SMT-COMP-2014,1286,default,1815,timeout (cpu),36000.1,35989.6,376664.0,starexec-unknown,unknown
21857407,QF_RDL/scheduling/abz7_670.smt2,407829,CVC4 f7118b2,1257,default,1778,timeout (cpu),36000.1,35986.5,5529232.0,starexec-unknown,unknown
21857408,QF_RDL/scheduling/abz7_670.smt2,407829,Z3-4.3.2.a054b099c1d6-x64-debian-6.0.6-SMT-COMP-2014,1286,default,1815,timeout (cpu),36000.0,35988.2,377464.0,starexec-unknown,unknown
21857411,QF_RDL/scheduling/abz7_691.smt2,407830,CVC4 f7118b2,1257,default,1778,complete,22224.1,22215.2,3969544.0,sat,unknown
21857412,QF_RDL/scheduling/abz7_691.smt2,407830,Z3-4.3.2.a054b099c1d6-x64-debian-6.0.6-SMT-COMP-2014,1286,default,1815,complete,1010.75,1010.37,368672.0,sat,unknown
21857415,QF_RDL/scheduling/swv11_2900.smt2,407883,CVC4 f7118b2,1257,default,1778,timeout (cpu),36000.0,35985.8,1733084.0,starexec-unknown,unknown
21857416,QF_RDL/scheduling/swv11_2900.smt2,407883,Z3-4.3.2.a054b099c1d6-x64-debian-6.0.6-SMT-COMP-2014,1286,default,1815,timeout (cpu),36000.1,35985.8,1234172.0,starexec-unknown,unknown
21857419,QF_RDL/scheduling/swv11_2983.smt2,407884,CVC4 f7118b2,1257,default,1778,timeout (cpu),36000.1,35986.1,1744748.0,starexec-unknown,unknown
21857420,QF_RDL/scheduling/swv11_2983.smt2,407884,Z3-4.3.2.a054b099c1d6-x64-debian-6.0.6-SMT-COMP-2014,1286,default,1815,timeout (cpu),36000.1,35984.6,1234172.0,starexec-unknown,unknown
21857423,QF_RDL/scheduling/swv11_2988.smt2,407885,CVC4 f7118b2,1257,default,1778,timeout (cpu),36000.0,35986.1,1659176.0,starexec-unknown,unknown
21857424,QF_RDL/scheduling/swv11_2988.smt2,407885,Z3-4.3.2.a054b099c1d6-x64-debian-6.0.6-SMT-COMP-2014,1286,default,1815,timeout (cpu),36000.1,35985.4,1234172.0,starexec-unknown,unknown
21857427,QF_RDL/scheduling/swv11_2992.smt2,407886,CVC4 f7118b2,1257,default,1778,timeout (cpu),36000.0,35985.7,1747364.0,starexec-unknown,unknown
21857428,QF_RDL/scheduling/swv11_2992.smt2,407886,Z3-4.3.2.a054b099c1d6-x64-debian-6.0.6-SMT-COMP-2014,1286,default,1815,timeout (cpu),36000.0,35982.0,1234172.0,starexec-unknown,unknown
21857431,QF_RDL/scheduling/swv11_3050.smt2,407887,CVC4 f7118b2,1257,default,1778,timeout (cpu),36000.1,35986.7,1630572.0,starexec-unknown,unknown
21857432,QF_RDL/scheduling/swv11_3050.smt2,407887,Z3-4.3.2.a054b099c1d6-x64-debian-6.0.6-SMT-COMP-2014,1286,default,1815,timeout (cpu),36000.0,35985.5,1234172.0,starexec-unknown,unknown
21857435,QF_RDL/scheduling/swv12_2900.smt2,407888,CVC4 f7118b2,1257,default,1778,timeout (cpu),36000.0,35987.1,1714332.0,starexec-unknown,unknown
21857436,QF_RDL/scheduling/swv12_2900.smt2,407888,Z3-4.3.2.a054b099c1d6-x64-debian-6.0.6-SMT-COMP-2014,1286,default,1815,timeout (cpu),36000.0,35985.3,1701304.0,starexec-unknown,unknown
21857439,QF_RDL/scheduling/swv12_2972.smt2,407889,CVC4 f7118b2,1257,default,1778,timeout (cpu),36000.0,35986.2,1410840.0,starexec-unknown,unknown
21857440,QF_RDL/scheduling/swv12_2972.smt2,407889,Z3-4.3.2.a054b099c1d6-x64-debian-6.0.6-SMT-COMP-2014,1286,default,1815,timeout (cpu),36000.0,35982.4,1701304.0,starexec-unknown,unknown
21857443,QF_RDL/scheduling/swv12_2990.smt2,407890,CVC4 f7118b2,1257,default,1778,timeout (cpu),36000.1,35981.6,1747644.0,starexec-unknown,unknown
21857444,QF_RDL/scheduling/swv12_2990.smt2,407890,Z3-4.3.2.a054b099c1d6-x64-debian-6.0.6-SMT-COMP-2014,1286,default,1815,timeout (cpu),36000.1,35985.8,1701304.0,starexec-unknown,unknown
21857447,QF_RDL/scheduling/swv12_3004.smt2,407891,CVC4 f7118b2,1257,default,1778,timeout (cpu),36000.1,35982.5,1445368.0,starexec-unknown,unknown
21857448,QF_RDL/scheduling/swv12_3004.smt2,407891,Z3-4.3.2.a054b099c1d6-x64-debian-6.0.6-SMT-COMP-2014,1286,default,1815,timeout (cpu),36000.0,35989.2,1701304.0,starexec-unknown,unknown
21857451,QF_RDL/scheduling/swv12_3050.smt2,407892,CVC4 f7118b2,1257,default,1778,timeout (cpu),36000.0,35985.3,1665672.0,starexec-unknown,unknown
21857452,QF_RDL/scheduling/swv12_3050.smt2,407892,Z3-4.3.2.a054b099c1d6-x64-debian-6.0.6-SMT-COMP-2014,1286,default,1815,timeout (cpu),36000.0,35987.6,1701304.0,starexec-unknown,unknown
21857455,QF_RDL/scheduling/swv13_3000.smt2,407893,CVC4 f7118b2,1257,default,1778,timeout (cpu),36000.0,35986.0,1803940.0,starexec-unknown,unknown
21857456,QF_RDL/scheduling/swv13_3000.smt2,407893,Z3-4.3.2.a054b099c1d6-x64-debian-6.0.6-SMT-COMP-2014,1286,default,1815,timeout (cpu),36000.1,35984.3,1234172.0,starexec-unknown,unknown
21857459,QF_RDL/scheduling/swv13_3104.smt2,407894,CVC4 f7118b2,1257,default,1778,timeout (cpu),36000.0,35986.6,1485120.0,starexec-unknown,unknown
21857460,QF_RDL/scheduling/swv13_3104.smt2,407894,Z3-4.3.2.a054b099c1d6-x64-debian-6.0.6-SMT-COMP-2014,1286,default,1815,timeout (cpu),36000.0,35985.1,1701304.0,starexec-unknown,unknown
21857463,QF_RDL/scheduling/swv13_3150.smt2,407895,CVC4 f7118b2,1257,default,1778,timeout (cpu),36000.1,35985.8,1449108.0,starexec-unknown,unknown
21857464,QF_RDL/scheduling/swv13_3150.smt2,407895,Z3-4.3.2.a054b099c1d6-x64-debian-6.0.6-SMT-COMP-2014,1286,default,1815,timeout (cpu),36000.0,35987.8,1234172.0,starexec-unknown,unknown
21857467,QF_RDL/scheduling/swv13_3200.smt2,407896,CVC4 f7118b2,1257,default,1778,timeout (cpu),36000.0,35988.7,1526040.0,starexec-unknown,unknown
21857468,QF_RDL/scheduling/swv13_3200.smt2,407896,Z3-4.3.2.a054b099c1d6-x64-debian-6.0.6-SMT-COMP-2014,1286,default,1815,timeout (cpu),36000.1,35982.0,1701304.0,starexec-unknown,unknown
21857471,QF_RDL/scheduling/swv14_2800.smt2,407897,CVC4 f7118b2,1257,default,1778,timeout (cpu),36000.0,35985.1,1771276.0,starexec-unknown,unknown
21857472,QF_RDL/scheduling/swv14_2800.smt2,407897,Z3-4.3.2.a054b099c1d6-x64-debian-6.0.6-SMT-COMP-2014,1286,default,1815,timeout (cpu),36000.1,35985.4,1234172.0,starexec-unknown,unknown
21857475,QF_RDL/scheduling/swv14_2885.smt2,407898,CVC4 f7118b2,1257,default,1778,timeout (cpu),36000.0,35985.9,1751732.0,starexec-unknown,unknown
21857476,QF_RDL/scheduling/swv14_2885.smt2,407898,Z3-4.3.2.a054b099c1d6-x64-debian-6.0.6-SMT-COMP-2014,1286,default,1815,timeout (cpu),36000.0,35988.9,1701304.0,starexec-unknown,unknown
21857479,QF_RDL/scheduling/swv14_2895.smt2,407899,CVC4 f7118b2,1257,default,1778,timeout (cpu),36000.1,35986.0,1410704.0,starexec-unknown,unknown
21857480,QF_RDL/scheduling/swv14_2895.smt2,407899,Z3-4.3.2.a054b099c1d6-x64-debian-6.0.6-SMT-COMP-2014,1286,default,1815,timeout (cpu),36000.0,35986.1,1234172.0,starexec-unknown,unknown
21857483,QF_RDL/scheduling/swv14_2905.smt2,407900,CVC4 f7118b2,1257,default,1778,timeout (cpu),36000.0,35985.0,1713944.0,starexec-unknown,unknown
21857484,QF_RDL/scheduling/swv14_2905.smt2,407900,Z3-4.3.2.a054b099c1d6-x64-debian-6.0.6-SMT-COMP-2014,1286,default,1815,timeout (cpu),36000.0,35992.4,1234172.0,starexec-unknown,unknown
21857487,QF_RDL/scheduling/swv14_3000.smt2,407901,CVC4 f7118b2,1257,default,1778,timeout (cpu),36000.0,35987.3,1573948.0,starexec-unknown,unknown
21857488,QF_RDL/scheduling/swv14_3000.smt2,407901,Z3-4.3.2.a054b099c1d6-x64-debian-6.0.6-SMT-COMP-2014,1286,default,1815,timeout (cpu),36000.1,35985.2,1234172.0,starexec-unknown,unknown
21857491,QF_RDL/scheduling/yn1_850.smt2,407904,CVC4 f7118b2,1257,default,1778,complete,31304.0,31293.4,2402376.0,unsat,unknown
21857492,QF_RDL/scheduling/yn1_850.smt2,407904,Z3-4.3.2.a054b099c1d6-x64-debian-6.0.6-SMT-COMP-2014,1286,default,1815,timeout (cpu),36000.0,35986.3,544580.0,starexec-unknown,unknown
21857495,QF_RDL/scheduling/yn1_887.smt2,407905,CVC4 f7118b2,1257,default,1778,timeout (cpu),36000.0,35982.4,3137268.0,starexec-unknown,unknown
21857496,QF_RDL/scheduling/yn1_887.smt2,407905,Z3-4.3.2.a054b099c1d6-x64-debian-6.0.6-SMT-COMP-2014,1286,default,1815,timeout (cpu),36000.0,35985.5,452048.0,starexec-unknown,unknown
21857499,QF_RDL/scheduling/yn2_862.smt2,407908,CVC4 f7118b2,1257,default,1778,timeout (cpu),36000.0,35986.6,2519160.0,starexec-unknown,unknown
21857500,QF_RDL/scheduling/yn2_862.smt2,407908,Z3-4.3.2.a054b099c1d6-x64-debian-6.0.6-SMT-COMP-2014,1286,default,1815,timeout (cpu),36000.0,35985.2,544824.0,starexec-unknown,unknown
21857503,QF_RDL/scheduling/yn2_890.smt2,407909,CVC4 f7118b2,1257,default,1778,timeout (cpu),36000.0,35988.7,3335596.0,starexec-unknown,unknown
21857504,QF_RDL/scheduling/yn2_890.smt2,407909,Z3-4.3.2.a054b099c1d6-x64-debian-6.0.6-SMT-COMP-2014,1286,default,1815,timeout (cpu),36000.0,35987.5,544456.0,starexec-unknown,unknown
21857507,QF_RDL/scheduling/yn2_910.smt2,407910,CVC4 f7118b2,1257,default,1778,timeout (cpu),36000.1,35985.0,3317572.0,starexec-unknown,unknown
21857508,QF_RDL/scheduling/yn2_910.smt2,407910,Z3-4.3.2.a054b099c1d6-x64-debian-6.0.6-SMT-COMP-2014,1286,default,1815,timeout (cpu),36000.1,35988.0,438144.0,starexec-unknown,unknown
21857511,QF_RDL/scheduling/yn3_860.smt2,407914,CVC4 f7118b2,1257,default,1778,timeout (cpu),36000.0,35985.9,3078364.0,starexec-unknown,unknown
21857512,QF_RDL/scheduling/yn3_860.smt2,407914,Z3-4.3.2.a054b099c1d6-x64-debian-6.0.6-SMT-COMP-2014,1286,default,1815,timeout (cpu),36000.0,35985.1,544740.0,starexec-unknown,unknown
21857515,QF_RDL/scheduling/yn3_894.smt2,407915,CVC4 f7118b2,1257,default,1778,timeout (cpu),36000.1,35988.9,3053160.0,starexec-unknown,unknown
21857516,QF_RDL/scheduling/yn3_894.smt2,407915,Z3-4.3.2.a054b099c1d6-x64-debian-6.0.6-SMT-COMP-2014,1286,default,1815,timeout (cpu),36000.1,35986.5,544244.0,starexec-unknown,unknown
21857519,QF_RDL/scheduling/yn4_1000.smt2,407917,CVC4 f7118b2,1257,default,1778,timeout (cpu),36000.0,35987.3,3792640.0,starexec-unknown,unknown
21857520,QF_RDL/scheduling/yn4_1000.smt2,407917,Z3-4.3.2.a054b099c1d6-x64-debian-6.0.6-SMT-COMP-2014,1286,default,1815,timeout (cpu),36000.1,35987.6,439272.0,starexec-unknown,unknown
21857523,QF_RDL/scheduling/yn4_919.smt2,407919,CVC4 f7118b2,1257,default,1778,timeout (cpu),36000.0,35986.2,3540524.0,starexec-unknown,unknown
21857524,QF_RDL/scheduling/yn4_919.smt2,407919,Z3-4.3.2.a054b099c1d6-x64-debian-6.0.6-SMT-COMP-2014,1286,default,1815,timeout (cpu),36000.0,35985.6,439444.0,starexec-unknown,unknown
21857527,QF_RDL/scheduling/yn4_950.smt2,407920,CVC4 f7118b2,1257,default,1778,timeout (cpu),36000.1,35985.2,3531028.0,starexec-unknown,unknown
21857528,QF_RDL/scheduling/yn4_950.smt2,407920,Z3-4.3.2.a054b099c1d6-x64-debian-6.0.6-SMT-COMP-2014,1286,default,1815,timeout (cpu),36000.1,35986.8,438424.0,starexec-unknown,unknown
21857531,QF_RDL/scheduling/yn4_969.smt2,407921,CVC4 f7118b2,1257,default,1778,timeout (cpu),36000.1,35985.1,3682848.0,starexec-unknown,unknown
21857532,QF_RDL/scheduling/yn4_969.smt2,407921,Z3-4.3.2.a054b099c1d6-x64-debian-6.0.6-SMT-COMP-2014,1286,default,1815,timeout (cpu),36000.0,35981.9,544608.0,starexec-unknown,unknown
21857397,QF_RDL/SMT-Temporal-Planning-Benchmarks/cooking01.smt2,407958,CVC4 f7118b2,1257,default,1778,complete,0.031994,0.041606,106092.0,sat,unknown
21857398,QF_RDL/SMT-Temporal-Planning-Benchmarks/cooking01.smt2,407958,Z3-4.3.2.a054b099c1d6-x64-debian-6.0.6-SMT-COMP-2014,1286,default,1815,complete,0.019996,0.0277211,106092.0,sat,unknown
21857401,QF_RDL/SMT-Temporal-Planning-Benchmarks/cooking02.smt2,407959,CVC4 f7118b2,1257,default,1778,complete,0.043992,0.053569,106092.0,sat,unknown
21857402,QF_RDL/SMT-Temporal-Planning-Benchmarks/cooking02.smt2,407959,Z3-4.3.2.a054b099c1d6-x64-debian-6.0.6-SMT-COMP-2014,1286,default,1815,complete,0.022995,0.03106,106092.0,sat,unknown
21857405,QF_RDL/SMT-Temporal-Planning-Benchmarks/cooking03.smt2,407960,CVC4 f7118b2,1257,default,1778,complete,0.05799,0.0606999,106092.0,sat,unknown
21857406,QF_RDL/SMT-Temporal-Planning-Benchmarks/cooking03.smt2,407960,Z3-4.3.2.a054b099c1d6-x64-debian-6.0.6-SMT-COMP-2014,1286,default,1815,complete,0.027995,0.0289869,0.0,sat,unknown
21857409,QF_RDL/SMT-Temporal-Planning-Benchmarks/cooking04.smt2,407961,CVC4 f7118b2,1257,default,1778,complete,0.069988,0.080781,106092.0,sat,unknown
21857410,QF_RDL/SMT-Temporal-Planning-Benchmarks/cooking04.smt2,407961,Z3-4.3.2.a054b099c1d6-x64-debian-6.0.6-SMT-COMP-2014,1286,default,1815,complete,0.031994,0.0402701,0.0,sat,unknown
21857413,QF_RDL/SMT-Temporal-Planning-Benchmarks/cooking05.smt2,407962,CVC4 f7118b2,1257,default,1778,complete,0.082987,0.0936819,106092.0,sat,unknown
21857414,QF_RDL/SMT-Temporal-Planning-Benchmarks/cooking05.smt2,407962,Z3-4.3.2.a054b099c1d6-x64-debian-6.0.6-SMT-COMP-2014,1286,default,1815,complete,0.037993,0.038829,0.0,sat,unknown
21857417,QF_RDL/SMT-Temporal-Planning-Benchmarks/cooking06.smt2,407963,CVC4 f7118b2,1257,default,1778,complete,0.091985,0.094921,106092.0,sat,unknown
21857418,QF_RDL/SMT-Temporal-Planning-Benchmarks/cooking06.smt2,407963,Z3-4.3.2.a054b099c1d6-x64-debian-6.0.6-SMT-COMP-2014,1286,default,1815,complete,0.041993,0.046669,106092.0,sat,unknown
21857421,QF_RDL/SMT-Temporal-Planning-Benchmarks/cooking07.smt2,407964,CVC4 f7118b2,1257,default,1778,complete,0.110983,0.113871,106092.0,sat,unknown
21857422,QF_RDL/SMT-Temporal-Planning-Benchmarks/cooking07.smt2,407964,Z3-4.3.2.a054b099c1d6-x64-debian-6.0.6-SMT-COMP-2014,1286,default,1815,complete,0.045992,0.057517,0.0,sat,unknown
21857425,QF_RDL/SMT-Temporal-Planning-Benchmarks/cooking08.smt2,407965,CVC4 f7118b2,1257,default,1778,complete,0.121981,0.137099,106092.0,sat,unknown
21857426,QF_RDL/SMT-Temporal-Planning-Benchmarks/cooking08.smt2,407965,Z3-4.3.2.a054b099c1d6-x64-debian-6.0.6-SMT-COMP-2014,1286,default,1815,complete,0.052991,0.061669,0.0,sat,unknown
21857429,QF_RDL/SMT-Temporal-Planning-Benchmarks/cooking09.smt2,407966,CVC4 f7118b2,1257,default,1778,complete,0.130979,0.134343,106092.0,sat,unknown
21857430,QF_RDL/SMT-Temporal-Planning-Benchmarks/cooking09.smt2,407966,Z3-4.3.2.a054b099c1d6-x64-debian-6.0.6-SMT-COMP-2014,1286,default,1815,complete,0.05699,0.0579761,106092.0,sat,unknown
21857433,QF_RDL/SMT-Temporal-Planning-Benchmarks/cooking10.smt2,407967,CVC4 f7118b2,1257,default,1778,complete,0.157975,0.168456,106092.0,sat,unknown
21857434,QF_RDL/SMT-Temporal-Planning-Benchmarks/cooking10.smt2,407967,Z3-4.3.2.a054b099c1d6-x64-debian-6.0.6-SMT-COMP-2014,1286,default,1815,complete,0.062989,0.07188,106092.0,sat,unknown
21857437,QF_RDL/SMT-Temporal-Planning-Benchmarks/cooking11.smt2,407968,CVC4 f7118b2,1257,default,1778,complete,0.176972,0.187235,106092.0,sat,unknown
21857438,QF_RDL/SMT-Temporal-Planning-Benchmarks/cooking11.smt2,407968,Z3-4.3.2.a054b099c1d6-x64-debian-6.0.6-SMT-COMP-2014,1286,default,1815,complete,0.071988,0.0725631,0.0,sat,unknown
21857441,QF_RDL/SMT-Temporal-Planning-Benchmarks/cooking12.smt2,407969,CVC4 f7118b2,1257,default,1778,complete,0.19397,0.208168,106092.0,sat,unknown
21857442,QF_RDL/SMT-Temporal-Planning-Benchmarks/cooking12.smt2,407969,Z3-4.3.2.a054b099c1d6-x64-debian-6.0.6-SMT-COMP-2014,1286,default,1815,complete,0.079987,0.088744,106092.0,sat,unknown
21857445,QF_RDL/SMT-Temporal-Planning-Benchmarks/cooking13.smt2,407970,CVC4 f7118b2,1257,default,1778,complete,0.176972,0.17927,106092.0,sat,unknown
21857446,QF_RDL/SMT-Temporal-Planning-Benchmarks/cooking13.smt2,407970,Z3-4.3.2.a054b099c1d6-x64-debian-6.0.6-SMT-COMP-2014,1286,default,1815,complete,0.091985,0.09973,106092.0,sat,unknown
21857449,QF_RDL/SMT-Temporal-Planning-Benchmarks/cooking14.smt2,407971,CVC4 f7118b2,1257,default,1778,complete,0.187971,0.202209,106092.0,sat,unknown
21857450,QF_RDL/SMT-Temporal-Planning-Benchmarks/cooking14.smt2,407971,Z3-4.3.2.a054b099c1d6-x64-debian-6.0.6-SMT-COMP-2014,1286,default,1815,complete,0.093984,0.102463,106092.0,sat,unknown
21857453,QF_RDL/SMT-Temporal-Planning-Benchmarks/cooking15.smt2,407972,CVC4 f7118b2,1257,default,1778,complete,0.212966,0.21575,106092.0,sat,unknown
21857454,QF_RDL/SMT-Temporal-Planning-Benchmarks/cooking15.smt2,407972,Z3-4.3.2.a054b099c1d6-x64-debian-6.0.6-SMT-COMP-2014,1286,default,1815,complete,0.106983,0.107713,106092.0,sat,unknown
21857457,QF_RDL/SMT-Temporal-Planning-Benchmarks/cooking16.smt2,407973,CVC4 f7118b2,1257,default,1778,complete,0.248961,0.259624,106092.0,sat,unknown
21857458,QF_RDL/SMT-Temporal-Planning-Benchmarks/cooking16.smt2,407973,Z3-4.3.2.a054b099c1d6-x64-debian-6.0.6-SMT-COMP-2014,1286,default,1815,complete,0.109982,0.110197,106092.0,sat,unknown
21857461,QF_RDL/SMT-Temporal-Planning-Benchmarks/cooking17.smt2,407974,CVC4 f7118b2,1257,default,1778,complete,0.263959,0.267023,106092.0,sat,unknown
21857462,QF_RDL/SMT-Temporal-Planning-Benchmarks/cooking17.smt2,407974,Z3-4.3.2.a054b099c1d6-x64-debian-6.0.6-SMT-COMP-2014,1286,default,1815,complete,0.12498,0.132185,106092.0,sat,unknown
21857465,QF_RDL/SMT-Temporal-Planning-Benchmarks/cooking18.smt2,407975,CVC4 f7118b2,1257,default,1778,complete,0.279956,0.283326,106092.0,sat,unknown
21857466,QF_RDL/SMT-Temporal-Planning-Benchmarks/cooking18.smt2,407975,Z3-4.3.2.a054b099c1d6-x64-debian-6.0.6-SMT-COMP-2014,1286,default,1815,complete,0.129979,0.138155,106092.0,sat,unknown
21857469,QF_RDL/SMT-Temporal-Planning-Benchmarks/cooking19.smt2,407976,CVC4 f7118b2,1257,default,1778,complete,0.325949,0.328736,106092.0,sat,unknown
21857470,QF_RDL/SMT-Temporal-Planning-Benchmarks/cooking19.smt2,407976,Z3-4.3.2.a054b099c1d6-x64-debian-6.0.6-SMT-COMP-2014,1286,default,1815,complete,0.12798,0.136142,106092.0,sat,unknown
21857473,QF_RDL/SMT-Temporal-Planning-Benchmarks/cooking20.smt2,407977,CVC4 f7118b2,1257,default,1778,complete,0.310952,0.320978,106092.0,sat,unknown
21857474,QF_RDL/SMT-Temporal-Planning-Benchmarks/cooking20.smt2,407977,Z3-4.3.2.a054b099c1d6-x64-debian-6.0.6-SMT-COMP-2014,1286,default,1815,complete,0.132979,0.133511,106092.0,sat,unknown
21857477,QF_RDL/SMT-Temporal-Planning-Benchmarks/cooking21.smt2,407978,CVC4 f7118b2,1257,default,1778,complete,0.311951,0.313993,106092.0,sat,unknown
21857478,QF_RDL/SMT-Temporal-Planning-Benchmarks/cooking21.smt2,407978,Z3-4.3.2.a054b099c1d6-x64-debian-6.0.6-SMT-COMP-2014,1286,default,1815,complete,0.155975,0.163536,106092.0,sat,unknown
21857481,QF_RDL/SMT-Temporal-Planning-Benchmarks/cooking22.smt2,407979,CVC4 f7118b2,1257,default,1778,complete,0.400938,0.411033,106092.0,sat,unknown
21857482,QF_RDL/SMT-Temporal-Planning-Benchmarks/cooking22.smt2,407979,Z3-4.3.2.a054b099c1d6-x64-debian-6.0.6-SMT-COMP-2014,1286,default,1815,complete,0.150976,0.151645,106092.0,sat,unknown
21857485,QF_RDL/SMT-Temporal-Planning-Benchmarks/tempo-depth-2.smt2,407980,CVC4 f7118b2,1257,default,1778,complete,0.063989,0.0660591,0.0,sat,unknown
21857486,QF_RDL/SMT-Temporal-Planning-Benchmarks/tempo-depth-2.smt2,407980,Z3-4.3.2.a054b099c1d6-x64-debian-6.0.6-SMT-COMP-2014,1286,default,1815,complete,0.031994,0.0327579,0.0,sat,unknown
21857489,QF_RDL/SMT-Temporal-Planning-Benchmarks/tempo-depth-3.smt2,407981,CVC4 f7118b2,1257,default,1778,complete,0.247961,0.259258,106092.0,sat,unknown
21857490,QF_RDL/SMT-Temporal-Planning-Benchmarks/tempo-depth-3.smt2,407981,Z3-4.3.2.a054b099c1d6-x64-debian-6.0.6-SMT-COMP-2014,1286,default,1815,complete,0.110983,0.112137,106092.0,sat,unknown
21857493,QF_RDL/SMT-Temporal-Planning-Benchmarks/tempo-depth-4.smt2,407982,CVC4 f7118b2,1257,default,1778,complete,0.827874,0.83922,106092.0,sat,unknown
21857494,QF_RDL/SMT-Temporal-Planning-Benchmarks/tempo-depth-4.smt2,407982,Z3-4.3.2.a054b099c1d6-x64-debian-6.0.6-SMT-COMP-2014,1286,default,1815,complete,3.36549,3.36538,250564.0,sat,unknown
21857497,QF_RDL/SMT-Temporal-Planning-Benchmarks/tempo-depth-5.smt2,407983,CVC4 f7118b2,1257,default,1778,complete,1.69174,1.70485,206580.0,sat,unknown
21857498,QF_RDL/SMT-Temporal-Planning-Benchmarks/tempo-depth-5.smt2,407983,Z3-4.3.2.a054b099c1d6-x64-debian-6.0.6-SMT-COMP-2014,1286,default,1815,complete,33.7209,33.7147,261976.0,sat,unknown
21857501,QF_RDL/SMT-Temporal-Planning-Benchmarks/tempo-depth-6.smt2,407984,CVC4 f7118b2,1257,default,1778,complete,4.12037,4.12887,253448.0,sat,unknown
21857502,QF_RDL/SMT-Temporal-Planning-Benchmarks/tempo-depth-6.smt2,407984,Z3-4.3.2.a054b099c1d6-x64-debian-6.0.6-SMT-COMP-2014,1286,default,1815,complete,155.266,155.253,283252.0,sat,unknown
21857505,QF_RDL/SMT-Temporal-Planning-Benchmarks/tempo-depth-7.smt2,407985,CVC4 f7118b2,1257,default,1778,complete,14.2428,14.2517,317872.0,sat,unknown
21857506,QF_RDL/SMT-Temporal-Planning-Benchmarks/tempo-depth-7.smt2,407985,Z3-4.3.2.a054b099c1d6-x64-debian-6.0.6-SMT-COMP-2014,1286,default,1815,complete,1066.93,1066.6,323992.0,sat,unknown
21857509,QF_RDL/SMT-Temporal-Planning-Benchmarks/tempo-matrix1x1.pddl.smt2,407986,CVC4 f7118b2,1257,default,1778,complete,0.012997,0.0167709,106092.0,sat,unknown
21857510,QF_RDL/SMT-Temporal-Planning-Benchmarks/tempo-matrix1x1.pddl.smt2,407986,Z3-4.3.2.a054b099c1d6-x64-debian-6.0.6-SMT-COMP-2014,1286,default,1815,complete,0.013997,0.021778,0.0,sat,unknown
21857513,QF_RDL/SMT-Temporal-Planning-Benchmarks/tempo-matrix2x2.pddl.smt2,407987,CVC4 f7118b2,1257,default,1778,complete,7.42987,7.43958,372940.0,sat,unknown
21857514,QF_RDL/SMT-Temporal-Planning-Benchmarks/tempo-matrix2x2.pddl.smt2,407987,Z3-4.3.2.a054b099c1d6-x64-debian-6.0.6-SMT-COMP-2014,1286,default,1815,timeout (cpu),36000.0,35984.0,719084.0,starexec-unknown,unknown
21857517,QF_RDL/SMT-Temporal-Planning-Benchmarks/tempo-width-1.smt2,407988,CVC4 f7118b2,1257,default,1778,complete,0.012997,0.0163479,0.0,sat,unknown
21857518,QF_RDL/SMT-Temporal-Planning-Benchmarks/tempo-width-1.smt2,407988,Z3-4.3.2.a054b099c1d6-x64-debian-6.0.6-SMT-COMP-2014,1286,default,1815,complete,0.014997,0.0155451,106092.0,sat,unknown
21857521,QF_RDL/SMT-Temporal-Planning-Benchmarks/tempo-width-2.smt2,407989,CVC4 f7118b2,1257,default,1778,complete,0.072988,0.0749809,106092.0,sat,unknown
21857522,QF_RDL/SMT-Temporal-Planning-Benchmarks/tempo-width-2.smt2,407989,Z3-4.3.2.a054b099c1d6-x64-debian-6.0.6-SMT-COMP-2014,1286,default,1815,complete,0.032994,0.0344591,0.0,sat,unknown
21857525,QF_RDL/SMT-Temporal-Planning-Benchmarks/tempo-width-3.smt2,407990,CVC4 f7118b2,1257,default,1778,complete,0.352946,0.364941,106092.0,sat,unknown
21857526,QF_RDL/SMT-Temporal-Planning-Benchmarks/tempo-width-3.smt2,407990,Z3-4.3.2.a054b099c1d6-x64-debian-6.0.6-SMT-COMP-2014,1286,default,1815,complete,0.084986,0.0863489,106092.0,sat,unknown
21857529,QF_RDL/SMT-Temporal-Planning-Benchmarks/tempo-width-4.smt2,407991,CVC4 f7118b2,1257,default,1778,complete,1.2938,1.30447,199120.0,sat,unknown
21857530,QF_RDL/SMT-Temporal-Planning-Benchmarks/tempo-width-4.smt2,407991,Z3-4.3.2.a054b099c1d6-x64-debian-6.0.6-SMT-COMP-2014,1286,default,1815,complete,0.290954,0.299132,106092.0,sat,unknown
21857533,QF_RDL/SMT-Temporal-Planning-Benchmarks/tempo-width-5.smt2,407992,CVC4 f7118b2,1257,default,1778,complete,4.15837,4.15844,282364.0,sat,unknown
21857534,QF_RDL/SMT-Temporal-Planning-Benchmarks/tempo-width-5.smt2,407992,Z3-4.3.2.a054b099c1d6-x64-debian-6.0.6-SMT-COMP-2014,1286,default,1815,complete,1.06584,1.06656,294492.0,sat,unknown
21857535,QF_RDL/SMT-Temporal-Planning-Benchmarks/tempo-width-6.smt2,407993,CVC4 f7118b2,1257,default,1778,complete,12.2391,12.2469,438428.0,sat,unknown
21857536,QF_RDL/SMT-Temporal-Planning-Benchmarks/tempo-width-6.smt2,407993,Z3-4.3.2.a054b099c1d6-x64-debian-6.0.6-SMT-COMP-2014,1286,default,1815,timeout (cpu),36000.0,35988.8,743724.0,starexec-unknown,unknown
21857537,QF_RDL/SMT-Temporal-Planning-Benchmarks/tms-2-3-light-03.smt2,407994,CVC4 f7118b2,1257,default,1778,complete,0.078987,0.0900829,106092.0,sat,unknown
21857538,QF_RDL/SMT-Temporal-Planning-Benchmarks/tms-2-3-light-03.smt2,407994,Z3-4.3.2.a054b099c1d6-x64-debian-6.0.6-SMT-COMP-2014,1286,default,1815,complete,0.032994,0.0412981,106092.0,sat,unknown
21857539,QF_RDL/SMT-Temporal-Planning-Benchmarks/tms-2-3-light-04.smt2,407995,CVC4 f7118b2,1257,default,1778,complete,0.089985,0.092339,106092.0,sat,unknown
21857540,QF_RDL/SMT-Temporal-Planning-Benchmarks/tms-2-3-light-04.smt2,407995,Z3-4.3.2.a054b099c1d6-x64-debian-6.0.6-SMT-COMP-2014,1286,default,1815,complete,0.033994,0.0348979,106092.0,sat,unknown
21857541,QF_RDL/SMT-Temporal-Planning-Benchmarks/tms-2-3-light-05.smt2,407996,CVC4 f7118b2,1257,default,1778,complete,0.113981,0.116731,106092.0,sat,unknown
21857542,QF_RDL/SMT-Temporal-Planning-Benchmarks/tms-2-3-light-05.smt2,407996,Z3-4.3.2.a054b099c1d6-x64-debian-6.0.6-SMT-COMP-2014,1286,default,1815,complete,0.043992,0.0532619,0.0,sat,unknown
21857543,QF_RDL/SMT-Temporal-Planning-Benchmarks/tms-2-3-light-06.smt2,407997,CVC4 f7118b2,1257,default,1778,complete,0.12098,0.123672,106092.0,sat,unknown
21857544,QF_RDL/SMT-Temporal-Planning-Benchmarks/tms-2-3-light-06.smt2,407997,Z3-4.3.2.a054b099c1d6-x64-debian-6.0.6-SMT-COMP-2014,1286,default,1815,complete,0.047991,0.04864,0.0,sat,unknown
21857545,QF_RDL/SMT-Temporal-Planning-Benchmarks/tms-2-3-light-07.smt2,407998,CVC4 f7118b2,1257,default,1778,complete,0.154975,0.165804,106092.0,sat,unknown
21857546,QF_RDL/SMT-Temporal-Planning-Benchmarks/tms-2-3-light-07.smt2,407998,Z3-4.3.2.a054b099c1d6-x64-debian-6.0.6-SMT-COMP-2014,1286,default,1815,complete,0.06199,0.0704471,0.0,sat,unknown
21857547,QF_RDL/SMT-Temporal-Planning-Benchmarks/tms-2-3-light-08.smt2,407999,CVC4 f7118b2,1257,default,1778,complete,0.19197,0.193892,106092.0,sat,unknown
21857548,QF_RDL/SMT-Temporal-Planning-Benchmarks/tms-2-3-light-08.smt2,407999,Z3-4.3.2.a054b099c1d6-x64-debian-6.0.6-SMT-COMP-2014,1286,default,1815,complete,0.060989,0.0619331,106092.0,sat,unknown
21857549,QF_RDL/SMT-Temporal-Planning-Benchmarks/tms-2-3-light-09.smt2,408000,CVC4 f7118b2,1257,default,1778,complete,0.19197,0.202536,106092.0,sat,unknown
21857550,QF_RDL/SMT-Temporal-Planning-Benchmarks/tms-2-3-light-09.smt2,408000,Z3-4.3.2.a054b099c1d6-x64-debian-6.0.6-SMT-COMP-2014,1286,default,1815,complete,0.069988,0.069953,0.0,sat,unknown
21857551,QF_RDL/SMT-Temporal-Planning-Benchmarks/tms-2-3-light-10.smt2,408001,CVC4 f7118b2,1257,default,1778,complete,0.204968,0.207558,106092.0,sat,unknown
21857552,QF_RDL/SMT-Temporal-Planning-Benchmarks/tms-2-3-light-10.smt2,408001,Z3-4.3.2.a054b099c1d6-x64-debian-6.0.6-SMT-COMP-2014,1286,default,1815,complete,0.077987,0.0785241,0.0,sat,unknown
21857553,QF_RDL/SMT-Temporal-Planning-Benchmarks/tms-2-3-light-20.smt2,408002,CVC4 f7118b2,1257,default,1778,complete,0.543916,0.554083,106092.0,sat,unknown
21857554,QF_RDL/SMT-Temporal-Planning-Benchmarks/tms-2-3-light-20.smt2,408002,Z3-4.3.2.a054b099c1d6-x64-debian-6.0.6-SMT-COMP-2014,1286,default,1815,complete,0.254961,0.263552,106092.0,sat,unknown
21857555,QF_RDL/SMT-Temporal-Planning-Benchmarks/tms-2-3-light-30.smt2,408003,CVC4 f7118b2,1257,default,1778,complete,0.91486,0.917115,106092.0,sat,unknown
21857556,QF_RDL/SMT-Temporal-Planning-Benchmarks/tms-2-3-light-30.smt2,408003,Z3-4.3.2.a054b099c1d6-x64-debian-6.0.6-SMT-COMP-2014,1286,default,1815,complete,0.735887,0.743568,106092.0,sat,unknown
21857557,QF_RDL/SMT-Temporal-Planning-Benchmarks/tms-2-3-light-40.smt2,408004,CVC4 f7118b2,1257,default,1778,complete,1.24881,1.26594,179288.0,sat,unknown
21857558,QF_RDL/SMT-Temporal-Planning-Benchmarks/tms-2-3-light-40.smt2,408004,Z3-4.3.2.a054b099c1d6-x64-debian-6.0.6-SMT-COMP-2014,1286,default,1815,complete,1.34779,1.35647,252096.0,sat,unknown
21857559,QF_RDL/SMT-Temporal-Planning-Benchmarks/tms-2-3-light-60.smt2,408005,CVC4 f7118b2,1257,default,1778,complete,2.22166,2.23236,198556.0,sat,unknown
21857560,QF_RDL/SMT-Temporal-Planning-Benchmarks/tms-2-3-light-60.smt2,408005,Z3-4.3.2.a054b099c1d6-x64-debian-6.0.6-SMT-COMP-2014,1286,default,1815,complete,6.29004,6.28959,256108.0,sat,unknown
21857561,QF_RDL/SMT-Temporal-Planning-Benchmarks/tms-2-3-light-70.smt2,408006,CVC4 f7118b2,1257,default,1778,complete,3.65244,3.66478,206484.0,sat,unknown
21857562,QF_RDL/SMT-Temporal-Planning-Benchmarks/tms-2-3-light-70.smt2,408006,Z3-4.3.2.a054b099c1d6-x64-debian-6.0.6-SMT-COMP-2014,1286,default,1815,complete,5.18021,5.18671,258012.0,sat,unknown
21857563,QF_RDL/SMT-Temporal-Planning-Benchmarks/tms-2-3-light-80.smt2,408007,CVC4 f7118b2,1257,default,1778,complete,3.3075,3.3167,214180.0,sat,unknown
21857564,QF_RDL/SMT-Temporal-Planning-Benchmarks/tms-2-3-light-80.smt2,408007,Z3-4.3.2.a054b099c1d6-x64-debian-6.0.6-SMT-COMP-2014,1286,default,1815,complete,11.4273,11.4273,260016.0,sat,unknown
21857565,QF_RDL/SMT-Temporal-Planning-Benchmarks/tms-2-3-light-90.smt2,408008,CVC4 f7118b2,1257,default,1778,complete,4.85526,4.85663,226988.0,sat,unknown
21857566,QF_RDL/SMT-Temporal-Planning-Benchmarks/tms-2-3-light-90.smt2,408008,Z3-4.3.2.a054b099c1d6-x64-debian-6.0.6-SMT-COMP-2014,1286,default,1815,complete,11.7022,11.7181,265356.0,sat,unknown
