<?xml version="1.0" encoding="UTF-8"?><tns:Jobs xmlns:tns="https://www.starexec.org/starexec/public/batchJobSchema.xsd" xmlns:xsi="http://www.w3.org/2001/XMLSchema-instance" xsi:schemaLocation="https://www.starexec.org/starexec/public/batchJobSchema.xsd batchJobSchema.xsd">
<Job name="NRA 06-23-2014 08.36">
<JobAttributes>
<description value="no description"/>
<queue-id value="-1"/>
<start-paused value="false"/>
<cpu-timeout value="36000"/>
<wallclock-timeout value="36000"/>
<mem-limit value="100.0"/>
<postproc-id value="111"/>
</JobAttributes>
<JobPair bench-id="894390" bench-name="bouncing-ball-inv-node6576.smt2" config-id="1778" config-name="default" job-space-id="45287" job-space-path="NRA/keymaera" solver-id="1257" solver-name="CVC4 f7118b2"/>
<JobPair bench-id="894390" bench-name="bouncing-ball-inv-node6576.smt2" config-id="1815" config-name="default" job-space-id="45287" job-space-path="NRA/keymaera" solver-id="1286" solver-name="Z3-4.3.2.a054b099c1d6-x64-debian-6.0.6-SMT-COMP-2014"/>
<JobPair bench-id="894509" bench-name="bouncing-ball-node5810.smt2" config-id="1778" config-name="default" job-space-id="45287" job-space-path="NRA/keymaera" solver-id="1257" solver-name="CVC4 f7118b2"/>
<JobPair bench-id="894509" bench-name="bouncing-ball-node5810.smt2" config-id="1815" config-name="default" job-space-id="45287" job-space-path="NRA/keymaera" solver-id="1286" solver-name="Z3-4.3.2.a054b099c1d6-x64-debian-6.0.6-SMT-COMP-2014"/>
<JobPair bench-id="894547" bench-name="bouncing-ball-simple-node5965.smt2" config-id="1778" config-name="default" job-space-id="45287" job-space-path="NRA/keymaera" solver-id="1257" solver-name="CVC4 f7118b2"/>
<JobPair bench-id="894547" bench-name="bouncing-ball-simple-node5965.smt2" config-id="1815" config-name="default" job-space-id="45287" job-space-path="NRA/keymaera" solver-id="1286" solver-name="Z3-4.3.2.a054b099c1d6-x64-debian-6.0.6-SMT-COMP-2014"/>
<JobPair bench-id="894566" bench-name="bouncing-ball-inv-node6638.smt2" config-id="1778" config-name="default" job-space-id="45287" job-space-path="NRA/keymaera" solver-id="1257" solver-name="CVC4 f7118b2"/>
<JobPair bench-id="894566" bench-name="bouncing-ball-inv-node6638.smt2" config-id="1815" config-name="default" job-space-id="45287" job-space-path="NRA/keymaera" solver-id="1286" solver-name="Z3-4.3.2.a054b099c1d6-x64-debian-6.0.6-SMT-COMP-2014"/>
<JobPair bench-id="894586" bench-name="vsl.proof-node2735.smt2" config-id="1778" config-name="default" job-space-id="45287" job-space-path="NRA/keymaera" solver-id="1257" solver-name="CVC4 f7118b2"/>
<JobPair bench-id="894586" bench-name="vsl.proof-node2735.smt2" config-id="1815" config-name="default" job-space-id="45287" job-space-path="NRA/keymaera" solver-id="1286" solver-name="Z3-4.3.2.a054b099c1d6-x64-debian-6.0.6-SMT-COMP-2014"/>
<JobPair bench-id="894646" bench-name="dynamic_reaction_to_static_bounds.proof-node849.smt2" config-id="1778" config-name="default" job-space-id="45287" job-space-path="NRA/keymaera" solver-id="1257" solver-name="CVC4 f7118b2"/>
<JobPair bench-id="894646" bench-name="dynamic_reaction_to_static_bounds.proof-node849.smt2" config-id="1815" config-name="default" job-space-id="45287" job-space-path="NRA/keymaera" solver-id="1286" solver-name="Z3-4.3.2.a054b099c1d6-x64-debian-6.0.6-SMT-COMP-2014"/>
<JobPair bench-id="894660" bench-name="ETCS-d-braking-node2220.smt2" config-id="1778" config-name="default" job-space-id="45287" job-space-path="NRA/keymaera" solver-id="1257" solver-name="CVC4 f7118b2"/>
<JobPair bench-id="894660" bench-name="ETCS-d-braking-node2220.smt2" config-id="1815" config-name="default" job-space-id="45287" job-space-path="NRA/keymaera" solver-id="1286" solver-name="Z3-4.3.2.a054b099c1d6-x64-debian-6.0.6-SMT-COMP-2014"/>
<JobPair bench-id="894754" bench-name="binary_driver-2007-10-09-node8746.smt2" config-id="1778" config-name="default" job-space-id="45287" job-space-path="NRA/keymaera" solver-id="1257" solver-name="CVC4 f7118b2"/>
<JobPair bench-id="894754" bench-name="binary_driver-2007-10-09-node8746.smt2" config-id="1815" config-name="default" job-space-id="45287" job-space-path="NRA/keymaera" solver-id="1286" solver-name="Z3-4.3.2.a054b099c1d6-x64-debian-6.0.6-SMT-COMP-2014"/>
<JobPair bench-id="894819" bench-name="binary_driver-2007-10-09-node14895.smt2" config-id="1778" config-name="default" job-space-id="45287" job-space-path="NRA/keymaera" solver-id="1257" solver-name="CVC4 f7118b2"/>
<JobPair bench-id="894819" bench-name="binary_driver-2007-10-09-node14895.smt2" config-id="1815" config-name="default" job-space-id="45287" job-space-path="NRA/keymaera" solver-id="1286" solver-name="Z3-4.3.2.a054b099c1d6-x64-debian-6.0.6-SMT-COMP-2014"/>
<JobPair bench-id="894848" bench-name="vsl.proof-node1351.smt2" config-id="1778" config-name="default" job-space-id="45287" job-space-path="NRA/keymaera" solver-id="1257" solver-name="CVC4 f7118b2"/>
<JobPair bench-id="894848" bench-name="vsl.proof-node1351.smt2" config-id="1815" config-name="default" job-space-id="45287" job-space-path="NRA/keymaera" solver-id="1286" solver-name="Z3-4.3.2.a054b099c1d6-x64-debian-6.0.6-SMT-COMP-2014"/>
<JobPair bench-id="895074" bench-name="bouncing-ball-inv-node6573.smt2" config-id="1778" config-name="default" job-space-id="45287" job-space-path="NRA/keymaera" solver-id="1257" solver-name="CVC4 f7118b2"/>
<JobPair bench-id="895074" bench-name="bouncing-ball-inv-node6573.smt2" config-id="1815" config-name="default" job-space-id="45287" job-space-path="NRA/keymaera" solver-id="1286" solver-name="Z3-4.3.2.a054b099c1d6-x64-debian-6.0.6-SMT-COMP-2014"/>
<JobPair bench-id="895077" bench-name="bouncing-ball-node5809.smt2" config-id="1778" config-name="default" job-space-id="45287" job-space-path="NRA/keymaera" solver-id="1257" solver-name="CVC4 f7118b2"/>
<JobPair bench-id="895077" bench-name="bouncing-ball-node5809.smt2" config-id="1815" config-name="default" job-space-id="45287" job-space-path="NRA/keymaera" solver-id="1286" solver-name="Z3-4.3.2.a054b099c1d6-x64-debian-6.0.6-SMT-COMP-2014"/>
<JobPair bench-id="895292" bench-name="vsl.proof-node3106.smt2" config-id="1778" config-name="default" job-space-id="45287" job-space-path="NRA/keymaera" solver-id="1257" solver-name="CVC4 f7118b2"/>
<JobPair bench-id="895292" bench-name="vsl.proof-node3106.smt2" config-id="1815" config-name="default" job-space-id="45287" job-space-path="NRA/keymaera" solver-id="1286" solver-name="Z3-4.3.2.a054b099c1d6-x64-debian-6.0.6-SMT-COMP-2014"/>
<JobPair bench-id="895359" bench-name="binary_driver-2007-10-09-node10279.smt2" config-id="1778" config-name="default" job-space-id="45287" job-space-path="NRA/keymaera" solver-id="1257" solver-name="CVC4 f7118b2"/>
<JobPair bench-id="895359" bench-name="binary_driver-2007-10-09-node10279.smt2" config-id="1815" config-name="default" job-space-id="45287" job-space-path="NRA/keymaera" solver-id="1286" solver-name="Z3-4.3.2.a054b099c1d6-x64-debian-6.0.6-SMT-COMP-2014"/>
<JobPair bench-id="895460" bench-name="bouncing-ball-node5857.smt2" config-id="1778" config-name="default" job-space-id="45287" job-space-path="NRA/keymaera" solver-id="1257" solver-name="CVC4 f7118b2"/>
<JobPair bench-id="895460" bench-name="bouncing-ball-node5857.smt2" config-id="1815" config-name="default" job-space-id="45287" job-space-path="NRA/keymaera" solver-id="1286" solver-name="Z3-4.3.2.a054b099c1d6-x64-debian-6.0.6-SMT-COMP-2014"/>
<JobPair bench-id="895496" bench-name="bouncing-ball-simple-node5964.smt2" config-id="1778" config-name="default" job-space-id="45287" job-space-path="NRA/keymaera" solver-id="1257" solver-name="CVC4 f7118b2"/>
<JobPair bench-id="895496" bench-name="bouncing-ball-simple-node5964.smt2" config-id="1815" config-name="default" job-space-id="45287" job-space-path="NRA/keymaera" solver-id="1286" solver-name="Z3-4.3.2.a054b099c1d6-x64-debian-6.0.6-SMT-COMP-2014"/>
<JobPair bench-id="895501" bench-name="vsli-alert.proof-node2416.smt2" config-id="1778" config-name="default" job-space-id="45287" job-space-path="NRA/keymaera" solver-id="1257" solver-name="CVC4 f7118b2"/>
<JobPair bench-id="895501" bench-name="vsli-alert.proof-node2416.smt2" config-id="1815" config-name="default" job-space-id="45287" job-space-path="NRA/keymaera" solver-id="1286" solver-name="Z3-4.3.2.a054b099c1d6-x64-debian-6.0.6-SMT-COMP-2014"/>
<JobPair bench-id="895610" bench-name="bouncing-ball-inv-node6637.smt2" config-id="1778" config-name="default" job-space-id="45287" job-space-path="NRA/keymaera" solver-id="1257" solver-name="CVC4 f7118b2"/>
<JobPair bench-id="895610" bench-name="bouncing-ball-inv-node6637.smt2" config-id="1815" config-name="default" job-space-id="45287" job-space-path="NRA/keymaera" solver-id="1286" solver-name="Z3-4.3.2.a054b099c1d6-x64-debian-6.0.6-SMT-COMP-2014"/>
<JobPair bench-id="895643" bench-name="ETCS-d-braking-node1346.smt2" config-id="1778" config-name="default" job-space-id="45287" job-space-path="NRA/keymaera" solver-id="1257" solver-name="CVC4 f7118b2"/>
<JobPair bench-id="895643" bench-name="ETCS-d-braking-node1346.smt2" config-id="1815" config-name="default" job-space-id="45287" job-space-path="NRA/keymaera" solver-id="1286" solver-name="Z3-4.3.2.a054b099c1d6-x64-debian-6.0.6-SMT-COMP-2014"/>
<JobPair bench-id="895719" bench-name="bouncing-ball-inv-node6247.smt2" config-id="1778" config-name="default" job-space-id="45287" job-space-path="NRA/keymaera" solver-id="1257" solver-name="CVC4 f7118b2"/>
<JobPair bench-id="895719" bench-name="bouncing-ball-inv-node6247.smt2" config-id="1815" config-name="default" job-space-id="45287" job-space-path="NRA/keymaera" solver-id="1286" solver-name="Z3-4.3.2.a054b099c1d6-x64-debian-6.0.6-SMT-COMP-2014"/>
<JobPair bench-id="895756" bench-name="bouncing-ball-simple-node5586.smt2" config-id="1778" config-name="default" job-space-id="45287" job-space-path="NRA/keymaera" solver-id="1257" solver-name="CVC4 f7118b2"/>
<JobPair bench-id="895756" bench-name="bouncing-ball-simple-node5586.smt2" config-id="1815" config-name="default" job-space-id="45287" job-space-path="NRA/keymaera" solver-id="1286" solver-name="Z3-4.3.2.a054b099c1d6-x64-debian-6.0.6-SMT-COMP-2014"/>
<JobPair bench-id="895770" bench-name="bouncing-ball-simple-node5920.smt2" config-id="1778" config-name="default" job-space-id="45287" job-space-path="NRA/keymaera" solver-id="1257" solver-name="CVC4 f7118b2"/>
<JobPair bench-id="895770" bench-name="bouncing-ball-simple-node5920.smt2" config-id="1815" config-name="default" job-space-id="45287" job-space-path="NRA/keymaera" solver-id="1286" solver-name="Z3-4.3.2.a054b099c1d6-x64-debian-6.0.6-SMT-COMP-2014"/>
<JobPair bench-id="895775" bench-name="bouncing-ball-node6060.smt2" config-id="1778" config-name="default" job-space-id="45287" job-space-path="NRA/keymaera" solver-id="1257" solver-name="CVC4 f7118b2"/>
<JobPair bench-id="895775" bench-name="bouncing-ball-node6060.smt2" config-id="1815" config-name="default" job-space-id="45287" job-space-path="NRA/keymaera" solver-id="1286" solver-name="Z3-4.3.2.a054b099c1d6-x64-debian-6.0.6-SMT-COMP-2014"/>
<JobPair bench-id="895790" bench-name="binary_driver-2007-10-09-node13791.smt2" config-id="1778" config-name="default" job-space-id="45287" job-space-path="NRA/keymaera" solver-id="1257" solver-name="CVC4 f7118b2"/>
<JobPair bench-id="895790" bench-name="binary_driver-2007-10-09-node13791.smt2" config-id="1815" config-name="default" job-space-id="45287" job-space-path="NRA/keymaera" solver-id="1286" solver-name="Z3-4.3.2.a054b099c1d6-x64-debian-6.0.6-SMT-COMP-2014"/>
<JobPair bench-id="895831" bench-name="dynamic_reaction_to_static_bounds.proof-node839.smt2" config-id="1778" config-name="default" job-space-id="45287" job-space-path="NRA/keymaera" solver-id="1257" solver-name="CVC4 f7118b2"/>
<JobPair bench-id="895831" bench-name="dynamic_reaction_to_static_bounds.proof-node839.smt2" config-id="1815" config-name="default" job-space-id="45287" job-space-path="NRA/keymaera" solver-id="1286" solver-name="Z3-4.3.2.a054b099c1d6-x64-debian-6.0.6-SMT-COMP-2014"/>
<JobPair bench-id="895863" bench-name="bouncing-ball-simple-node5587.smt2" config-id="1778" config-name="default" job-space-id="45287" job-space-path="NRA/keymaera" solver-id="1257" solver-name="CVC4 f7118b2"/>
<JobPair bench-id="895863" bench-name="bouncing-ball-simple-node5587.smt2" config-id="1815" config-name="default" job-space-id="45287" job-space-path="NRA/keymaera" solver-id="1286" solver-name="Z3-4.3.2.a054b099c1d6-x64-debian-6.0.6-SMT-COMP-2014"/>
<JobPair bench-id="895937" bench-name="bouncing-ball-inv-node6249.smt2" config-id="1778" config-name="default" job-space-id="45287" job-space-path="NRA/keymaera" solver-id="1257" solver-name="CVC4 f7118b2"/>
<JobPair bench-id="895937" bench-name="bouncing-ball-inv-node6249.smt2" config-id="1815" config-name="default" job-space-id="45287" job-space-path="NRA/keymaera" solver-id="1286" solver-name="Z3-4.3.2.a054b099c1d6-x64-debian-6.0.6-SMT-COMP-2014"/>
<JobPair bench-id="895949" bench-name="bouncing-ball-simple-node5980.smt2" config-id="1778" config-name="default" job-space-id="45287" job-space-path="NRA/keymaera" solver-id="1257" solver-name="CVC4 f7118b2"/>
<JobPair bench-id="895949" bench-name="bouncing-ball-simple-node5980.smt2" config-id="1815" config-name="default" job-space-id="45287" job-space-path="NRA/keymaera" solver-id="1286" solver-name="Z3-4.3.2.a054b099c1d6-x64-debian-6.0.6-SMT-COMP-2014"/>
<JobPair bench-id="896040" bench-name="vsl.proof-node2761.smt2" config-id="1778" config-name="default" job-space-id="45287" job-space-path="NRA/keymaera" solver-id="1257" solver-name="CVC4 f7118b2"/>
<JobPair bench-id="896040" bench-name="vsl.proof-node2761.smt2" config-id="1815" config-name="default" job-space-id="45287" job-space-path="NRA/keymaera" solver-id="1286" solver-name="Z3-4.3.2.a054b099c1d6-x64-debian-6.0.6-SMT-COMP-2014"/>
<JobPair bench-id="896115" bench-name="binary_driver-2007-10-09-node11383.smt2" config-id="1778" config-name="default" job-space-id="45287" job-space-path="NRA/keymaera" solver-id="1257" solver-name="CVC4 f7118b2"/>
<JobPair bench-id="896115" bench-name="binary_driver-2007-10-09-node11383.smt2" config-id="1815" config-name="default" job-space-id="45287" job-space-path="NRA/keymaera" solver-id="1286" solver-name="Z3-4.3.2.a054b099c1d6-x64-debian-6.0.6-SMT-COMP-2014"/>
<JobPair bench-id="896125" bench-name="binary_driver-2007-10-09-node8745.smt2" config-id="1778" config-name="default" job-space-id="45287" job-space-path="NRA/keymaera" solver-id="1257" solver-name="CVC4 f7118b2"/>
<JobPair bench-id="896125" bench-name="binary_driver-2007-10-09-node8745.smt2" config-id="1815" config-name="default" job-space-id="45287" job-space-path="NRA/keymaera" solver-id="1286" solver-name="Z3-4.3.2.a054b099c1d6-x64-debian-6.0.6-SMT-COMP-2014"/>
<JobPair bench-id="896138" bench-name="bouncing-ball-simple-node5917.smt2" config-id="1778" config-name="default" job-space-id="45287" job-space-path="NRA/keymaera" solver-id="1257" solver-name="CVC4 f7118b2"/>
<JobPair bench-id="896138" bench-name="bouncing-ball-simple-node5917.smt2" config-id="1815" config-name="default" job-space-id="45287" job-space-path="NRA/keymaera" solver-id="1286" solver-name="Z3-4.3.2.a054b099c1d6-x64-debian-6.0.6-SMT-COMP-2014"/>
<JobPair bench-id="896152" bench-name="bouncing-ball-node5840.smt2" config-id="1778" config-name="default" job-space-id="45287" job-space-path="NRA/keymaera" solver-id="1257" solver-name="CVC4 f7118b2"/>
<JobPair bench-id="896152" bench-name="bouncing-ball-node5840.smt2" config-id="1815" config-name="default" job-space-id="45287" job-space-path="NRA/keymaera" solver-id="1286" solver-name="Z3-4.3.2.a054b099c1d6-x64-debian-6.0.6-SMT-COMP-2014"/>
<JobPair bench-id="896204" bench-name="vsli.proof-node2308.smt2" config-id="1778" config-name="default" job-space-id="45287" job-space-path="NRA/keymaera" solver-id="1257" solver-name="CVC4 f7118b2"/>
<JobPair bench-id="896204" bench-name="vsli.proof-node2308.smt2" config-id="1815" config-name="default" job-space-id="45287" job-space-path="NRA/keymaera" solver-id="1286" solver-name="Z3-4.3.2.a054b099c1d6-x64-debian-6.0.6-SMT-COMP-2014"/>
<JobPair bench-id="896237" bench-name="bouncing-ball-inv-node6575.smt2" config-id="1778" config-name="default" job-space-id="45287" job-space-path="NRA/keymaera" solver-id="1257" solver-name="CVC4 f7118b2"/>
<JobPair bench-id="896237" bench-name="bouncing-ball-inv-node6575.smt2" config-id="1815" config-name="default" job-space-id="45287" job-space-path="NRA/keymaera" solver-id="1286" solver-name="Z3-4.3.2.a054b099c1d6-x64-debian-6.0.6-SMT-COMP-2014"/>
<JobPair bench-id="896272" bench-name="binary_driver-2007-10-09-node12553.smt2" config-id="1778" config-name="default" job-space-id="45287" job-space-path="NRA/keymaera" solver-id="1257" solver-name="CVC4 f7118b2"/>
<JobPair bench-id="896272" bench-name="binary_driver-2007-10-09-node12553.smt2" config-id="1815" config-name="default" job-space-id="45287" job-space-path="NRA/keymaera" solver-id="1286" solver-name="Z3-4.3.2.a054b099c1d6-x64-debian-6.0.6-SMT-COMP-2014"/>
<JobPair bench-id="896308" bench-name="binary_driver-2007-10-09-node11384.smt2" config-id="1778" config-name="default" job-space-id="45287" job-space-path="NRA/keymaera" solver-id="1257" solver-name="CVC4 f7118b2"/>
<JobPair bench-id="896308" bench-name="binary_driver-2007-10-09-node11384.smt2" config-id="1815" config-name="default" job-space-id="45287" job-space-path="NRA/keymaera" solver-id="1286" solver-name="Z3-4.3.2.a054b099c1d6-x64-debian-6.0.6-SMT-COMP-2014"/>
<JobPair bench-id="896371" bench-name="bouncing-ball-inv-node6248.smt2" config-id="1778" config-name="default" job-space-id="45287" job-space-path="NRA/keymaera" solver-id="1257" solver-name="CVC4 f7118b2"/>
<JobPair bench-id="896371" bench-name="bouncing-ball-inv-node6248.smt2" config-id="1815" config-name="default" job-space-id="45287" job-space-path="NRA/keymaera" solver-id="1286" solver-name="Z3-4.3.2.a054b099c1d6-x64-debian-6.0.6-SMT-COMP-2014"/>
<JobPair bench-id="896397" bench-name="bouncing-ball-inv-node6622.smt2" config-id="1778" config-name="default" job-space-id="45287" job-space-path="NRA/keymaera" solver-id="1257" solver-name="CVC4 f7118b2"/>
<JobPair bench-id="896397" bench-name="bouncing-ball-inv-node6622.smt2" config-id="1815" config-name="default" job-space-id="45287" job-space-path="NRA/keymaera" solver-id="1286" solver-name="Z3-4.3.2.a054b099c1d6-x64-debian-6.0.6-SMT-COMP-2014"/>
<JobPair bench-id="896407" bench-name="vsli.proof-node2282.smt2" config-id="1778" config-name="default" job-space-id="45287" job-space-path="NRA/keymaera" solver-id="1257" solver-name="CVC4 f7118b2"/>
<JobPair bench-id="896407" bench-name="vsli.proof-node2282.smt2" config-id="1815" config-name="default" job-space-id="45287" job-space-path="NRA/keymaera" solver-id="1286" solver-name="Z3-4.3.2.a054b099c1d6-x64-debian-6.0.6-SMT-COMP-2014"/>
<JobPair bench-id="896434" bench-name="bouncing-ball-node5839.smt2" config-id="1778" config-name="default" job-space-id="45287" job-space-path="NRA/keymaera" solver-id="1257" solver-name="CVC4 f7118b2"/>
<JobPair bench-id="896434" bench-name="bouncing-ball-node5839.smt2" config-id="1815" config-name="default" job-space-id="45287" job-space-path="NRA/keymaera" solver-id="1286" solver-name="Z3-4.3.2.a054b099c1d6-x64-debian-6.0.6-SMT-COMP-2014"/>
<JobPair bench-id="896488" bench-name="bouncing-ball-inv-node6606.smt2" config-id="1778" config-name="default" job-space-id="45287" job-space-path="NRA/keymaera" solver-id="1257" solver-name="CVC4 f7118b2"/>
<JobPair bench-id="896488" bench-name="bouncing-ball-inv-node6606.smt2" config-id="1815" config-name="default" job-space-id="45287" job-space-path="NRA/keymaera" solver-id="1286" solver-name="Z3-4.3.2.a054b099c1d6-x64-debian-6.0.6-SMT-COMP-2014"/>
<JobPair bench-id="896496" bench-name="binary_driver-2007-10-09-node13792.smt2" config-id="1778" config-name="default" job-space-id="45287" job-space-path="NRA/keymaera" solver-id="1257" solver-name="CVC4 f7118b2"/>
<JobPair bench-id="896496" bench-name="binary_driver-2007-10-09-node13792.smt2" config-id="1815" config-name="default" job-space-id="45287" job-space-path="NRA/keymaera" solver-id="1286" solver-name="Z3-4.3.2.a054b099c1d6-x64-debian-6.0.6-SMT-COMP-2014"/>
<JobPair bench-id="896498" bench-name="vsl.proof-node1748.smt2" config-id="1778" config-name="default" job-space-id="45287" job-space-path="NRA/keymaera" solver-id="1257" solver-name="CVC4 f7118b2"/>
<JobPair bench-id="896498" bench-name="vsl.proof-node1748.smt2" config-id="1815" config-name="default" job-space-id="45287" job-space-path="NRA/keymaera" solver-id="1286" solver-name="Z3-4.3.2.a054b099c1d6-x64-debian-6.0.6-SMT-COMP-2014"/>
<JobPair bench-id="896511" bench-name="bouncing-ball-node5841.smt2" config-id="1778" config-name="default" job-space-id="45287" job-space-path="NRA/keymaera" solver-id="1257" solver-name="CVC4 f7118b2"/>
<JobPair bench-id="896511" bench-name="bouncing-ball-node5841.smt2" config-id="1815" config-name="default" job-space-id="45287" job-space-path="NRA/keymaera" solver-id="1286" solver-name="Z3-4.3.2.a054b099c1d6-x64-debian-6.0.6-SMT-COMP-2014"/>
<JobPair bench-id="896532" bench-name="bouncing-ball-simple-node5981.smt2" config-id="1778" config-name="default" job-space-id="45287" job-space-path="NRA/keymaera" solver-id="1257" solver-name="CVC4 f7118b2"/>
<JobPair bench-id="896532" bench-name="bouncing-ball-simple-node5981.smt2" config-id="1815" config-name="default" job-space-id="45287" job-space-path="NRA/keymaera" solver-id="1286" solver-name="Z3-4.3.2.a054b099c1d6-x64-debian-6.0.6-SMT-COMP-2014"/>
<JobPair bench-id="896556" bench-name="bouncing-ball-simple-node5918.smt2" config-id="1778" config-name="default" job-space-id="45287" job-space-path="NRA/keymaera" solver-id="1257" solver-name="CVC4 f7118b2"/>
<JobPair bench-id="896556" bench-name="bouncing-ball-simple-node5918.smt2" config-id="1815" config-name="default" job-space-id="45287" job-space-path="NRA/keymaera" solver-id="1286" solver-name="Z3-4.3.2.a054b099c1d6-x64-debian-6.0.6-SMT-COMP-2014"/>
<JobPair bench-id="896561" bench-name="dynamic_reaction_to_static_bounds.proof-node829.smt2" config-id="1778" config-name="default" job-space-id="45287" job-space-path="NRA/keymaera" solver-id="1257" solver-name="CVC4 f7118b2"/>
<JobPair bench-id="896561" bench-name="dynamic_reaction_to_static_bounds.proof-node829.smt2" config-id="1815" config-name="default" job-space-id="45287" job-space-path="NRA/keymaera" solver-id="1286" solver-name="Z3-4.3.2.a054b099c1d6-x64-debian-6.0.6-SMT-COMP-2014"/>
<JobPair bench-id="896602" bench-name="bouncing-ball-node5856.smt2" config-id="1778" config-name="default" job-space-id="45287" job-space-path="NRA/keymaera" solver-id="1257" solver-name="CVC4 f7118b2"/>
<JobPair bench-id="896602" bench-name="bouncing-ball-node5856.smt2" config-id="1815" config-name="default" job-space-id="45287" job-space-path="NRA/keymaera" solver-id="1286" solver-name="Z3-4.3.2.a054b099c1d6-x64-debian-6.0.6-SMT-COMP-2014"/>
<JobPair bench-id="896603" bench-name="bouncing-ball-simple-node5919.smt2" config-id="1778" config-name="default" job-space-id="45287" job-space-path="NRA/keymaera" solver-id="1257" solver-name="CVC4 f7118b2"/>
<JobPair bench-id="896603" bench-name="bouncing-ball-simple-node5919.smt2" config-id="1815" config-name="default" job-space-id="45287" job-space-path="NRA/keymaera" solver-id="1286" solver-name="Z3-4.3.2.a054b099c1d6-x64-debian-6.0.6-SMT-COMP-2014"/>
<JobPair bench-id="896897" bench-name="vsl.proof-node2228.smt2" config-id="1778" config-name="default" job-space-id="45287" job-space-path="NRA/keymaera" solver-id="1257" solver-name="CVC4 f7118b2"/>
<JobPair bench-id="896897" bench-name="vsl.proof-node2228.smt2" config-id="1815" config-name="default" job-space-id="45287" job-space-path="NRA/keymaera" solver-id="1286" solver-name="Z3-4.3.2.a054b099c1d6-x64-debian-6.0.6-SMT-COMP-2014"/>
<JobPair bench-id="896917" bench-name="bouncing-ball-simple-node5982.smt2" config-id="1778" config-name="default" job-space-id="45287" job-space-path="NRA/keymaera" solver-id="1257" solver-name="CVC4 f7118b2"/>
<JobPair bench-id="896917" bench-name="bouncing-ball-simple-node5982.smt2" config-id="1815" config-name="default" job-space-id="45287" job-space-path="NRA/keymaera" solver-id="1286" solver-name="Z3-4.3.2.a054b099c1d6-x64-debian-6.0.6-SMT-COMP-2014"/>
<JobPair bench-id="896987" bench-name="binary_driver-2007-10-09-node12552.smt2" config-id="1778" config-name="default" job-space-id="45287" job-space-path="NRA/keymaera" solver-id="1257" solver-name="CVC4 f7118b2"/>
<JobPair bench-id="896987" bench-name="binary_driver-2007-10-09-node12552.smt2" config-id="1815" config-name="default" job-space-id="45287" job-space-path="NRA/keymaera" solver-id="1286" solver-name="Z3-4.3.2.a054b099c1d6-x64-debian-6.0.6-SMT-COMP-2014"/>
<JobPair bench-id="897113" bench-name="vsl.proof-node1722.smt2" config-id="1778" config-name="default" job-space-id="45287" job-space-path="NRA/keymaera" solver-id="1257" solver-name="CVC4 f7118b2"/>
<JobPair bench-id="897113" bench-name="vsl.proof-node1722.smt2" config-id="1815" config-name="default" job-space-id="45287" job-space-path="NRA/keymaera" solver-id="1286" solver-name="Z3-4.3.2.a054b099c1d6-x64-debian-6.0.6-SMT-COMP-2014"/>
<JobPair bench-id="897156" bench-name="dynamic_reaction_to_static_bounds.proof-node819.smt2" config-id="1778" config-name="default" job-space-id="45287" job-space-path="NRA/keymaera" solver-id="1257" solver-name="CVC4 f7118b2"/>
<JobPair bench-id="897156" bench-name="dynamic_reaction_to_static_bounds.proof-node819.smt2" config-id="1815" config-name="default" job-space-id="45287" job-space-path="NRA/keymaera" solver-id="1286" solver-name="Z3-4.3.2.a054b099c1d6-x64-debian-6.0.6-SMT-COMP-2014"/>
<JobPair bench-id="897179" bench-name="vsl.proof-node1377.smt2" config-id="1778" config-name="default" job-space-id="45287" job-space-path="NRA/keymaera" solver-id="1257" solver-name="CVC4 f7118b2"/>
<JobPair bench-id="897179" bench-name="vsl.proof-node1377.smt2" config-id="1815" config-name="default" job-space-id="45287" job-space-path="NRA/keymaera" solver-id="1286" solver-name="Z3-4.3.2.a054b099c1d6-x64-debian-6.0.6-SMT-COMP-2014"/>
<JobPair bench-id="897239" bench-name="bouncing-ball-node6059.smt2" config-id="1778" config-name="default" job-space-id="45287" job-space-path="NRA/keymaera" solver-id="1257" solver-name="CVC4 f7118b2"/>
<JobPair bench-id="897239" bench-name="bouncing-ball-node6059.smt2" config-id="1815" config-name="default" job-space-id="45287" job-space-path="NRA/keymaera" solver-id="1286" solver-name="Z3-4.3.2.a054b099c1d6-x64-debian-6.0.6-SMT-COMP-2014"/>
<JobPair bench-id="897399" bench-name="bouncing-ball-inv-node6621.smt2" config-id="1778" config-name="default" job-space-id="45287" job-space-path="NRA/keymaera" solver-id="1257" solver-name="CVC4 f7118b2"/>
<JobPair bench-id="897399" bench-name="bouncing-ball-inv-node6621.smt2" config-id="1815" config-name="default" job-space-id="45287" job-space-path="NRA/keymaera" solver-id="1286" solver-name="Z3-4.3.2.a054b099c1d6-x64-debian-6.0.6-SMT-COMP-2014"/>
<JobPair bench-id="897634" bench-name="vsl.proof-node2202.smt2" config-id="1778" config-name="default" job-space-id="45287" job-space-path="NRA/keymaera" solver-id="1257" solver-name="CVC4 f7118b2"/>
<JobPair bench-id="897634" bench-name="vsl.proof-node2202.smt2" config-id="1815" config-name="default" job-space-id="45287" job-space-path="NRA/keymaera" solver-id="1286" solver-name="Z3-4.3.2.a054b099c1d6-x64-debian-6.0.6-SMT-COMP-2014"/>
<JobPair bench-id="897649" bench-name="bouncing-ball-simple-node5963.smt2" config-id="1778" config-name="default" job-space-id="45287" job-space-path="NRA/keymaera" solver-id="1257" solver-name="CVC4 f7118b2"/>
<JobPair bench-id="897649" bench-name="bouncing-ball-simple-node5963.smt2" config-id="1815" config-name="default" job-space-id="45287" job-space-path="NRA/keymaera" solver-id="1286" solver-name="Z3-4.3.2.a054b099c1d6-x64-debian-6.0.6-SMT-COMP-2014"/>
<JobPair bench-id="897661" bench-name="bouncing-ball-inv-node6574.smt2" config-id="1778" config-name="default" job-space-id="45287" job-space-path="NRA/keymaera" solver-id="1257" solver-name="CVC4 f7118b2"/>
<JobPair bench-id="897661" bench-name="bouncing-ball-inv-node6574.smt2" config-id="1815" config-name="default" job-space-id="45287" job-space-path="NRA/keymaera" solver-id="1286" solver-name="Z3-4.3.2.a054b099c1d6-x64-debian-6.0.6-SMT-COMP-2014"/>
<JobPair bench-id="897697" bench-name="bouncing-ball-node5808.smt2" config-id="1778" config-name="default" job-space-id="45287" job-space-path="NRA/keymaera" solver-id="1257" solver-name="CVC4 f7118b2"/>
<JobPair bench-id="897697" bench-name="bouncing-ball-node5808.smt2" config-id="1815" config-name="default" job-space-id="45287" job-space-path="NRA/keymaera" solver-id="1286" solver-name="Z3-4.3.2.a054b099c1d6-x64-debian-6.0.6-SMT-COMP-2014"/>
<JobPair bench-id="897818" bench-name="binary_driver-2007-10-09-node14896.smt2" config-id="1778" config-name="default" job-space-id="45287" job-space-path="NRA/keymaera" solver-id="1257" solver-name="CVC4 f7118b2"/>
<JobPair bench-id="897818" bench-name="binary_driver-2007-10-09-node14896.smt2" config-id="1815" config-name="default" job-space-id="45287" job-space-path="NRA/keymaera" solver-id="1286" solver-name="Z3-4.3.2.a054b099c1d6-x64-debian-6.0.6-SMT-COMP-2014"/>
<JobPair bench-id="897943" bench-name="binary_driver-2007-10-09-node10280.smt2" config-id="1778" config-name="default" job-space-id="45287" job-space-path="NRA/keymaera" solver-id="1257" solver-name="CVC4 f7118b2"/>
<JobPair bench-id="897943" bench-name="binary_driver-2007-10-09-node10280.smt2" config-id="1815" config-name="default" job-space-id="45287" job-space-path="NRA/keymaera" solver-id="1286" solver-name="Z3-4.3.2.a054b099c1d6-x64-debian-6.0.6-SMT-COMP-2014"/>
<JobPair bench-id="898037" bench-name="bouncing-ball-inv-node6605.smt2" config-id="1778" config-name="default" job-space-id="45287" job-space-path="NRA/keymaera" solver-id="1257" solver-name="CVC4 f7118b2"/>
<JobPair bench-id="898037" bench-name="bouncing-ball-inv-node6605.smt2" config-id="1815" config-name="default" job-space-id="45287" job-space-path="NRA/keymaera" solver-id="1286" solver-name="Z3-4.3.2.a054b099c1d6-x64-debian-6.0.6-SMT-COMP-2014"/>
<JobPair bench-id="898078" bench-name="vsli-alert.proof-node2442.smt2" config-id="1778" config-name="default" job-space-id="45287" job-space-path="NRA/keymaera" solver-id="1257" solver-name="CVC4 f7118b2"/>
<JobPair bench-id="898078" bench-name="vsli-alert.proof-node2442.smt2" config-id="1815" config-name="default" job-space-id="45287" job-space-path="NRA/keymaera" solver-id="1286" solver-name="Z3-4.3.2.a054b099c1d6-x64-debian-6.0.6-SMT-COMP-2014"/>
</Job>
</tns:Jobs>
