pair id,benchmark,benchmark id,solver,solver id,configuration,configuration id,status,cpu time,wallclock time,memory usage,result,expected
21847086,QF_UF/PEQ/PEQ012_size6.smt2,408180,CVC4 f7118b2,1257,default,1778,complete,5814.65,5812.29,305852.0,unsat,unknown
21847087,QF_UF/PEQ/PEQ012_size6.smt2,408180,Yices-2.2.1-smtcomp2014,1259,default,1781,complete,3.45847,3.47103,110268.0,unsat,unknown
21847088,QF_UF/PEQ/PEQ012_size6.smt2,408180,Z3-4.3.2.a054b099c1d6-x64-debian-6.0.6-SMT-COMP-2014,1286,default,1815,complete,9.05862,9.06564,244360.0,unsat,unknown
21847089,QF_UF/PEQ/PEQ013_size8.smt2,408184,CVC4 f7118b2,1257,default,1778,complete,0.0,0.0,0.0,starexec-unknown,unknown
21847090,QF_UF/PEQ/PEQ013_size8.smt2,408184,Yices-2.2.1-smtcomp2014,1259,default,1781,complete,7.71183,7.71887,112476.0,unsat,unknown
21847091,QF_UF/PEQ/PEQ013_size8.smt2,408184,Z3-4.3.2.a054b099c1d6-x64-debian-6.0.6-SMT-COMP-2014,1286,default,1815,complete,0.0,0.0,0.0,starexec-unknown,unknown
21847092,QF_UF/PEQ/PEQ016_size7.smt2,408192,CVC4 f7118b2,1257,default,1778,complete,0.0,0.0,0.0,starexec-unknown,unknown
21847093,QF_UF/PEQ/PEQ016_size7.smt2,408192,Yices-2.2.1-smtcomp2014,1259,default,1781,complete,2.52561,2.53665,113172.0,unsat,unknown
21847094,QF_UF/PEQ/PEQ016_size7.smt2,408192,Z3-4.3.2.a054b099c1d6-x64-debian-6.0.6-SMT-COMP-2014,1286,default,1815,complete,917.252,916.928,317728.0,unsat,unknown
21847095,QF_UF/PEQ/PEQ020_size7.smt2,408203,CVC4 f7118b2,1257,default,1778,complete,0.0,0.0,0.0,starexec-unknown,unknown
21847096,QF_UF/PEQ/PEQ020_size7.smt2,408203,Yices-2.2.1-smtcomp2014,1259,default,1781,complete,5.56415,5.5736,111716.0,unsat,unknown
21847097,QF_UF/PEQ/PEQ020_size7.smt2,408203,Z3-4.3.2.a054b099c1d6-x64-debian-6.0.6-SMT-COMP-2014,1286,default,1815,complete,3.00854,3.01773,245076.0,unsat,unknown
