pair id,benchmark,benchmark id,solver,solver id,configuration,configuration id,status,cpu time,wallclock time,memory usage,result,expected
21332680,AUFLIRA/nasa/vc_normalize_subst/cl5_nebula_norm_0009.fof.smt2,347544,CVC4 f7118b2,1257,default,1778,timeout (cpu),36000.1,35981.6,6483256.0,starexec-unknown,unknown
21332682,AUFLIRA/nasa/vc_normalize_subst/cl5_nebula_norm_0009.fof.smt2,347544,Z3-4.3.2.a054b099c1d6-x64-debian-6.0.6-SMT-COMP-2014,1286,default,1815,complete,0.021996,0.04341,0.0,starexec-unknown,unknown
21332712,AUFLIRA/nasa/vc_normalize_subst/cl5_nebula_norm_0018.fof.smt2,347546,CVC4 f7118b2,1257,default,1778,timeout (cpu),36000.1,35981.4,6473820.0,starexec-unknown,unknown
21332714,AUFLIRA/nasa/vc_normalize_subst/cl5_nebula_norm_0018.fof.smt2,347546,Z3-4.3.2.a054b099c1d6-x64-debian-6.0.6-SMT-COMP-2014,1286,default,1815,complete,0.021996,0.040348,0.0,starexec-unknown,unknown
21332740,AUFLIRA/nasa/vc_normalize_subst/cl5_nebula_norm_0025.fof.smt2,347550,CVC4 f7118b2,1257,default,1778,timeout (cpu),36000.1,35985.4,6452416.0,starexec-unknown,unknown
21332742,AUFLIRA/nasa/vc_normalize_subst/cl5_nebula_norm_0025.fof.smt2,347550,Z3-4.3.2.a054b099c1d6-x64-debian-6.0.6-SMT-COMP-2014,1286,default,1815,complete,0.024995,0.0433629,0.0,starexec-unknown,unknown
21332766,AUFLIRA/nasa/vc_normalize_subst/cl5_nebula_norm_0027.fof.smt2,347552,CVC4 f7118b2,1257,default,1778,timeout (cpu),36000.0,35985.2,6463132.0,starexec-unknown,unknown
21332768,AUFLIRA/nasa/vc_normalize_subst/cl5_nebula_norm_0027.fof.smt2,347552,Z3-4.3.2.a054b099c1d6-x64-debian-6.0.6-SMT-COMP-2014,1286,default,1815,complete,0.020996,0.0455351,0.0,starexec-unknown,unknown
21332794,AUFLIRA/nasa/vc_normalize_subst/cl5_nebula_norm_0028.fof.smt2,347553,CVC4 f7118b2,1257,default,1778,timeout (cpu),36000.0,35982.0,6444952.0,starexec-unknown,unknown
21332796,AUFLIRA/nasa/vc_normalize_subst/cl5_nebula_norm_0028.fof.smt2,347553,Z3-4.3.2.a054b099c1d6-x64-debian-6.0.6-SMT-COMP-2014,1286,default,1815,complete,0.019996,0.0456581,0.0,starexec-unknown,unknown
21332823,AUFLIRA/nasa/vc_normalize_subst/cl5_nebula_norm_0029.fof.smt2,347554,CVC4 f7118b2,1257,default,1778,timeout (cpu),36000.1,35985.1,964224.0,starexec-unknown,unknown
21332825,AUFLIRA/nasa/vc_normalize_subst/cl5_nebula_norm_0029.fof.smt2,347554,Z3-4.3.2.a054b099c1d6-x64-debian-6.0.6-SMT-COMP-2014,1286,default,1815,complete,0.026995,0.0410619,0.0,starexec-unknown,unknown
21332839,AUFLIRA/nasa/vc_normalize_subst/cl5_nebula_norm_0030.fof.smt2,347555,CVC4 f7118b2,1257,default,1778,timeout (cpu),36000.1,35984.9,956104.0,starexec-unknown,unknown
21332841,AUFLIRA/nasa/vc_normalize_subst/cl5_nebula_norm_0030.fof.smt2,347555,Z3-4.3.2.a054b099c1d6-x64-debian-6.0.6-SMT-COMP-2014,1286,default,1815,complete,0.029995,0.0489739,0.0,starexec-unknown,unknown
21332855,AUFLIRA/nasa/vc_normalize_subst/quaternion_ds1_inuse_0013.fof.smt2,347748,CVC4 f7118b2,1257,default,1778,timeout (cpu),36000.1,35985.2,918720.0,starexec-unknown,unknown
21332857,AUFLIRA/nasa/vc_normalize_subst/quaternion_ds1_inuse_0013.fof.smt2,347748,Z3-4.3.2.a054b099c1d6-x64-debian-6.0.6-SMT-COMP-2014,1286,default,1815,complete,8.03278,8.04309,320204.0,starexec-unknown,unknown
21332871,AUFLIRA/nasa/vc_normalize_subst/thruster_init_0002.fof.smt2,347765,CVC4 f7118b2,1257,default,1778,complete,375.974,376.038,611740.0,unsat,unknown
21332873,AUFLIRA/nasa/vc_normalize_subst/thruster_init_0002.fof.smt2,347765,Z3-4.3.2.a054b099c1d6-x64-debian-6.0.6-SMT-COMP-2014,1286,default,1815,complete,0.091985,0.103488,106092.0,unsat,unknown
21332886,AUFLIRA/nasa/vc_normalize_subst/thruster_inuse_0002.fof.smt2,347766,CVC4 f7118b2,1257,default,1778,timeout (cpu),36000.1,35981.7,990584.0,starexec-unknown,unknown
21332888,AUFLIRA/nasa/vc_normalize_subst/thruster_inuse_0002.fof.smt2,347766,Z3-4.3.2.a054b099c1d6-x64-debian-6.0.6-SMT-COMP-2014,1286,default,1815,complete,0.045992,0.0472989,0.0,starexec-unknown,unknown
21332684,AUFLIRA/why/smtlib009aaf.smt2,347969,CVC4 f7118b2,1257,default,1778,memout,9559.22,9556.21,1.04862292E8,starexec-unknown,unknown
21332686,AUFLIRA/why/smtlib009aaf.smt2,347969,Z3-4.3.2.a054b099c1d6-x64-debian-6.0.6-SMT-COMP-2014,1286,default,1815,complete,2327.31,2326.9,1.04266768E8,starexec-unknown,unknown
21332716,AUFLIRA/why/smtlib1c791d.smt2,348105,CVC4 f7118b2,1257,default,1778,memout,26096.2,26087.5,1.0485794E8,starexec-unknown,unknown
21332718,AUFLIRA/why/smtlib1c791d.smt2,348105,Z3-4.3.2.a054b099c1d6-x64-debian-6.0.6-SMT-COMP-2014,1286,default,1815,timeout (cpu),36000.0,35985.7,7.6751544E7,starexec-unknown,unknown
21332743,AUFLIRA/why/smtlib269d2a.smt2,348155,CVC4 f7118b2,1257,default,1778,memout,13624.1,13621.3,1.04858308E8,starexec-unknown,unknown
21332745,AUFLIRA/why/smtlib269d2a.smt2,348155,Z3-4.3.2.a054b099c1d6-x64-debian-6.0.6-SMT-COMP-2014,1286,default,1815,complete,4667.92,4666.75,1.04787312E8,starexec-unknown,unknown
21332770,AUFLIRA/why/smtlib3c9c6b.smt2,348260,CVC4 f7118b2,1257,default,1778,timeout (cpu),36000.0,35986.1,3689148.0,starexec-unknown,unknown
21332772,AUFLIRA/why/smtlib3c9c6b.smt2,348260,Z3-4.3.2.a054b099c1d6-x64-debian-6.0.6-SMT-COMP-2014,1286,default,1815,memout,1821.74,1821.91,1.048582E8,starexec-unknown,unknown
21332798,AUFLIRA/why/smtlib48ee2e.smt2,348314,CVC4 f7118b2,1257,default,1778,timeout (cpu),36000.0,35986.1,1.825132E7,starexec-unknown,unknown
21332800,AUFLIRA/why/smtlib48ee2e.smt2,348314,Z3-4.3.2.a054b099c1d6-x64-debian-6.0.6-SMT-COMP-2014,1286,default,1815,complete,0.036994,0.0488119,0.0,unsat,unknown
21332827,AUFLIRA/why/smtlib4a7ca5.smt2,348316,CVC4 f7118b2,1257,default,1778,timeout (cpu),36000.1,35986.8,6.0346328E7,starexec-unknown,unknown
21332829,AUFLIRA/why/smtlib4a7ca5.smt2,348316,Z3-4.3.2.a054b099c1d6-x64-debian-6.0.6-SMT-COMP-2014,1286,default,1815,timeout (cpu),36000.1,35982.4,5549212.0,starexec-unknown,unknown
21332843,AUFLIRA/why/smtlib51a177.smt2,348347,CVC4 f7118b2,1257,default,1778,timeout (cpu),36000.1,35982.4,3550456.0,starexec-unknown,unknown
21332845,AUFLIRA/why/smtlib51a177.smt2,348347,Z3-4.3.2.a054b099c1d6-x64-debian-6.0.6-SMT-COMP-2014,1286,default,1815,memout,1823.68,1823.41,1.04858916E8,starexec-unknown,unknown
21332859,AUFLIRA/why/smtlib549b76.smt2,348367,CVC4 f7118b2,1257,default,1778,complete,90.7082,90.7034,515696.0,unsat,unknown
21332861,AUFLIRA/why/smtlib549b76.smt2,348367,Z3-4.3.2.a054b099c1d6-x64-debian-6.0.6-SMT-COMP-2014,1286,default,1815,complete,0.040993,0.05098,0.0,unsat,unknown
21332875,AUFLIRA/why/smtlib570a3a.smt2,348376,CVC4 f7118b2,1257,default,1778,timeout (cpu),36000.0,35986.4,8631284.0,starexec-unknown,unknown
21332877,AUFLIRA/why/smtlib570a3a.smt2,348376,Z3-4.3.2.a054b099c1d6-x64-debian-6.0.6-SMT-COMP-2014,1286,default,1815,timeout (cpu),36000.1,35986.0,5552204.0,starexec-unknown,unknown
21332890,AUFLIRA/why/smtlib5c24d5.smt2,348401,CVC4 f7118b2,1257,default,1778,timeout (cpu),36000.1,35986.9,3.6760156E7,starexec-unknown,unknown
21332892,AUFLIRA/why/smtlib5c24d5.smt2,348401,Z3-4.3.2.a054b099c1d6-x64-debian-6.0.6-SMT-COMP-2014,1286,default,1815,complete,18795.1,18789.0,1.03617168E8,starexec-unknown,unknown
21332902,AUFLIRA/why/smtlib5fa82b.smt2,348421,CVC4 f7118b2,1257,default,1778,timeout (cpu),36000.1,35986.6,4.9636952E7,starexec-unknown,unknown
21332904,AUFLIRA/why/smtlib5fa82b.smt2,348421,Z3-4.3.2.a054b099c1d6-x64-debian-6.0.6-SMT-COMP-2014,1286,default,1815,timeout (cpu),36000.0,35986.3,6.9404744E7,starexec-unknown,unknown
21332914,AUFLIRA/why/smtlib603ae7.smt2,348423,CVC4 f7118b2,1257,default,1778,timeout (cpu),36000.0,35986.0,3681028.0,starexec-unknown,unknown
21332916,AUFLIRA/why/smtlib603ae7.smt2,348423,Z3-4.3.2.a054b099c1d6-x64-debian-6.0.6-SMT-COMP-2014,1286,default,1815,memout,1825.98,1825.71,1.04860344E8,starexec-unknown,unknown
21332922,AUFLIRA/why/smtlib64f9b8.smt2,348444,CVC4 f7118b2,1257,default,1778,timeout (cpu),36000.0,35982.6,5346668.0,starexec-unknown,unknown
21332924,AUFLIRA/why/smtlib64f9b8.smt2,348444,Z3-4.3.2.a054b099c1d6-x64-debian-6.0.6-SMT-COMP-2014,1286,default,1815,memout,1718.26,1718.12,1.04858008E8,starexec-unknown,unknown
21332930,AUFLIRA/why/smtlib6ca8d2.smt2,348481,CVC4 f7118b2,1257,default,1778,timeout (cpu),36000.1,35986.2,1.8249848E7,starexec-unknown,unknown
21332932,AUFLIRA/why/smtlib6ca8d2.smt2,348481,Z3-4.3.2.a054b099c1d6-x64-debian-6.0.6-SMT-COMP-2014,1286,default,1815,complete,0.036994,0.0592391,0.0,unsat,unknown
21332937,AUFLIRA/why/smtlib6f0c5b.smt2,348489,CVC4 f7118b2,1257,default,1778,timeout (cpu),36000.0,35987.3,4.1101044E7,starexec-unknown,unknown
21332939,AUFLIRA/why/smtlib6f0c5b.smt2,348489,Z3-4.3.2.a054b099c1d6-x64-debian-6.0.6-SMT-COMP-2014,1286,default,1815,complete,5684.1,5683.54,1.0247696E8,starexec-unknown,unknown
21332945,AUFLIRA/why/smtlib71572f.smt2,348506,CVC4 f7118b2,1257,default,1778,timeout (cpu),36000.1,35983.4,1.1295712E7,starexec-unknown,unknown
21332947,AUFLIRA/why/smtlib71572f.smt2,348506,Z3-4.3.2.a054b099c1d6-x64-debian-6.0.6-SMT-COMP-2014,1286,default,1815,timeout (cpu),36000.0,35985.8,3300716.0,starexec-unknown,unknown
21332952,AUFLIRA/why/smtlib75ff16.smt2,348531,CVC4 f7118b2,1257,default,1778,timeout (cpu),36000.0,35987.3,8.7288168E7,starexec-unknown,unknown
21332954,AUFLIRA/why/smtlib75ff16.smt2,348531,Z3-4.3.2.a054b099c1d6-x64-debian-6.0.6-SMT-COMP-2014,1286,default,1815,timeout (cpu),36000.0,35982.3,706316.0,starexec-unknown,unknown
21332959,AUFLIRA/why/smtlib86dc68.smt2,348622,CVC4 f7118b2,1257,default,1778,timeout (cpu),36000.1,35986.2,3.68019E7,starexec-unknown,unknown
21332960,AUFLIRA/why/smtlib86dc68.smt2,348622,Z3-4.3.2.a054b099c1d6-x64-debian-6.0.6-SMT-COMP-2014,1286,default,1815,memout,9150.15,9147.41,1.04868236E8,starexec-unknown,unknown
21332966,AUFLIRA/why/smtlib8dfe2a.smt2,348669,CVC4 f7118b2,1257,default,1778,timeout (cpu),36000.1,35986.1,3679480.0,starexec-unknown,unknown
21332969,AUFLIRA/why/smtlib8dfe2a.smt2,348669,Z3-4.3.2.a054b099c1d6-x64-debian-6.0.6-SMT-COMP-2014,1286,default,1815,memout,1820.14,1819.91,1.04857808E8,starexec-unknown,unknown
21332975,AUFLIRA/why/smtlib9c51b5.smt2,348749,CVC4 f7118b2,1257,default,1778,timeout (cpu),36000.0,35982.6,1.3348324E7,starexec-unknown,unknown
21332977,AUFLIRA/why/smtlib9c51b5.smt2,348749,Z3-4.3.2.a054b099c1d6-x64-debian-6.0.6-SMT-COMP-2014,1286,default,1815,memout,1942.17,1942.01,1.04860008E8,starexec-unknown,unknown
21332983,AUFLIRA/why/smtlib9deac9.smt2,348758,CVC4 f7118b2,1257,default,1778,memout,14845.6,14841.7,1.04858832E8,starexec-unknown,unknown
21332985,AUFLIRA/why/smtlib9deac9.smt2,348758,Z3-4.3.2.a054b099c1d6-x64-debian-6.0.6-SMT-COMP-2014,1286,default,1815,timeout (cpu),36000.0,35986.3,3727588.0,starexec-unknown,unknown
21332991,AUFLIRA/why/smtliba67100.smt2,348800,CVC4 f7118b2,1257,default,1778,timeout (cpu),36000.1,35986.8,3.11676E7,starexec-unknown,unknown
21332993,AUFLIRA/why/smtliba67100.smt2,348800,Z3-4.3.2.a054b099c1d6-x64-debian-6.0.6-SMT-COMP-2014,1286,default,1815,timeout (cpu),36000.0,35985.8,1.0665848E7,starexec-unknown,unknown
21332999,AUFLIRA/why/smtlibab23ec.smt2,348813,CVC4 f7118b2,1257,default,1778,memout,33687.7,33675.6,1.0485784E8,starexec-unknown,unknown
21333001,AUFLIRA/why/smtlibab23ec.smt2,348813,Z3-4.3.2.a054b099c1d6-x64-debian-6.0.6-SMT-COMP-2014,1286,default,1815,complete,15070.0,15064.0,2.811794E7,starexec-unknown,unknown
21333007,AUFLIRA/why/smtlibb4723d.smt2,348865,CVC4 f7118b2,1257,default,1778,timeout (cpu),36000.1,35985.7,3676028.0,starexec-unknown,unknown
21333009,AUFLIRA/why/smtlibb4723d.smt2,348865,Z3-4.3.2.a054b099c1d6-x64-debian-6.0.6-SMT-COMP-2014,1286,default,1815,complete,1697.32,1697.32,1.04658424E8,starexec-unknown,unknown
21333016,AUFLIRA/why/smtlibb6131b.smt2,348873,CVC4 f7118b2,1257,default,1778,complete,90.6402,90.6487,506440.0,unsat,unknown
21333018,AUFLIRA/why/smtlibb6131b.smt2,348873,Z3-4.3.2.a054b099c1d6-x64-debian-6.0.6-SMT-COMP-2014,1286,default,1815,complete,0.034994,0.041407,106092.0,unsat,unknown
21333024,AUFLIRA/why/smtlibb84f36.smt2,348882,CVC4 f7118b2,1257,default,1778,memout,11667.8,11665.3,1.048606E8,starexec-unknown,unknown
21333026,AUFLIRA/why/smtlibb84f36.smt2,348882,Z3-4.3.2.a054b099c1d6-x64-debian-6.0.6-SMT-COMP-2014,1286,default,1815,complete,26971.8,26958.8,1.04235036E8,starexec-unknown,unknown
21333032,AUFLIRA/why/smtlibbda03d.smt2,348907,CVC4 f7118b2,1257,default,1778,timeout (cpu),36000.0,35985.4,6020564.0,starexec-unknown,unknown
21333034,AUFLIRA/why/smtlibbda03d.smt2,348907,Z3-4.3.2.a054b099c1d6-x64-debian-6.0.6-SMT-COMP-2014,1286,default,1815,memout,1728.64,1728.41,1.04859004E8,starexec-unknown,unknown
21333040,AUFLIRA/why/smtlibc60e72.smt2,348953,CVC4 f7118b2,1257,default,1778,timeout (cpu),36000.0,35985.9,1.6408344E7,starexec-unknown,unknown
21333042,AUFLIRA/why/smtlibc60e72.smt2,348953,Z3-4.3.2.a054b099c1d6-x64-debian-6.0.6-SMT-COMP-2014,1286,default,1815,complete,0.035993,0.044904,0.0,unsat,unknown
21333048,AUFLIRA/why/smtlibca010c.smt2,348978,CVC4 f7118b2,1257,default,1778,timeout (cpu),36000.0,35985.5,5354596.0,starexec-unknown,unknown
21333050,AUFLIRA/why/smtlibca010c.smt2,348978,Z3-4.3.2.a054b099c1d6-x64-debian-6.0.6-SMT-COMP-2014,1286,default,1815,memout,1744.61,1744.21,1.04858428E8,starexec-unknown,unknown
21333056,AUFLIRA/why/smtlibd9c9d6.smt2,349042,CVC4 f7118b2,1257,default,1778,timeout (cpu),36000.1,35988.0,7235508.0,starexec-unknown,unknown
21333058,AUFLIRA/why/smtlibd9c9d6.smt2,349042,Z3-4.3.2.a054b099c1d6-x64-debian-6.0.6-SMT-COMP-2014,1286,default,1815,timeout (cpu),36000.0,35986.0,4.910158E7,starexec-unknown,unknown
21333065,AUFLIRA/why/smtlibda9f23.smt2,349046,CVC4 f7118b2,1257,default,1778,timeout (cpu),36000.1,35986.3,3873336.0,starexec-unknown,unknown
21333067,AUFLIRA/why/smtlibda9f23.smt2,349046,Z3-4.3.2.a054b099c1d6-x64-debian-6.0.6-SMT-COMP-2014,1286,default,1815,complete,1869.84,1869.48,1.04478128E8,starexec-unknown,unknown
21333073,AUFLIRA/why/smtlibdd385f.smt2,349066,CVC4 f7118b2,1257,default,1778,timeout (cpu),36000.1,35986.5,1.6824184E7,starexec-unknown,unknown
21333075,AUFLIRA/why/smtlibdd385f.smt2,349066,Z3-4.3.2.a054b099c1d6-x64-debian-6.0.6-SMT-COMP-2014,1286,default,1815,complete,1100.1,1099.88,2.2363044E7,starexec-unknown,unknown
21333081,AUFLIRA/why/smtlibfced23.smt2,349219,CVC4 f7118b2,1257,default,1778,complete,29853.8,29842.1,1.036839E8,starexec-unknown,unknown
21333083,AUFLIRA/why/smtlibfced23.smt2,349219,Z3-4.3.2.a054b099c1d6-x64-debian-6.0.6-SMT-COMP-2014,1286,default,1815,timeout (cpu),36000.1,35984.9,7709528.0,starexec-unknown,unknown
21332664,AUFLIRA/nasa/fol_simplify_arithmetics/thruster_inuse_0110.fof.smt2,331178,CVC4 f7118b2,1257,default,1778,timeout (cpu),36000.0,35983.3,875608.0,starexec-unknown,unknown
21332666,AUFLIRA/nasa/fol_simplify_arithmetics/thruster_inuse_0110.fof.smt2,331178,Z3-4.3.2.a054b099c1d6-x64-debian-6.0.6-SMT-COMP-2014,1286,default,1815,timeout (cpu),36000.1,35985.1,504800.0,starexec-unknown,unknown
21332696,AUFLIRA/nasa/fol_simplify_arithmetics/thruster_inuse_0112.fof.smt2,331180,CVC4 f7118b2,1257,default,1778,timeout (cpu),36000.1,35985.3,989220.0,starexec-unknown,unknown
21332698,AUFLIRA/nasa/fol_simplify_arithmetics/thruster_inuse_0112.fof.smt2,331180,Z3-4.3.2.a054b099c1d6-x64-debian-6.0.6-SMT-COMP-2014,1286,default,1815,complete,0.027995,0.039668,0.0,starexec-unknown,unknown
21332724,AUFLIRA/nasa/fol_simplify_arithmetics/thruster_inuse_0114.fof.smt2,331182,CVC4 f7118b2,1257,default,1778,timeout (cpu),36000.1,35981.9,998704.0,starexec-unknown,unknown
21332725,AUFLIRA/nasa/fol_simplify_arithmetics/thruster_inuse_0114.fof.smt2,331182,Z3-4.3.2.a054b099c1d6-x64-debian-6.0.6-SMT-COMP-2014,1286,default,1815,complete,0.029995,0.0411819,0.0,starexec-unknown,unknown
21332751,AUFLIRA/nasa/fol_simplify_arithmetics/thruster_inuse_0115.fof.smt2,331183,CVC4 f7118b2,1257,default,1778,timeout (cpu),36000.1,35985.1,985764.0,starexec-unknown,unknown
21332753,AUFLIRA/nasa/fol_simplify_arithmetics/thruster_inuse_0115.fof.smt2,331183,Z3-4.3.2.a054b099c1d6-x64-debian-6.0.6-SMT-COMP-2014,1286,default,1815,complete,0.028995,0.0413299,0.0,starexec-unknown,unknown
21332778,AUFLIRA/nasa/fol_simplify_arithmetics/thruster_inuse_0116.fof.smt2,331184,CVC4 f7118b2,1257,default,1778,timeout (cpu),36000.1,35985.3,987876.0,starexec-unknown,unknown
21332780,AUFLIRA/nasa/fol_simplify_arithmetics/thruster_inuse_0116.fof.smt2,331184,Z3-4.3.2.a054b099c1d6-x64-debian-6.0.6-SMT-COMP-2014,1286,default,1815,complete,0.027995,0.050874,0.0,starexec-unknown,unknown
21332806,AUFLIRA/nasa/fol_simplify_arithmetics/thruster_inuse_0117.fof.smt2,331185,CVC4 f7118b2,1257,default,1778,timeout (cpu),36000.0,35985.2,1037120.0,starexec-unknown,unknown
21332808,AUFLIRA/nasa/fol_simplify_arithmetics/thruster_inuse_0117.fof.smt2,331185,Z3-4.3.2.a054b099c1d6-x64-debian-6.0.6-SMT-COMP-2014,1286,default,1815,complete,0.027994,0.05033,0.0,starexec-unknown,unknown
21332668,AUFLIRA/nasa/fol_simplify_array/cl5_nebula_norm_0009.fof.smt2,331199,CVC4 f7118b2,1257,default,1778,timeout (cpu),36000.0,35985.5,6470776.0,starexec-unknown,unknown
21332670,AUFLIRA/nasa/fol_simplify_array/cl5_nebula_norm_0009.fof.smt2,331199,Z3-4.3.2.a054b099c1d6-x64-debian-6.0.6-SMT-COMP-2014,1286,default,1815,complete,0.022995,0.0461491,0.0,starexec-unknown,unknown
21332700,AUFLIRA/nasa/fol_simplify_array/cl5_nebula_norm_0012.fof.smt2,331200,CVC4 f7118b2,1257,default,1778,timeout (cpu),36000.1,35986.1,6502936.0,starexec-unknown,unknown
21332702,AUFLIRA/nasa/fol_simplify_array/cl5_nebula_norm_0012.fof.smt2,331200,Z3-4.3.2.a054b099c1d6-x64-debian-6.0.6-SMT-COMP-2014,1286,default,1815,complete,0.023996,0.045503,0.0,starexec-unknown,unknown
21332728,AUFLIRA/nasa/fol_simplify_array/cl5_nebula_norm_0018.fof.smt2,331202,CVC4 f7118b2,1257,default,1778,timeout (cpu),36000.1,35985.2,6432280.0,starexec-unknown,unknown
21332730,AUFLIRA/nasa/fol_simplify_array/cl5_nebula_norm_0018.fof.smt2,331202,Z3-4.3.2.a054b099c1d6-x64-debian-6.0.6-SMT-COMP-2014,1286,default,1815,complete,0.021996,0.045412,0.0,starexec-unknown,unknown
21332755,AUFLIRA/nasa/fol_simplify_array/cl5_nebula_norm_0019.fof.smt2,331203,CVC4 f7118b2,1257,default,1778,timeout (cpu),36000.1,35985.2,6482692.0,starexec-unknown,unknown
21332757,AUFLIRA/nasa/fol_simplify_array/cl5_nebula_norm_0019.fof.smt2,331203,Z3-4.3.2.a054b099c1d6-x64-debian-6.0.6-SMT-COMP-2014,1286,default,1815,complete,0.020996,0.041563,0.0,starexec-unknown,unknown
21332781,AUFLIRA/nasa/fol_simplify_array/cl5_nebula_norm_0020.fof.smt2,331204,CVC4 f7118b2,1257,default,1778,timeout (cpu),36000.0,35984.9,6425520.0,starexec-unknown,unknown
21332783,AUFLIRA/nasa/fol_simplify_array/cl5_nebula_norm_0020.fof.smt2,331204,Z3-4.3.2.a054b099c1d6-x64-debian-6.0.6-SMT-COMP-2014,1286,default,1815,complete,0.020996,0.0453601,0.0,starexec-unknown,unknown
21332810,AUFLIRA/nasa/fol_simplify_array/thruster_inuse_0028.fof.smt2,331238,CVC4 f7118b2,1257,default,1778,timeout (cpu),36000.1,35985.2,632932.0,starexec-unknown,unknown
21332812,AUFLIRA/nasa/fol_simplify_array/thruster_inuse_0028.fof.smt2,331238,Z3-4.3.2.a054b099c1d6-x64-debian-6.0.6-SMT-COMP-2014,1286,default,1815,timeout (cpu),36000.0,35985.3,320104.0,starexec-unknown,unknown
21332672,AUFLIRA/nasa/fol_simplify_array_only/cl5_nebula_norm_0027.fof.smt2,331798,CVC4 f7118b2,1257,default,1778,timeout (cpu),36000.1,35985.5,6463968.0,starexec-unknown,unknown
21332674,AUFLIRA/nasa/fol_simplify_array_only/cl5_nebula_norm_0027.fof.smt2,331798,Z3-4.3.2.a054b099c1d6-x64-debian-6.0.6-SMT-COMP-2014,1286,default,1815,complete,0.022996,0.040469,0.0,starexec-unknown,unknown
21332704,AUFLIRA/nasa/fol_simplify_array_only/cl5_nebula_norm_0060.fof.smt2,331808,CVC4 f7118b2,1257,default,1778,timeout (cpu),36000.0,35985.1,6471412.0,starexec-unknown,unknown
21332706,AUFLIRA/nasa/fol_simplify_array_only/cl5_nebula_norm_0060.fof.smt2,331808,Z3-4.3.2.a054b099c1d6-x64-debian-6.0.6-SMT-COMP-2014,1286,default,1815,complete,0.022995,0.040793,0.0,starexec-unknown,unknown
21332732,AUFLIRA/nasa/fol_simplify_array_only/cl5_nebula_norm_0089.fof.smt2,331818,CVC4 f7118b2,1257,default,1778,timeout (cpu),36000.0,35984.9,6430984.0,starexec-unknown,unknown
21332734,AUFLIRA/nasa/fol_simplify_array_only/cl5_nebula_norm_0089.fof.smt2,331818,Z3-4.3.2.a054b099c1d6-x64-debian-6.0.6-SMT-COMP-2014,1286,default,1815,complete,0.019996,0.0443741,0.0,starexec-unknown,unknown
21332759,AUFLIRA/nasa/fol_simplify_array_only/cl5_nebula_norm_0094.fof.smt2,331823,CVC4 f7118b2,1257,default,1778,timeout (cpu),36000.1,35985.1,6435984.0,starexec-unknown,unknown
21332761,AUFLIRA/nasa/fol_simplify_array_only/cl5_nebula_norm_0094.fof.smt2,331823,Z3-4.3.2.a054b099c1d6-x64-debian-6.0.6-SMT-COMP-2014,1286,default,1815,complete,0.020995,0.047409,0.0,starexec-unknown,unknown
21332785,AUFLIRA/nasa/fol_simplify_array_only/cl5_nebula_norm_0096.fof.smt2,331825,CVC4 f7118b2,1257,default,1778,timeout (cpu),36000.0,35984.5,6429324.0,starexec-unknown,unknown
21332787,AUFLIRA/nasa/fol_simplify_array_only/cl5_nebula_norm_0096.fof.smt2,331825,Z3-4.3.2.a054b099c1d6-x64-debian-6.0.6-SMT-COMP-2014,1286,default,1815,complete,0.019996,0.039039,0.0,starexec-unknown,unknown
21332814,AUFLIRA/nasa/fol_simplify_array_only/quaternion_ds1_inuse_0601.fof.smt2,335135,CVC4 f7118b2,1257,default,1778,timeout (cpu),36000.0,35981.9,945632.0,starexec-unknown,unknown
21332816,AUFLIRA/nasa/fol_simplify_array_only/quaternion_ds1_inuse_0601.fof.smt2,335135,Z3-4.3.2.a054b099c1d6-x64-debian-6.0.6-SMT-COMP-2014,1286,default,1815,complete,0.041993,0.053668,0.0,starexec-unknown,unknown
21332835,AUFLIRA/nasa/fol_simplify_array_only/thruster_inuse_2375.fof.smt2,341796,CVC4 f7118b2,1257,default,1778,timeout (cpu),36000.1,35985.3,636288.0,starexec-unknown,unknown
21332837,AUFLIRA/nasa/fol_simplify_array_only/thruster_inuse_2375.fof.smt2,341796,Z3-4.3.2.a054b099c1d6-x64-debian-6.0.6-SMT-COMP-2014,1286,default,1815,timeout (cpu),36000.0,35984.9,320952.0,starexec-unknown,unknown
21332851,AUFLIRA/nasa/fol_simplify_array_only/thruster_inuse_2383.fof.smt2,341804,CVC4 f7118b2,1257,default,1778,timeout (cpu),36000.1,35984.6,632060.0,starexec-unknown,unknown
21332853,AUFLIRA/nasa/fol_simplify_array_only/thruster_inuse_2383.fof.smt2,341804,Z3-4.3.2.a054b099c1d6-x64-debian-6.0.6-SMT-COMP-2014,1286,default,1815,timeout (cpu),36000.0,35981.8,320420.0,starexec-unknown,unknown
21332867,AUFLIRA/nasa/fol_simplify_array_only/thruster_inuse_2391.fof.smt2,341812,CVC4 f7118b2,1257,default,1778,timeout (cpu),36000.0,35985.1,632988.0,starexec-unknown,unknown
21332869,AUFLIRA/nasa/fol_simplify_array_only/thruster_inuse_2391.fof.smt2,341812,Z3-4.3.2.a054b099c1d6-x64-debian-6.0.6-SMT-COMP-2014,1286,default,1815,timeout (cpu),36000.1,35985.3,321020.0,starexec-unknown,unknown
21332882,AUFLIRA/nasa/fol_simplify_array_only/thruster_inuse_2395.fof.smt2,341816,CVC4 f7118b2,1257,default,1778,timeout (cpu),36000.1,35985.0,633772.0,starexec-unknown,unknown
21332884,AUFLIRA/nasa/fol_simplify_array_only/thruster_inuse_2395.fof.smt2,341816,Z3-4.3.2.a054b099c1d6-x64-debian-6.0.6-SMT-COMP-2014,1286,default,1815,timeout (cpu),36000.1,35985.4,320464.0,starexec-unknown,unknown
21332898,AUFLIRA/nasa/fol_simplify_array_only/thruster_inuse_2399.fof.smt2,341820,CVC4 f7118b2,1257,default,1778,timeout (cpu),36000.0,35981.4,633776.0,starexec-unknown,unknown
21332900,AUFLIRA/nasa/fol_simplify_array_only/thruster_inuse_2399.fof.smt2,341820,Z3-4.3.2.a054b099c1d6-x64-debian-6.0.6-SMT-COMP-2014,1286,default,1815,timeout (cpu),36000.1,35985.1,321284.0,starexec-unknown,unknown
21332910,AUFLIRA/nasa/fol_simplify_array_only/thruster_inuse_2403.fof.smt2,341824,CVC4 f7118b2,1257,default,1778,timeout (cpu),36000.0,35984.7,634156.0,starexec-unknown,unknown
21332912,AUFLIRA/nasa/fol_simplify_array_only/thruster_inuse_2403.fof.smt2,341824,Z3-4.3.2.a054b099c1d6-x64-debian-6.0.6-SMT-COMP-2014,1286,default,1815,timeout (cpu),36000.1,35985.4,321216.0,starexec-unknown,unknown
21332676,AUFLIRA/nasa/fol_simplify_structure_prop/thruster_inuse_0113.fof.smt2,347442,CVC4 f7118b2,1257,default,1778,timeout (cpu),36000.1,35985.6,875584.0,starexec-unknown,unknown
21332678,AUFLIRA/nasa/fol_simplify_structure_prop/thruster_inuse_0113.fof.smt2,347442,Z3-4.3.2.a054b099c1d6-x64-debian-6.0.6-SMT-COMP-2014,1286,default,1815,timeout (cpu),36000.1,35984.7,484596.0,starexec-unknown,unknown
21332708,AUFLIRA/nasa/fol_simplify_structure_prop/thruster_inuse_0115.fof.smt2,347444,CVC4 f7118b2,1257,default,1778,timeout (cpu),36000.1,35985.1,994568.0,starexec-unknown,unknown
21332710,AUFLIRA/nasa/fol_simplify_structure_prop/thruster_inuse_0115.fof.smt2,347444,Z3-4.3.2.a054b099c1d6-x64-debian-6.0.6-SMT-COMP-2014,1286,default,1815,complete,0.026995,0.0421349,0.0,starexec-unknown,unknown
21332736,AUFLIRA/nasa/fol_simplify_structure_prop/thruster_inuse_0117.fof.smt2,347446,CVC4 f7118b2,1257,default,1778,timeout (cpu),36000.1,35985.6,987692.0,starexec-unknown,unknown
21332738,AUFLIRA/nasa/fol_simplify_structure_prop/thruster_inuse_0117.fof.smt2,347446,Z3-4.3.2.a054b099c1d6-x64-debian-6.0.6-SMT-COMP-2014,1286,default,1815,complete,0.026995,0.044751,0.0,starexec-unknown,unknown
21332763,AUFLIRA/nasa/fol_simplify_structure_prop/thruster_inuse_0118.fof.smt2,347447,CVC4 f7118b2,1257,default,1778,timeout (cpu),36000.1,35985.2,989100.0,starexec-unknown,unknown
21332764,AUFLIRA/nasa/fol_simplify_structure_prop/thruster_inuse_0118.fof.smt2,347447,Z3-4.3.2.a054b099c1d6-x64-debian-6.0.6-SMT-COMP-2014,1286,default,1815,complete,0.029994,0.0522419,0.0,starexec-unknown,unknown
21332790,AUFLIRA/nasa/fol_simplify_structure_prop/thruster_inuse_0119.fof.smt2,347448,CVC4 f7118b2,1257,default,1778,timeout (cpu),36000.1,35985.4,1006884.0,starexec-unknown,unknown
21332792,AUFLIRA/nasa/fol_simplify_structure_prop/thruster_inuse_0119.fof.smt2,347448,Z3-4.3.2.a054b099c1d6-x64-debian-6.0.6-SMT-COMP-2014,1286,default,1815,complete,0.027995,0.044039,0.0,starexec-unknown,unknown
21332818,AUFLIRA/nasa/fol_simplify_structure_prop/thruster_inuse_0120.fof.smt2,347449,CVC4 f7118b2,1257,default,1778,timeout (cpu),36000.0,35985.4,1052728.0,starexec-unknown,unknown
21332820,AUFLIRA/nasa/fol_simplify_structure_prop/thruster_inuse_0120.fof.smt2,347449,Z3-4.3.2.a054b099c1d6-x64-debian-6.0.6-SMT-COMP-2014,1286,default,1815,complete,0.028995,0.0471679,0.0,starexec-unknown,unknown
21332656,AUFLIRA/FFT/smtlib.769312.smt2,893270,CVC4 f7118b2,1257,default,1778,timeout (cpu),36000.0,35983.5,7272888.0,starexec-unknown,unknown
21332658,AUFLIRA/FFT/smtlib.769312.smt2,893270,Z3-4.3.2.a054b099c1d6-x64-debian-6.0.6-SMT-COMP-2014,1286,default,1815,complete,1770.84,1770.65,9.0135136E7,starexec-unknown,unknown
21332688,AUFLIRA/FFT/smtlib.707927.smt2,893271,CVC4 f7118b2,1257,default,1778,timeout (cpu),36000.1,35987.4,5.7827068E7,starexec-unknown,unknown
21332690,AUFLIRA/FFT/smtlib.707927.smt2,893271,Z3-4.3.2.a054b099c1d6-x64-debian-6.0.6-SMT-COMP-2014,1286,default,1815,complete,4074.6,4073.61,4.2830148E7,starexec-unknown,unknown
21332720,AUFLIRA/FFT/smtlib.562660.smt2,893272,CVC4 f7118b2,1257,default,1778,timeout (cpu),36000.1,35985.8,2.9216048E7,starexec-unknown,unknown
21332722,AUFLIRA/FFT/smtlib.562660.smt2,893272,Z3-4.3.2.a054b099c1d6-x64-debian-6.0.6-SMT-COMP-2014,1286,default,1815,complete,3311.18,3310.33,7.8743704E7,starexec-unknown,unknown
21332747,AUFLIRA/FFT/z3.562356.smt2,893273,CVC4 f7118b2,1257,default,1778,timeout (cpu),36000.0,35983.0,2.9216048E7,starexec-unknown,unknown
21332749,AUFLIRA/FFT/z3.562356.smt2,893273,Z3-4.3.2.a054b099c1d6-x64-debian-6.0.6-SMT-COMP-2014,1286,default,1815,complete,3315.02,3314.14,7.8743704E7,starexec-unknown,unknown
21332774,AUFLIRA/FFT/smtlib.909355.smt2,893274,CVC4 f7118b2,1257,default,1778,timeout (cpu),36000.1,35985.9,7473652.0,starexec-unknown,unknown
21332776,AUFLIRA/FFT/smtlib.909355.smt2,893274,Z3-4.3.2.a054b099c1d6-x64-debian-6.0.6-SMT-COMP-2014,1286,default,1815,complete,2953.25,2952.28,6.4946352E7,starexec-unknown,unknown
21332802,AUFLIRA/FFT/smtlib.827705.smt2,893275,CVC4 f7118b2,1257,default,1778,timeout (cpu),36000.0,35985.3,2196140.0,starexec-unknown,unknown
21332804,AUFLIRA/FFT/smtlib.827705.smt2,893275,Z3-4.3.2.a054b099c1d6-x64-debian-6.0.6-SMT-COMP-2014,1286,default,1815,complete,1525.08,1524.9,6.9465164E7,starexec-unknown,unknown
21332831,AUFLIRA/FFT/smtlib.910391.smt2,893276,CVC4 f7118b2,1257,default,1778,timeout (cpu),36000.1,35985.4,2961148.0,starexec-unknown,unknown
21332833,AUFLIRA/FFT/smtlib.910391.smt2,893276,Z3-4.3.2.a054b099c1d6-x64-debian-6.0.6-SMT-COMP-2014,1286,default,1815,complete,1832.73,1832.2,6.0123344E7,starexec-unknown,unknown
21332847,AUFLIRA/FFT/smtlib.748622.smt2,893277,CVC4 f7118b2,1257,default,1778,timeout (cpu),36000.0,35985.4,1209196.0,starexec-unknown,unknown
21332849,AUFLIRA/FFT/smtlib.748622.smt2,893277,Z3-4.3.2.a054b099c1d6-x64-debian-6.0.6-SMT-COMP-2014,1286,default,1815,memout,3493.25,3492.61,1.05113688E8,starexec-unknown,unknown
21332863,AUFLIRA/FFT/smtlib.748236.smt2,893278,CVC4 f7118b2,1257,default,1778,timeout (cpu),36000.1,35986.9,1.2195768E7,starexec-unknown,unknown
21332865,AUFLIRA/FFT/smtlib.748236.smt2,893278,Z3-4.3.2.a054b099c1d6-x64-debian-6.0.6-SMT-COMP-2014,1286,default,1815,complete,1559.22,1559.09,9.04559E7,starexec-unknown,unknown
21332879,AUFLIRA/FFT/smtlib.846927.smt2,893279,CVC4 f7118b2,1257,default,1778,timeout (cpu),36000.1,35986.4,2.0762836E7,starexec-unknown,unknown
21332880,AUFLIRA/FFT/smtlib.846927.smt2,893279,Z3-4.3.2.a054b099c1d6-x64-debian-6.0.6-SMT-COMP-2014,1286,default,1815,complete,1329.37,1329.24,9.4171672E7,starexec-unknown,unknown
21332894,AUFLIRA/FFT/smtlib.803536.smt2,893280,CVC4 f7118b2,1257,default,1778,timeout (cpu),36000.1,35985.9,4632620.0,starexec-unknown,unknown
21332896,AUFLIRA/FFT/smtlib.803536.smt2,893280,Z3-4.3.2.a054b099c1d6-x64-debian-6.0.6-SMT-COMP-2014,1286,default,1815,complete,1583.82,1583.58,8.8975488E7,starexec-unknown,unknown
21332906,AUFLIRA/FFT/smtlib.803201.smt2,893282,CVC4 f7118b2,1257,default,1778,timeout (cpu),36000.1,35986.5,3.5357896E7,starexec-unknown,unknown
21332908,AUFLIRA/FFT/smtlib.803201.smt2,893282,Z3-4.3.2.a054b099c1d6-x64-debian-6.0.6-SMT-COMP-2014,1286,default,1815,complete,5280.67,5279.0,9.2382348E7,starexec-unknown,unknown
21332918,AUFLIRA/FFT/smtlib.874843.smt2,893283,CVC4 f7118b2,1257,default,1778,timeout (cpu),36000.0,35984.9,4457952.0,starexec-unknown,unknown
21332920,AUFLIRA/FFT/smtlib.874843.smt2,893283,Z3-4.3.2.a054b099c1d6-x64-debian-6.0.6-SMT-COMP-2014,1286,default,1815,complete,1238.84,1238.78,8.896956E7,starexec-unknown,unknown
21332926,AUFLIRA/FFT/smtlib.926730.smt2,893284,CVC4 f7118b2,1257,default,1778,memout,5492.66,5492.21,1.04859188E8,starexec-unknown,unknown
21332928,AUFLIRA/FFT/smtlib.926730.smt2,893284,Z3-4.3.2.a054b099c1d6-x64-debian-6.0.6-SMT-COMP-2014,1286,default,1815,complete,23788.4,23779.8,8.5763888E7,starexec-unknown,unknown
21332933,AUFLIRA/FFT/smtlib.956068.smt2,893285,CVC4 f7118b2,1257,default,1778,timeout (cpu),36000.1,35987.1,7.043718E7,starexec-unknown,unknown
21332935,AUFLIRA/FFT/smtlib.956068.smt2,893285,Z3-4.3.2.a054b099c1d6-x64-debian-6.0.6-SMT-COMP-2014,1286,default,1815,complete,9426.69,9426.12,1.04515344E8,starexec-unknown,unknown
21332941,AUFLIRA/FFT/smtlib.798994.smt2,893286,CVC4 f7118b2,1257,default,1778,timeout (cpu),36000.0,35982.9,4.5141452E7,starexec-unknown,unknown
21332943,AUFLIRA/FFT/smtlib.798994.smt2,893286,Z3-4.3.2.a054b099c1d6-x64-debian-6.0.6-SMT-COMP-2014,1286,default,1815,complete,5911.16,5909.02,9.289652E7,starexec-unknown,unknown
21332949,AUFLIRA/FFT/smtlib.878461.smt2,893287,CVC4 f7118b2,1257,default,1778,timeout (cpu),36000.0,35986.1,1.937904E7,starexec-unknown,unknown
21332950,AUFLIRA/FFT/smtlib.878461.smt2,893287,Z3-4.3.2.a054b099c1d6-x64-debian-6.0.6-SMT-COMP-2014,1286,default,1815,complete,1245.17,1245.12,9.409034E7,starexec-unknown,unknown
21332956,AUFLIRA/FFT/smtlib.870879.smt2,893288,CVC4 f7118b2,1257,default,1778,timeout (cpu),36000.1,35966.3,4557908.0,starexec-unknown,unknown
21332958,AUFLIRA/FFT/smtlib.870879.smt2,893288,Z3-4.3.2.a054b099c1d6-x64-debian-6.0.6-SMT-COMP-2014,1286,default,1815,complete,1147.91,1147.87,8.8971072E7,starexec-unknown,unknown
21332962,AUFLIRA/FFT/smtlib.618174.smt2,893289,CVC4 f7118b2,1257,default,1778,timeout (cpu),36000.1,35986.5,4032468.0,starexec-unknown,unknown
21332964,AUFLIRA/FFT/smtlib.618174.smt2,893289,Z3-4.3.2.a054b099c1d6-x64-debian-6.0.6-SMT-COMP-2014,1286,default,1815,complete,9316.27,9312.53,9.4510568E7,starexec-unknown,unknown
21332971,AUFLIRA/FFT/smtlib.866582.smt2,893290,CVC4 f7118b2,1257,default,1778,timeout (cpu),36000.0,35986.6,3.43528E7,starexec-unknown,unknown
21332973,AUFLIRA/FFT/smtlib.866582.smt2,893290,Z3-4.3.2.a054b099c1d6-x64-debian-6.0.6-SMT-COMP-2014,1286,default,1815,complete,1160.17,1160.04,9.655824E7,starexec-unknown,unknown
21332979,AUFLIRA/FFT/smtlib.778166.smt2,893291,CVC4 f7118b2,1257,default,1778,timeout (cpu),36000.1,35987.2,1722468.0,starexec-unknown,unknown
21332981,AUFLIRA/FFT/smtlib.778166.smt2,893291,Z3-4.3.2.a054b099c1d6-x64-debian-6.0.6-SMT-COMP-2014,1286,default,1815,complete,5309.12,5307.04,1.00230204E8,starexec-unknown,unknown
21332987,AUFLIRA/FFT/smtlib.786568.smt2,893292,CVC4 f7118b2,1257,default,1778,timeout (cpu),36000.0,35986.6,8.4306792E7,starexec-unknown,unknown
21332989,AUFLIRA/FFT/smtlib.786568.smt2,893292,Z3-4.3.2.a054b099c1d6-x64-debian-6.0.6-SMT-COMP-2014,1286,default,1815,complete,505.895,505.917,3.3631332E7,--,unknown
21332995,AUFLIRA/FFT/smtlib.618857.smt2,893294,CVC4 f7118b2,1257,default,1778,timeout (cpu),36000.1,35986.8,1.7950808E7,starexec-unknown,unknown
21332997,AUFLIRA/FFT/smtlib.618857.smt2,893294,Z3-4.3.2.a054b099c1d6-x64-debian-6.0.6-SMT-COMP-2014,1286,default,1815,timeout (cpu),36000.1,35982.3,6.379804E7,starexec-unknown,unknown
21333003,AUFLIRA/FFT/smtlib.811615.smt2,893295,CVC4 f7118b2,1257,default,1778,timeout (cpu),36000.0,35983.3,4.2099124E7,starexec-unknown,unknown
21333005,AUFLIRA/FFT/smtlib.811615.smt2,893295,Z3-4.3.2.a054b099c1d6-x64-debian-6.0.6-SMT-COMP-2014,1286,default,1815,complete,5485.97,5484.33,9.2406668E7,starexec-unknown,unknown
21333012,AUFLIRA/FFT/smtlib.835417.smt2,893296,CVC4 f7118b2,1257,default,1778,timeout (cpu),36000.0,35982.3,1.4868812E7,starexec-unknown,unknown
21333014,AUFLIRA/FFT/smtlib.835417.smt2,893296,Z3-4.3.2.a054b099c1d6-x64-debian-6.0.6-SMT-COMP-2014,1286,default,1815,complete,1476.89,1476.91,6.7529232E7,starexec-unknown,unknown
21333020,AUFLIRA/FFT/smtlib.794787.smt2,893297,CVC4 f7118b2,1257,default,1778,timeout (cpu),36000.0,35986.2,5.0064096E7,starexec-unknown,unknown
21333022,AUFLIRA/FFT/smtlib.794787.smt2,893297,Z3-4.3.2.a054b099c1d6-x64-debian-6.0.6-SMT-COMP-2014,1286,default,1815,complete,17625.7,17619.1,1.006977E8,starexec-unknown,unknown
21333028,AUFLIRA/FFT/smtlib.657621.smt2,893298,CVC4 f7118b2,1257,default,1778,timeout (cpu),36000.0,35985.9,1425576.0,starexec-unknown,unknown
21333030,AUFLIRA/FFT/smtlib.657621.smt2,893298,Z3-4.3.2.a054b099c1d6-x64-debian-6.0.6-SMT-COMP-2014,1286,default,1815,complete,31008.0,30994.5,9.2151592E7,starexec-unknown,unknown
21333036,AUFLIRA/FFT/smtlib.882771.smt2,893299,CVC4 f7118b2,1257,default,1778,timeout (cpu),36000.1,35985.5,4458380.0,starexec-unknown,unknown
21333038,AUFLIRA/FFT/smtlib.882771.smt2,893299,Z3-4.3.2.a054b099c1d6-x64-debian-6.0.6-SMT-COMP-2014,1286,default,1815,complete,1237.54,1237.41,8.896978E7,starexec-unknown,unknown
21333044,AUFLIRA/FFT/smtlib.914348.smt2,893300,CVC4 f7118b2,1257,default,1778,timeout (cpu),36000.0,35982.6,9220216.0,starexec-unknown,unknown
21333046,AUFLIRA/FFT/smtlib.914348.smt2,893300,Z3-4.3.2.a054b099c1d6-x64-debian-6.0.6-SMT-COMP-2014,1286,default,1815,complete,33062.4,33048.6,1.01996484E8,starexec-unknown,unknown
21333052,AUFLIRA/FFT/smtlib.799329.smt2,893302,CVC4 f7118b2,1257,default,1778,timeout (cpu),36000.0,35985.5,1988596.0,starexec-unknown,unknown
21333054,AUFLIRA/FFT/smtlib.799329.smt2,893302,Z3-4.3.2.a054b099c1d6-x64-debian-6.0.6-SMT-COMP-2014,1286,default,1815,complete,1217.39,1217.45,8.8961572E7,starexec-unknown,unknown
21333060,AUFLIRA/FFT/smtlib.922324.smt2,893303,CVC4 f7118b2,1257,default,1778,timeout (cpu),36000.0,35986.3,8.7240928E7,starexec-unknown,unknown
21333063,AUFLIRA/FFT/smtlib.922324.smt2,893303,Z3-4.3.2.a054b099c1d6-x64-debian-6.0.6-SMT-COMP-2014,1286,default,1815,complete,2366.72,2366.14,5.4753388E7,starexec-unknown,unknown
21333069,AUFLIRA/FFT/smtlib.769670.smt2,893304,CVC4 f7118b2,1257,default,1778,timeout (cpu),36000.0,35987.9,6.468376E7,starexec-unknown,unknown
21333071,AUFLIRA/FFT/smtlib.769670.smt2,893304,Z3-4.3.2.a054b099c1d6-x64-debian-6.0.6-SMT-COMP-2014,1286,default,1815,complete,1773.29,1773.36,9.5170792E7,starexec-unknown,unknown
21333077,AUFLIRA/FFT/smtlib.608910.smt2,893305,CVC4 f7118b2,1257,default,1778,timeout (cpu),36000.1,35987.4,6.9663276E7,starexec-unknown,unknown
21333079,AUFLIRA/FFT/smtlib.608910.smt2,893305,Z3-4.3.2.a054b099c1d6-x64-debian-6.0.6-SMT-COMP-2014,1286,default,1815,complete,5057.55,5055.82,9.5159176E7,starexec-unknown,unknown
21333085,AUFLIRA/FFT/smtlib.910025.smt2,893306,CVC4 f7118b2,1257,default,1778,timeout (cpu),36000.0,35985.7,1.0162888E7,starexec-unknown,unknown
21333087,AUFLIRA/FFT/smtlib.910025.smt2,893306,Z3-4.3.2.a054b099c1d6-x64-debian-6.0.6-SMT-COMP-2014,1286,default,1815,timeout (cpu),36000.1,35985.3,2.4866332E7,starexec-unknown,unknown
21333089,AUFLIRA/FFT/smtlib.839277.smt2,893307,CVC4 f7118b2,1257,default,1778,timeout (cpu),36000.0,35983.0,7560104.0,starexec-unknown,unknown
21333091,AUFLIRA/FFT/smtlib.839277.smt2,893307,Z3-4.3.2.a054b099c1d6-x64-debian-6.0.6-SMT-COMP-2014,1286,default,1815,complete,1761.9,1761.81,8.9873296E7,starexec-unknown,unknown
21333093,AUFLIRA/FFT/smtlib.807743.smt2,893308,CVC4 f7118b2,1257,default,1778,timeout (cpu),36000.1,35986.0,4781600.0,starexec-unknown,unknown
21333095,AUFLIRA/FFT/smtlib.807743.smt2,893308,Z3-4.3.2.a054b099c1d6-x64-debian-6.0.6-SMT-COMP-2014,1286,default,1815,complete,1592.02,1591.97,8.8975696E7,starexec-unknown,unknown
21333097,AUFLIRA/FFT/smtlib.757001.smt2,893309,CVC4 f7118b2,1257,default,1778,timeout (cpu),36000.1,35983.7,6.460908E7,starexec-unknown,unknown
21333099,AUFLIRA/FFT/smtlib.757001.smt2,893309,Z3-4.3.2.a054b099c1d6-x64-debian-6.0.6-SMT-COMP-2014,1286,default,1815,complete,1374.54,1374.49,6.3921224E7,starexec-unknown,unknown
21333101,AUFLIRA/FFT/smtlib.715261.smt2,893310,CVC4 f7118b2,1257,default,1778,timeout (cpu),36000.1,35985.5,4914708.0,starexec-unknown,unknown
21333103,AUFLIRA/FFT/smtlib.715261.smt2,893310,Z3-4.3.2.a054b099c1d6-x64-debian-6.0.6-SMT-COMP-2014,1286,default,1815,complete,1145.69,1145.62,9.3789136E7,starexec-unknown,unknown
21333105,AUFLIRA/FFT/smtlib.819564.smt2,893311,CVC4 f7118b2,1257,default,1778,timeout (cpu),36000.1,35953.0,1.2309712E7,starexec-unknown,unknown
21333107,AUFLIRA/FFT/smtlib.819564.smt2,893311,Z3-4.3.2.a054b099c1d6-x64-debian-6.0.6-SMT-COMP-2014,1286,default,1815,complete,1562.95,1562.8,9.0132304E7,starexec-unknown,unknown
21333109,AUFLIRA/FFT/smtlib.819950.smt2,893312,CVC4 f7118b2,1257,default,1778,timeout (cpu),36000.0,35985.0,1156508.0,starexec-unknown,unknown
21333111,AUFLIRA/FFT/smtlib.819950.smt2,893312,Z3-4.3.2.a054b099c1d6-x64-debian-6.0.6-SMT-COMP-2014,1286,default,1815,memout,4660.19,4659.31,1.05117348E8,starexec-unknown,unknown
21333113,AUFLIRA/FFT/smtlib.790915.smt2,893313,CVC4 f7118b2,1257,default,1778,timeout (cpu),36000.1,35986.0,1.770848E7,starexec-unknown,unknown
21333115,AUFLIRA/FFT/smtlib.790915.smt2,893313,Z3-4.3.2.a054b099c1d6-x64-debian-6.0.6-SMT-COMP-2014,1286,default,1815,complete,1132.54,1132.53,8.8973572E7,starexec-unknown,unknown
21333117,AUFLIRA/FFT/smtlib.847295.smt2,893314,CVC4 f7118b2,1257,default,1778,timeout (cpu),36000.0,35986.2,1797208.0,starexec-unknown,unknown
21333119,AUFLIRA/FFT/smtlib.847295.smt2,893314,Z3-4.3.2.a054b099c1d6-x64-debian-6.0.6-SMT-COMP-2014,1286,default,1815,complete,5896.12,5893.44,9.999434E7,starexec-unknown,unknown
21333121,AUFLIRA/FFT/smtlib.708311.smt2,893315,CVC4 f7118b2,1257,default,1778,timeout (cpu),36000.0,35986.6,8738724.0,starexec-unknown,unknown
21333123,AUFLIRA/FFT/smtlib.708311.smt2,893315,Z3-4.3.2.a054b099c1d6-x64-debian-6.0.6-SMT-COMP-2014,1286,default,1815,timeout (cpu),36000.1,35984.8,2005644.0,starexec-unknown,unknown
21333125,AUFLIRA/FFT/smtlib.947473.smt2,893316,CVC4 f7118b2,1257,default,1778,timeout (cpu),36000.0,35986.3,1.7782164E7,starexec-unknown,unknown
21333126,AUFLIRA/FFT/smtlib.947473.smt2,893316,Z3-4.3.2.a054b099c1d6-x64-debian-6.0.6-SMT-COMP-2014,1286,default,1815,timeout (cpu),36000.0,35982.9,1.6540884E7,starexec-unknown,unknown
21333128,AUFLIRA/FFT/smtlib.807408.smt2,893317,CVC4 f7118b2,1257,default,1778,timeout (cpu),36000.1,35987.0,4.7394132E7,starexec-unknown,unknown
21333130,AUFLIRA/FFT/smtlib.807408.smt2,893317,Z3-4.3.2.a054b099c1d6-x64-debian-6.0.6-SMT-COMP-2014,1286,default,1815,complete,8002.82,8000.29,9.237962E7,starexec-unknown,unknown
21333132,AUFLIRA/FFT/smtlib.862596.smt2,893318,CVC4 f7118b2,1257,default,1778,timeout (cpu),36000.1,35985.8,5.6613892E7,starexec-unknown,unknown
21333134,AUFLIRA/FFT/smtlib.862596.smt2,893318,Z3-4.3.2.a054b099c1d6-x64-debian-6.0.6-SMT-COMP-2014,1286,default,1815,complete,5314.1,5312.76,6.031856E7,starexec-unknown,unknown
21333136,AUFLIRA/FFT/smtlib.752395.smt2,893319,CVC4 f7118b2,1257,default,1778,timeout (cpu),36000.0,35982.7,1.480912E7,starexec-unknown,unknown
21333138,AUFLIRA/FFT/smtlib.752395.smt2,893319,Z3-4.3.2.a054b099c1d6-x64-debian-6.0.6-SMT-COMP-2014,1286,default,1815,timeout (cpu),36000.1,35986.3,1.6803392E7,starexec-unknown,unknown
21333140,AUFLIRA/FFT/smtlib.614216.smt2,893320,CVC4 f7118b2,1257,default,1778,timeout (cpu),36000.0,35986.4,5.1065588E7,starexec-unknown,unknown
21333142,AUFLIRA/FFT/smtlib.614216.smt2,893320,Z3-4.3.2.a054b099c1d6-x64-debian-6.0.6-SMT-COMP-2014,1286,default,1815,complete,29446.3,29433.9,3.3924204E7,starexec-unknown,unknown
21333144,AUFLIRA/FFT/smtlib.666029.smt2,893321,CVC4 f7118b2,1257,default,1778,timeout (cpu),36000.1,35984.4,374172.0,starexec-unknown,unknown
21333146,AUFLIRA/FFT/smtlib.666029.smt2,893321,Z3-4.3.2.a054b099c1d6-x64-debian-6.0.6-SMT-COMP-2014,1286,default,1815,complete,9127.67,9124.01,9.9792548E7,starexec-unknown,unknown
21333148,AUFLIRA/FFT/smtlib.839647.smt2,893322,CVC4 f7118b2,1257,default,1778,timeout (cpu),36000.0,35985.7,4096848.0,starexec-unknown,unknown
21333150,AUFLIRA/FFT/smtlib.839647.smt2,893322,Z3-4.3.2.a054b099c1d6-x64-debian-6.0.6-SMT-COMP-2014,1286,default,1815,complete,1869.44,1869.29,9.5202424E7,starexec-unknown,unknown
21333152,AUFLIRA/FFT/smtlib.870533.smt2,893323,CVC4 f7118b2,1257,default,1778,timeout (cpu),36000.1,35986.8,1.9871756E7,starexec-unknown,unknown
21333154,AUFLIRA/FFT/smtlib.870533.smt2,893323,Z3-4.3.2.a054b099c1d6-x64-debian-6.0.6-SMT-COMP-2014,1286,default,1815,complete,1391.03,1390.82,9.4285508E7,starexec-unknown,unknown
21333156,AUFLIRA/FFT/smtlib.765447.smt2,893324,CVC4 f7118b2,1257,default,1778,timeout (cpu),36000.1,35982.8,6.468638E7,starexec-unknown,unknown
21333157,AUFLIRA/FFT/smtlib.765447.smt2,893324,Z3-4.3.2.a054b099c1d6-x64-debian-6.0.6-SMT-COMP-2014,1286,default,1815,complete,1770.77,1770.75,9.517078E7,starexec-unknown,unknown
21333159,AUFLIRA/FFT/smtlib.823849.smt2,893325,CVC4 f7118b2,1257,default,1778,timeout (cpu),36000.1,35985.7,795080.0,starexec-unknown,unknown
21333161,AUFLIRA/FFT/smtlib.823849.smt2,893325,Z3-4.3.2.a054b099c1d6-x64-debian-6.0.6-SMT-COMP-2014,1286,default,1815,complete,2387.99,2387.72,4.40756E7,starexec-unknown,unknown
21333163,AUFLIRA/FFT/smtlib.874497.smt2,893326,CVC4 f7118b2,1257,default,1778,timeout (cpu),36000.1,35983.7,1.651776E7,starexec-unknown,unknown
21333165,AUFLIRA/FFT/smtlib.874497.smt2,893326,Z3-4.3.2.a054b099c1d6-x64-debian-6.0.6-SMT-COMP-2014,1286,default,1815,complete,1267.9,1267.97,9.4084012E7,starexec-unknown,unknown
21333167,AUFLIRA/FFT/smtlib.657874.smt2,893327,CVC4 f7118b2,1257,default,1778,timeout (cpu),36000.1,35984.0,3.2380232E7,starexec-unknown,unknown
21333169,AUFLIRA/FFT/smtlib.657874.smt2,893327,Z3-4.3.2.a054b099c1d6-x64-debian-6.0.6-SMT-COMP-2014,1286,default,1815,complete,27770.6,27761.1,1.04037968E8,starexec-unknown,unknown
21333171,AUFLIRA/FFT/smtlib.761224.smt2,893328,CVC4 f7118b2,1257,default,1778,timeout (cpu),36000.0,35985.9,6.5047116E7,starexec-unknown,unknown
21333173,AUFLIRA/FFT/smtlib.761224.smt2,893328,Z3-4.3.2.a054b099c1d6-x64-debian-6.0.6-SMT-COMP-2014,1286,default,1815,complete,1393.8,1393.9,6.2959116E7,starexec-unknown,unknown
21333175,AUFLIRA/FFT/smtlib.715376.smt2,893329,CVC4 f7118b2,1257,default,1778,timeout (cpu),36000.0,35982.4,2987600.0,starexec-unknown,unknown
21333177,AUFLIRA/FFT/smtlib.715376.smt2,893329,Z3-4.3.2.a054b099c1d6-x64-debian-6.0.6-SMT-COMP-2014,1286,default,1815,timeout (cpu),36000.0,35982.3,2.881714E7,starexec-unknown,unknown
21333178,AUFLIRA/FFT/smtlib.919037.smt2,893330,CVC4 f7118b2,1257,default,1778,timeout (cpu),36000.0,35982.1,6959504.0,starexec-unknown,unknown
21333180,AUFLIRA/FFT/smtlib.919037.smt2,893330,Z3-4.3.2.a054b099c1d6-x64-debian-6.0.6-SMT-COMP-2014,1286,default,1815,complete,1360.76,1360.36,4.3308644E7,starexec-unknown,unknown
21333182,AUFLIRA/FFT/smtlib.613529.smt2,893331,CVC4 f7118b2,1257,default,1778,complete,33972.8,33957.9,1.04152688E8,starexec-unknown,unknown
21333184,AUFLIRA/FFT/smtlib.613529.smt2,893331,Z3-4.3.2.a054b099c1d6-x64-debian-6.0.6-SMT-COMP-2014,1286,default,1815,complete,9236.88,9232.37,9.427268E7,starexec-unknown,unknown
21333186,AUFLIRA/FFT/smtlib.609556.smt2,893332,CVC4 f7118b2,1257,default,1778,timeout (cpu),36000.0,35983.3,1.420762E7,starexec-unknown,unknown
21333187,AUFLIRA/FFT/smtlib.609556.smt2,893332,Z3-4.3.2.a054b099c1d6-x64-debian-6.0.6-SMT-COMP-2014,1286,default,1815,complete,2663.3,2662.69,9.910564E7,starexec-unknown,unknown
21333189,AUFLIRA/FFT/smtlib.944582.smt2,893333,CVC4 f7118b2,1257,default,1778,timeout (cpu),36000.1,35982.2,1957512.0,starexec-unknown,unknown
21333192,AUFLIRA/FFT/smtlib.944582.smt2,893333,Z3-4.3.2.a054b099c1d6-x64-debian-6.0.6-SMT-COMP-2014,1286,default,1815,complete,3245.1,3244.13,2.8882576E7,starexec-unknown,unknown
21333194,AUFLIRA/FFT/smtlib.862942.smt2,893334,CVC4 f7118b2,1257,default,1778,timeout (cpu),36000.0,35986.1,1.7707892E7,starexec-unknown,unknown
21333195,AUFLIRA/FFT/smtlib.862942.smt2,893334,Z3-4.3.2.a054b099c1d6-x64-debian-6.0.6-SMT-COMP-2014,1286,default,1815,complete,1136.02,1136.03,8.8973524E7,starexec-unknown,unknown
21333197,AUFLIRA/FFT/smtlib.782172.smt2,893335,CVC4 f7118b2,1257,default,1778,timeout (cpu),36000.0,35988.3,7.7938104E7,starexec-unknown,unknown
21333199,AUFLIRA/FFT/smtlib.782172.smt2,893335,Z3-4.3.2.a054b099c1d6-x64-debian-6.0.6-SMT-COMP-2014,1286,default,1815,complete,493.051,493.094,3.2610624E7,starexec-unknown,unknown
21333201,AUFLIRA/FFT/smtlib.795122.smt2,893336,CVC4 f7118b2,1257,default,1778,timeout (cpu),36000.0,35985.8,2443756.0,starexec-unknown,unknown
21333203,AUFLIRA/FFT/smtlib.795122.smt2,893336,Z3-4.3.2.a054b099c1d6-x64-debian-6.0.6-SMT-COMP-2014,1286,default,1815,complete,1208.48,1208.47,8.8962636E7,starexec-unknown,unknown
21333205,AUFLIRA/FFT/smtlib.782559.smt2,893337,CVC4 f7118b2,1257,default,1778,memout,4517.32,4516.71,1.04861292E8,starexec-unknown,unknown
21333207,AUFLIRA/FFT/smtlib.782559.smt2,893337,Z3-4.3.2.a054b099c1d6-x64-debian-6.0.6-SMT-COMP-2014,1286,default,1815,complete,1411.26,1411.08,9.9723124E7,starexec-unknown,unknown
21333209,AUFLIRA/FFT/smtlib.882425.smt2,893338,CVC4 f7118b2,1257,default,1778,timeout (cpu),36000.1,35982.9,1.928404E7,starexec-unknown,unknown
21333211,AUFLIRA/FFT/smtlib.882425.smt2,893338,Z3-4.3.2.a054b099c1d6-x64-debian-6.0.6-SMT-COMP-2014,1286,default,1815,complete,1238.62,1238.43,9.4105828E7,starexec-unknown,unknown
21333213,AUFLIRA/FFT/smtlib.790569.smt2,893339,CVC4 f7118b2,1257,default,1778,timeout (cpu),36000.1,35986.5,5.6982676E7,starexec-unknown,unknown
21333214,AUFLIRA/FFT/smtlib.790569.smt2,893339,Z3-4.3.2.a054b099c1d6-x64-debian-6.0.6-SMT-COMP-2014,1286,default,1815,complete,4769.75,4768.6,6.0822604E7,starexec-unknown,unknown
21333216,AUFLIRA/FFT/smtlib.913678.smt2,893340,CVC4 f7118b2,1257,default,1778,timeout (cpu),36000.1,35986.1,8.7238396E7,starexec-unknown,unknown
21333218,AUFLIRA/FFT/smtlib.913678.smt2,893340,Z3-4.3.2.a054b099c1d6-x64-debian-6.0.6-SMT-COMP-2014,1286,default,1815,complete,2344.81,2344.27,5.473594E7,starexec-unknown,unknown
21333220,AUFLIRA/FFT/smtlib.609936.smt2,893341,CVC4 f7118b2,1257,default,1778,timeout (cpu),36000.0,35986.1,3667368.0,starexec-unknown,unknown
21333222,AUFLIRA/FFT/smtlib.609936.smt2,893341,Z3-4.3.2.a054b099c1d6-x64-debian-6.0.6-SMT-COMP-2014,1286,default,1815,timeout (cpu),36000.0,35986.6,404768.0,starexec-unknown,unknown
21333224,AUFLIRA/FFT/z3.707379.smt2,893342,CVC4 f7118b2,1257,default,1778,timeout (cpu),36000.0,35986.3,8732744.0,starexec-unknown,unknown
21333226,AUFLIRA/FFT/z3.707379.smt2,893342,Z3-4.3.2.a054b099c1d6-x64-debian-6.0.6-SMT-COMP-2014,1286,default,1815,timeout (cpu),36000.1,35985.1,2005644.0,starexec-unknown,unknown
21333227,AUFLIRA/FFT/smtlib.756643.smt2,893343,CVC4 f7118b2,1257,default,1778,timeout (cpu),36000.0,35986.2,8476216.0,starexec-unknown,unknown
21333229,AUFLIRA/FFT/smtlib.756643.smt2,893343,Z3-4.3.2.a054b099c1d6-x64-debian-6.0.6-SMT-COMP-2014,1286,default,1815,complete,1510.76,1510.32,4.0685416E7,starexec-unknown,unknown
21333232,AUFLIRA/FFT/smtlib.955738.smt2,893345,CVC4 f7118b2,1257,default,1778,timeout (cpu),36000.0,35986.4,7.9340376E7,starexec-unknown,unknown
21333233,AUFLIRA/FFT/smtlib.955738.smt2,893345,Z3-4.3.2.a054b099c1d6-x64-debian-6.0.6-SMT-COMP-2014,1286,default,1815,timeout (cpu),36000.0,35985.2,5.406914E7,starexec-unknown,unknown
21333235,AUFLIRA/FFT/smtlib.811950.smt2,893346,CVC4 f7118b2,1257,default,1778,timeout (cpu),36000.1,35985.6,4648176.0,starexec-unknown,unknown
21333237,AUFLIRA/FFT/smtlib.811950.smt2,893346,Z3-4.3.2.a054b099c1d6-x64-debian-6.0.6-SMT-COMP-2014,1286,default,1815,complete,1601.45,1601.31,8.8976168E7,starexec-unknown,unknown
21333239,AUFLIRA/FFT/smtlib.918671.smt2,893347,CVC4 f7118b2,1257,default,1778,timeout (cpu),36000.0,35985.6,9220760.0,starexec-unknown,unknown
21333241,AUFLIRA/FFT/smtlib.918671.smt2,893347,Z3-4.3.2.a054b099c1d6-x64-debian-6.0.6-SMT-COMP-2014,1286,default,1815,complete,33356.8,33343.2,1.01996928E8,starexec-unknown,unknown
21333243,AUFLIRA/FFT/smtlib.777801.smt2,893348,CVC4 f7118b2,1257,default,1778,timeout (cpu),36000.0,35986.8,3.5410452E7,starexec-unknown,unknown
21333245,AUFLIRA/FFT/smtlib.777801.smt2,893348,Z3-4.3.2.a054b099c1d6-x64-debian-6.0.6-SMT-COMP-2014,1286,default,1815,complete,1436.13,1435.82,9.451798E7,starexec-unknown,unknown
21333247,AUFLIRA/FFT/smtlib.831561.smt2,893349,CVC4 f7118b2,1257,default,1778,timeout (cpu),36000.1,35985.7,2082128.0,starexec-unknown,unknown
21333249,AUFLIRA/FFT/smtlib.831561.smt2,893349,Z3-4.3.2.a054b099c1d6-x64-debian-6.0.6-SMT-COMP-2014,1286,default,1815,complete,1462.05,1461.99,7.0959516E7,starexec-unknown,unknown
21333251,AUFLIRA/FFT/smtlib.619215.smt2,893350,CVC4 f7118b2,1257,default,1778,memout,25222.7,25214.6,1.04896756E8,starexec-unknown,unknown
21333253,AUFLIRA/FFT/smtlib.619215.smt2,893350,Z3-4.3.2.a054b099c1d6-x64-debian-6.0.6-SMT-COMP-2014,1286,default,1815,timeout (cpu),36000.1,35987.3,3912260.0,starexec-unknown,unknown
21333255,AUFLIRA/FFT/smtlib.786957.smt2,893351,CVC4 f7118b2,1257,default,1778,memout,4239.09,4239.31,1.04860788E8,starexec-unknown,unknown
21333257,AUFLIRA/FFT/smtlib.786957.smt2,893351,Z3-4.3.2.a054b099c1d6-x64-debian-6.0.6-SMT-COMP-2014,1286,default,1815,complete,1592.0,1591.89,1.00377024E8,starexec-unknown,unknown
21333259,AUFLIRA/FFT/smtlib.878807.smt2,893352,CVC4 f7118b2,1257,default,1778,timeout (cpu),36000.0,35985.9,4465660.0,starexec-unknown,unknown
21333261,AUFLIRA/FFT/smtlib.878807.smt2,893352,Z3-4.3.2.a054b099c1d6-x64-debian-6.0.6-SMT-COMP-2014,1286,default,1815,complete,1244.72,1244.82,8.8969688E7,starexec-unknown,unknown
21333263,AUFLIRA/FFT/smtlib.922994.smt2,893353,CVC4 f7118b2,1257,default,1778,timeout (cpu),36000.0,35985.4,9253360.0,starexec-unknown,unknown
21333265,AUFLIRA/FFT/smtlib.922994.smt2,893353,Z3-4.3.2.a054b099c1d6-x64-debian-6.0.6-SMT-COMP-2014,1286,default,1815,complete,33296.6,33283.0,1.0199606E8,starexec-unknown,unknown
21333267,AUFLIRA/FFT/smtlib.859164.smt2,893354,CVC4 f7118b2,1257,default,1778,timeout (cpu),36000.1,35989.0,1.6140712E7,starexec-unknown,unknown
21333269,AUFLIRA/FFT/smtlib.859164.smt2,893354,Z3-4.3.2.a054b099c1d6-x64-debian-6.0.6-SMT-COMP-2014,1286,default,1815,complete,1049.48,1049.41,8.9923676E7,starexec-unknown,unknown
21333271,AUFLIRA/FFT/smtlib.760866.smt2,893355,CVC4 f7118b2,1257,default,1778,timeout (cpu),36000.0,35987.3,6729160.0,starexec-unknown,unknown
21333273,AUFLIRA/FFT/smtlib.760866.smt2,893355,Z3-4.3.2.a054b099c1d6-x64-debian-6.0.6-SMT-COMP-2014,1286,default,1815,complete,1724.75,1724.45,9.0172024E7,starexec-unknown,unknown
21333275,AUFLIRA/FFT/smtlib.708210.smt2,893356,CVC4 f7118b2,1257,default,1778,timeout (cpu),36000.0,35988.5,2.2034932E7,starexec-unknown,unknown
21333277,AUFLIRA/FFT/smtlib.708210.smt2,893356,Z3-4.3.2.a054b099c1d6-x64-debian-6.0.6-SMT-COMP-2014,1286,default,1815,timeout (cpu),36000.1,35984.9,547040.0,starexec-unknown,unknown
21333279,AUFLIRA/FFT/smtlib.614580.smt2,893357,CVC4 f7118b2,1257,default,1778,timeout (cpu),36000.1,35986.3,9.1790128E7,starexec-unknown,unknown
21333281,AUFLIRA/FFT/smtlib.614580.smt2,893357,Z3-4.3.2.a054b099c1d6-x64-debian-6.0.6-SMT-COMP-2014,1286,default,1815,timeout (cpu),36000.1,35985.5,6028004.0,starexec-unknown,unknown
21333283,AUFLIRA/FFT/smtlib.914714.smt2,893358,CVC4 f7118b2,1257,default,1778,timeout (cpu),36000.1,35985.4,6959504.0,starexec-unknown,unknown
21333285,AUFLIRA/FFT/smtlib.914714.smt2,893358,Z3-4.3.2.a054b099c1d6-x64-debian-6.0.6-SMT-COMP-2014,1286,default,1815,complete,1350.88,1350.5,4.3308652E7,starexec-unknown,unknown
21333287,AUFLIRA/FFT/smtlib.712662.smt2,893359,CVC4 f7118b2,1257,default,1778,timeout (cpu),36000.1,35679.5,6685192.0,starexec-unknown,unknown
21333289,AUFLIRA/FFT/smtlib.712662.smt2,893359,Z3-4.3.2.a054b099c1d6-x64-debian-6.0.6-SMT-COMP-2014,1286,default,1815,complete,3647.46,3646.71,9.0221112E7,starexec-unknown,unknown
21333291,AUFLIRA/FFT/smtlib.866915.smt2,893360,CVC4 f7118b2,1257,default,1778,timeout (cpu),36000.1,35987.2,2.1702696E7,starexec-unknown,unknown
21333293,AUFLIRA/FFT/smtlib.866915.smt2,893360,Z3-4.3.2.a054b099c1d6-x64-debian-6.0.6-SMT-COMP-2014,1286,default,1815,complete,1201.68,1201.7,8.8962236E7,starexec-unknown,unknown
21333295,AUFLIRA/FFT/smtlib.765089.smt2,893361,CVC4 f7118b2,1257,default,1778,timeout (cpu),36000.1,35986.3,6967468.0,starexec-unknown,unknown
21333297,AUFLIRA/FFT/smtlib.765089.smt2,893361,Z3-4.3.2.a054b099c1d6-x64-debian-6.0.6-SMT-COMP-2014,1286,default,1815,complete,1773.39,1773.26,9.01468E7,starexec-unknown,unknown
21333299,AUFLIRA/FFT/smtlib.752778.smt2,893362,CVC4 f7118b2,1257,default,1778,timeout (cpu),36000.1,35982.1,1048116.0,starexec-unknown,unknown
21333301,AUFLIRA/FFT/smtlib.752778.smt2,893362,Z3-4.3.2.a054b099c1d6-x64-debian-6.0.6-SMT-COMP-2014,1286,default,1815,complete,2695.68,2695.1,6.9243276E7,starexec-unknown,unknown
21333302,AUFLIRA/FFT/z3.707278.smt2,893363,CVC4 f7118b2,1257,default,1778,timeout (cpu),36000.1,35989.1,2.20348E7,starexec-unknown,unknown
21333304,AUFLIRA/FFT/z3.707278.smt2,893363,Z3-4.3.2.a054b099c1d6-x64-debian-6.0.6-SMT-COMP-2014,1286,default,1815,timeout (cpu),36000.0,35985.7,547040.0,starexec-unknown,unknown
21333306,AUFLIRA/FFT/smtlib.633742.smt2,893364,CVC4 f7118b2,1257,default,1778,timeout (cpu),36000.1,35987.1,9271952.0,starexec-unknown,unknown
21333308,AUFLIRA/FFT/smtlib.633742.smt2,893364,Z3-4.3.2.a054b099c1d6-x64-debian-6.0.6-SMT-COMP-2014,1286,default,1815,timeout (cpu),36000.0,35985.1,1.195208E7,starexec-unknown,unknown
21333310,AUFLIRA/FFT/smtlib.918001.smt2,893365,CVC4 f7118b2,1257,default,1778,timeout (cpu),36000.1,35983.4,8.724062E7,starexec-unknown,unknown
21333312,AUFLIRA/FFT/smtlib.918001.smt2,893365,Z3-4.3.2.a054b099c1d6-x64-debian-6.0.6-SMT-COMP-2014,1286,default,1815,complete,2372.66,2371.99,5.4743596E7,starexec-unknown,unknown
21333315,AUFLIRA/FFT/smtlib.923360.smt2,893366,CVC4 f7118b2,1257,default,1778,timeout (cpu),36000.1,35985.8,6959504.0,starexec-unknown,unknown
21333317,AUFLIRA/FFT/smtlib.923360.smt2,893366,Z3-4.3.2.a054b099c1d6-x64-debian-6.0.6-SMT-COMP-2014,1286,default,1815,complete,1350.43,1350.12,4.3308656E7,starexec-unknown,unknown
21332660,AUFLIRA/nasa/fol_simplify/quaternion_ds1_inuse_0018.fof.smt2,329811,CVC4 f7118b2,1257,default,1778,timeout (cpu),36000.1,35984.9,942876.0,starexec-unknown,unknown
21332662,AUFLIRA/nasa/fol_simplify/quaternion_ds1_inuse_0018.fof.smt2,329811,Z3-4.3.2.a054b099c1d6-x64-debian-6.0.6-SMT-COMP-2014,1286,default,1815,complete,0.040993,0.04222,0.0,starexec-unknown,unknown
21332692,AUFLIRA/nasa/fol_simplify/thruster_inuse_0001.fof.smt2,330331,CVC4 f7118b2,1257,default,1778,timeout (cpu),36000.1,35985.1,633448.0,starexec-unknown,unknown
21332694,AUFLIRA/nasa/fol_simplify/thruster_inuse_0001.fof.smt2,330331,Z3-4.3.2.a054b099c1d6-x64-debian-6.0.6-SMT-COMP-2014,1286,default,1815,timeout (cpu),36000.1,35981.6,319920.0,starexec-unknown,unknown
