<?xml version="1.0" encoding="UTF-8"?><tns:Jobs xmlns:tns="https://www.starexec.org/starexec/public/batchJobSchema.xsd" xmlns:xsi="http://www.w3.org/2001/XMLSchema-instance" xsi:schemaLocation="https://www.starexec.org/starexec/public/batchJobSchema.xsd batchJobSchema.xsd">
<Job name="QF_UFLRA 06-25-2014 19.41">
<JobAttributes>
<description value="no description"/>
<queue-id value="-1"/>
<start-paused value="false"/>
<cpu-timeout value="36000"/>
<wallclock-timeout value="36000"/>
<mem-limit value="100.0"/>
<postproc-id value="111"/>
</JobAttributes>
<JobPair bench-id="870147" bench-name="cpachecker-bmc.rekcba_ctm_false-unreach-call.3.c.smt2" config-id="1778" config-name="default" job-space-id="46438" job-space-path="QF_UFLRA/cpachecker-bmc-svcomp14" solver-id="1257" solver-name="CVC4 f7118b2"/>
<JobPair bench-id="870147" bench-name="cpachecker-bmc.rekcba_ctm_false-unreach-call.3.c.smt2" config-id="1781" config-name="default" job-space-id="46438" job-space-path="QF_UFLRA/cpachecker-bmc-svcomp14" solver-id="1259" solver-name="Yices-2.2.1-smtcomp2014"/>
<JobPair bench-id="870147" bench-name="cpachecker-bmc.rekcba_ctm_false-unreach-call.3.c.smt2" config-id="1815" config-name="default" job-space-id="46438" job-space-path="QF_UFLRA/cpachecker-bmc-svcomp14" solver-id="1286" solver-name="Z3-4.3.2.a054b099c1d6-x64-debian-6.0.6-SMT-COMP-2014"/>
<JobPair bench-id="415684" bench-name="pb_real_10_0100_10_13.smt2" config-id="1778" config-name="default" job-space-id="46436" job-space-path="QF_UFLRA/mathsat/RandomCoupled" solver-id="1257" solver-name="CVC4 f7118b2"/>
<JobPair bench-id="415684" bench-name="pb_real_10_0100_10_13.smt2" config-id="1781" config-name="default" job-space-id="46436" job-space-path="QF_UFLRA/mathsat/RandomCoupled" solver-id="1259" solver-name="Yices-2.2.1-smtcomp2014"/>
<JobPair bench-id="415684" bench-name="pb_real_10_0100_10_13.smt2" config-id="1815" config-name="default" job-space-id="46436" job-space-path="QF_UFLRA/mathsat/RandomCoupled" solver-id="1286" solver-name="Z3-4.3.2.a054b099c1d6-x64-debian-6.0.6-SMT-COMP-2014"/>
<JobPair bench-id="416104" bench-name="pb_real_30_60_45_23.smt2" config-id="1778" config-name="default" job-space-id="46435" job-space-path="QF_UFLRA/mathsat/RandomDecoupled" solver-id="1257" solver-name="CVC4 f7118b2"/>
<JobPair bench-id="416104" bench-name="pb_real_30_60_45_23.smt2" config-id="1781" config-name="default" job-space-id="46435" job-space-path="QF_UFLRA/mathsat/RandomDecoupled" solver-id="1259" solver-name="Yices-2.2.1-smtcomp2014"/>
<JobPair bench-id="416104" bench-name="pb_real_30_60_45_23.smt2" config-id="1815" config-name="default" job-space-id="46435" job-space-path="QF_UFLRA/mathsat/RandomDecoupled" solver-id="1286" solver-name="Z3-4.3.2.a054b099c1d6-x64-debian-6.0.6-SMT-COMP-2014"/>
<JobPair bench-id="870156" bench-name="cpachecker-bmc.rekcba_ctm_true-unreach-call.3.c.smt2" config-id="1778" config-name="default" job-space-id="46438" job-space-path="QF_UFLRA/cpachecker-bmc-svcomp14" solver-id="1257" solver-name="CVC4 f7118b2"/>
<JobPair bench-id="870156" bench-name="cpachecker-bmc.rekcba_ctm_true-unreach-call.3.c.smt2" config-id="1781" config-name="default" job-space-id="46438" job-space-path="QF_UFLRA/cpachecker-bmc-svcomp14" solver-id="1259" solver-name="Yices-2.2.1-smtcomp2014"/>
<JobPair bench-id="870156" bench-name="cpachecker-bmc.rekcba_ctm_true-unreach-call.3.c.smt2" config-id="1815" config-name="default" job-space-id="46438" job-space-path="QF_UFLRA/cpachecker-bmc-svcomp14" solver-id="1286" solver-name="Z3-4.3.2.a054b099c1d6-x64-debian-6.0.6-SMT-COMP-2014"/>
<JobPair bench-id="415689" bench-name="pb_real_10_0100_10_18.smt2" config-id="1778" config-name="default" job-space-id="46436" job-space-path="QF_UFLRA/mathsat/RandomCoupled" solver-id="1257" solver-name="CVC4 f7118b2"/>
<JobPair bench-id="415689" bench-name="pb_real_10_0100_10_18.smt2" config-id="1781" config-name="default" job-space-id="46436" job-space-path="QF_UFLRA/mathsat/RandomCoupled" solver-id="1259" solver-name="Yices-2.2.1-smtcomp2014"/>
<JobPair bench-id="415689" bench-name="pb_real_10_0100_10_18.smt2" config-id="1815" config-name="default" job-space-id="46436" job-space-path="QF_UFLRA/mathsat/RandomCoupled" solver-id="1286" solver-name="Z3-4.3.2.a054b099c1d6-x64-debian-6.0.6-SMT-COMP-2014"/>
<JobPair bench-id="416157" bench-name="pb_real_30_60_45_76.smt2" config-id="1778" config-name="default" job-space-id="46435" job-space-path="QF_UFLRA/mathsat/RandomDecoupled" solver-id="1257" solver-name="CVC4 f7118b2"/>
<JobPair bench-id="416157" bench-name="pb_real_30_60_45_76.smt2" config-id="1781" config-name="default" job-space-id="46435" job-space-path="QF_UFLRA/mathsat/RandomDecoupled" solver-id="1259" solver-name="Yices-2.2.1-smtcomp2014"/>
<JobPair bench-id="416157" bench-name="pb_real_30_60_45_76.smt2" config-id="1815" config-name="default" job-space-id="46435" job-space-path="QF_UFLRA/mathsat/RandomDecoupled" solver-id="1286" solver-name="Z3-4.3.2.a054b099c1d6-x64-debian-6.0.6-SMT-COMP-2014"/>
<JobPair bench-id="870157" bench-name="cpachecker-bmc.rekcba_ctm_true-unreach-call.4.c.smt2" config-id="1778" config-name="default" job-space-id="46438" job-space-path="QF_UFLRA/cpachecker-bmc-svcomp14" solver-id="1257" solver-name="CVC4 f7118b2"/>
<JobPair bench-id="870157" bench-name="cpachecker-bmc.rekcba_ctm_true-unreach-call.4.c.smt2" config-id="1781" config-name="default" job-space-id="46438" job-space-path="QF_UFLRA/cpachecker-bmc-svcomp14" solver-id="1259" solver-name="Yices-2.2.1-smtcomp2014"/>
<JobPair bench-id="870157" bench-name="cpachecker-bmc.rekcba_ctm_true-unreach-call.4.c.smt2" config-id="1815" config-name="default" job-space-id="46438" job-space-path="QF_UFLRA/cpachecker-bmc-svcomp14" solver-id="1286" solver-name="Z3-4.3.2.a054b099c1d6-x64-debian-6.0.6-SMT-COMP-2014"/>
<JobPair bench-id="415702" bench-name="pb_real_10_0150_10_11.smt2" config-id="1778" config-name="default" job-space-id="46436" job-space-path="QF_UFLRA/mathsat/RandomCoupled" solver-id="1257" solver-name="CVC4 f7118b2"/>
<JobPair bench-id="415702" bench-name="pb_real_10_0150_10_11.smt2" config-id="1781" config-name="default" job-space-id="46436" job-space-path="QF_UFLRA/mathsat/RandomCoupled" solver-id="1259" solver-name="Yices-2.2.1-smtcomp2014"/>
<JobPair bench-id="415702" bench-name="pb_real_10_0150_10_11.smt2" config-id="1815" config-name="default" job-space-id="46436" job-space-path="QF_UFLRA/mathsat/RandomCoupled" solver-id="1286" solver-name="Z3-4.3.2.a054b099c1d6-x64-debian-6.0.6-SMT-COMP-2014"/>
<JobPair bench-id="416299" bench-name="pb_real_40_80_60_18.smt2" config-id="1778" config-name="default" job-space-id="46435" job-space-path="QF_UFLRA/mathsat/RandomDecoupled" solver-id="1257" solver-name="CVC4 f7118b2"/>
<JobPair bench-id="416299" bench-name="pb_real_40_80_60_18.smt2" config-id="1781" config-name="default" job-space-id="46435" job-space-path="QF_UFLRA/mathsat/RandomDecoupled" solver-id="1259" solver-name="Yices-2.2.1-smtcomp2014"/>
<JobPair bench-id="416299" bench-name="pb_real_40_80_60_18.smt2" config-id="1815" config-name="default" job-space-id="46435" job-space-path="QF_UFLRA/mathsat/RandomDecoupled" solver-id="1286" solver-name="Z3-4.3.2.a054b099c1d6-x64-debian-6.0.6-SMT-COMP-2014"/>
<JobPair bench-id="415705" bench-name="pb_real_10_0150_10_14.smt2" config-id="1778" config-name="default" job-space-id="46436" job-space-path="QF_UFLRA/mathsat/RandomCoupled" solver-id="1257" solver-name="CVC4 f7118b2"/>
<JobPair bench-id="415705" bench-name="pb_real_10_0150_10_14.smt2" config-id="1781" config-name="default" job-space-id="46436" job-space-path="QF_UFLRA/mathsat/RandomCoupled" solver-id="1259" solver-name="Yices-2.2.1-smtcomp2014"/>
<JobPair bench-id="415705" bench-name="pb_real_10_0150_10_14.smt2" config-id="1815" config-name="default" job-space-id="46436" job-space-path="QF_UFLRA/mathsat/RandomCoupled" solver-id="1286" solver-name="Z3-4.3.2.a054b099c1d6-x64-debian-6.0.6-SMT-COMP-2014"/>
<JobPair bench-id="416353" bench-name="pb_real_40_80_60_72.smt2" config-id="1778" config-name="default" job-space-id="46435" job-space-path="QF_UFLRA/mathsat/RandomDecoupled" solver-id="1257" solver-name="CVC4 f7118b2"/>
<JobPair bench-id="416353" bench-name="pb_real_40_80_60_72.smt2" config-id="1781" config-name="default" job-space-id="46435" job-space-path="QF_UFLRA/mathsat/RandomDecoupled" solver-id="1259" solver-name="Yices-2.2.1-smtcomp2014"/>
<JobPair bench-id="416353" bench-name="pb_real_40_80_60_72.smt2" config-id="1815" config-name="default" job-space-id="46435" job-space-path="QF_UFLRA/mathsat/RandomDecoupled" solver-id="1286" solver-name="Z3-4.3.2.a054b099c1d6-x64-debian-6.0.6-SMT-COMP-2014"/>
<JobPair bench-id="415722" bench-name="pb_real_10_0200_10_11.smt2" config-id="1778" config-name="default" job-space-id="46436" job-space-path="QF_UFLRA/mathsat/RandomCoupled" solver-id="1257" solver-name="CVC4 f7118b2"/>
<JobPair bench-id="415722" bench-name="pb_real_10_0200_10_11.smt2" config-id="1781" config-name="default" job-space-id="46436" job-space-path="QF_UFLRA/mathsat/RandomCoupled" solver-id="1259" solver-name="Yices-2.2.1-smtcomp2014"/>
<JobPair bench-id="415722" bench-name="pb_real_10_0200_10_11.smt2" config-id="1815" config-name="default" job-space-id="46436" job-space-path="QF_UFLRA/mathsat/RandomCoupled" solver-id="1286" solver-name="Z3-4.3.2.a054b099c1d6-x64-debian-6.0.6-SMT-COMP-2014"/>
<JobPair bench-id="416355" bench-name="pb_real_40_80_60_74.smt2" config-id="1778" config-name="default" job-space-id="46435" job-space-path="QF_UFLRA/mathsat/RandomDecoupled" solver-id="1257" solver-name="CVC4 f7118b2"/>
<JobPair bench-id="416355" bench-name="pb_real_40_80_60_74.smt2" config-id="1781" config-name="default" job-space-id="46435" job-space-path="QF_UFLRA/mathsat/RandomDecoupled" solver-id="1259" solver-name="Yices-2.2.1-smtcomp2014"/>
<JobPair bench-id="416355" bench-name="pb_real_40_80_60_74.smt2" config-id="1815" config-name="default" job-space-id="46435" job-space-path="QF_UFLRA/mathsat/RandomDecoupled" solver-id="1286" solver-name="Z3-4.3.2.a054b099c1d6-x64-debian-6.0.6-SMT-COMP-2014"/>
<JobPair bench-id="415724" bench-name="pb_real_10_0200_10_13.smt2" config-id="1778" config-name="default" job-space-id="46436" job-space-path="QF_UFLRA/mathsat/RandomCoupled" solver-id="1257" solver-name="CVC4 f7118b2"/>
<JobPair bench-id="415724" bench-name="pb_real_10_0200_10_13.smt2" config-id="1781" config-name="default" job-space-id="46436" job-space-path="QF_UFLRA/mathsat/RandomCoupled" solver-id="1259" solver-name="Yices-2.2.1-smtcomp2014"/>
<JobPair bench-id="415724" bench-name="pb_real_10_0200_10_13.smt2" config-id="1815" config-name="default" job-space-id="46436" job-space-path="QF_UFLRA/mathsat/RandomCoupled" solver-id="1286" solver-name="Z3-4.3.2.a054b099c1d6-x64-debian-6.0.6-SMT-COMP-2014"/>
<JobPair bench-id="416368" bench-name="pb_real_40_80_60_87.smt2" config-id="1778" config-name="default" job-space-id="46435" job-space-path="QF_UFLRA/mathsat/RandomDecoupled" solver-id="1257" solver-name="CVC4 f7118b2"/>
<JobPair bench-id="416368" bench-name="pb_real_40_80_60_87.smt2" config-id="1781" config-name="default" job-space-id="46435" job-space-path="QF_UFLRA/mathsat/RandomDecoupled" solver-id="1259" solver-name="Yices-2.2.1-smtcomp2014"/>
<JobPair bench-id="416368" bench-name="pb_real_40_80_60_87.smt2" config-id="1815" config-name="default" job-space-id="46435" job-space-path="QF_UFLRA/mathsat/RandomDecoupled" solver-id="1286" solver-name="Z3-4.3.2.a054b099c1d6-x64-debian-6.0.6-SMT-COMP-2014"/>
<JobPair bench-id="415734" bench-name="pb_real_10_0200_10_23.smt2" config-id="1778" config-name="default" job-space-id="46436" job-space-path="QF_UFLRA/mathsat/RandomCoupled" solver-id="1257" solver-name="CVC4 f7118b2"/>
<JobPair bench-id="415734" bench-name="pb_real_10_0200_10_23.smt2" config-id="1781" config-name="default" job-space-id="46436" job-space-path="QF_UFLRA/mathsat/RandomCoupled" solver-id="1259" solver-name="Yices-2.2.1-smtcomp2014"/>
<JobPair bench-id="415734" bench-name="pb_real_10_0200_10_23.smt2" config-id="1815" config-name="default" job-space-id="46436" job-space-path="QF_UFLRA/mathsat/RandomCoupled" solver-id="1286" solver-name="Z3-4.3.2.a054b099c1d6-x64-debian-6.0.6-SMT-COMP-2014"/>
<JobPair bench-id="416372" bench-name="pb_real_40_80_60_91.smt2" config-id="1778" config-name="default" job-space-id="46435" job-space-path="QF_UFLRA/mathsat/RandomDecoupled" solver-id="1257" solver-name="CVC4 f7118b2"/>
<JobPair bench-id="416372" bench-name="pb_real_40_80_60_91.smt2" config-id="1781" config-name="default" job-space-id="46435" job-space-path="QF_UFLRA/mathsat/RandomDecoupled" solver-id="1259" solver-name="Yices-2.2.1-smtcomp2014"/>
<JobPair bench-id="416372" bench-name="pb_real_40_80_60_91.smt2" config-id="1815" config-name="default" job-space-id="46435" job-space-path="QF_UFLRA/mathsat/RandomDecoupled" solver-id="1286" solver-name="Z3-4.3.2.a054b099c1d6-x64-debian-6.0.6-SMT-COMP-2014"/>
<JobPair bench-id="415790" bench-name="pb_real_20_0200_10_19.smt2" config-id="1778" config-name="default" job-space-id="46436" job-space-path="QF_UFLRA/mathsat/RandomCoupled" solver-id="1257" solver-name="CVC4 f7118b2"/>
<JobPair bench-id="415790" bench-name="pb_real_20_0200_10_19.smt2" config-id="1781" config-name="default" job-space-id="46436" job-space-path="QF_UFLRA/mathsat/RandomCoupled" solver-id="1259" solver-name="Yices-2.2.1-smtcomp2014"/>
<JobPair bench-id="415790" bench-name="pb_real_20_0200_10_19.smt2" config-id="1815" config-name="default" job-space-id="46436" job-space-path="QF_UFLRA/mathsat/RandomCoupled" solver-id="1286" solver-name="Z3-4.3.2.a054b099c1d6-x64-debian-6.0.6-SMT-COMP-2014"/>
<JobPair bench-id="416457" bench-name="pb_real_50_100_30_76.smt2" config-id="1778" config-name="default" job-space-id="46435" job-space-path="QF_UFLRA/mathsat/RandomDecoupled" solver-id="1257" solver-name="CVC4 f7118b2"/>
<JobPair bench-id="416457" bench-name="pb_real_50_100_30_76.smt2" config-id="1781" config-name="default" job-space-id="46435" job-space-path="QF_UFLRA/mathsat/RandomDecoupled" solver-id="1259" solver-name="Yices-2.2.1-smtcomp2014"/>
<JobPair bench-id="416457" bench-name="pb_real_50_100_30_76.smt2" config-id="1815" config-name="default" job-space-id="46435" job-space-path="QF_UFLRA/mathsat/RandomDecoupled" solver-id="1286" solver-name="Z3-4.3.2.a054b099c1d6-x64-debian-6.0.6-SMT-COMP-2014"/>
<JobPair bench-id="415792" bench-name="pb_real_20_0200_10_21.smt2" config-id="1778" config-name="default" job-space-id="46436" job-space-path="QF_UFLRA/mathsat/RandomCoupled" solver-id="1257" solver-name="CVC4 f7118b2"/>
<JobPair bench-id="415792" bench-name="pb_real_20_0200_10_21.smt2" config-id="1781" config-name="default" job-space-id="46436" job-space-path="QF_UFLRA/mathsat/RandomCoupled" solver-id="1259" solver-name="Yices-2.2.1-smtcomp2014"/>
<JobPair bench-id="415792" bench-name="pb_real_20_0200_10_21.smt2" config-id="1815" config-name="default" job-space-id="46436" job-space-path="QF_UFLRA/mathsat/RandomCoupled" solver-id="1286" solver-name="Z3-4.3.2.a054b099c1d6-x64-debian-6.0.6-SMT-COMP-2014"/>
<JobPair bench-id="415805" bench-name="pb_real_20_0300_10_14.smt2" config-id="1778" config-name="default" job-space-id="46436" job-space-path="QF_UFLRA/mathsat/RandomCoupled" solver-id="1257" solver-name="CVC4 f7118b2"/>
<JobPair bench-id="415805" bench-name="pb_real_20_0300_10_14.smt2" config-id="1781" config-name="default" job-space-id="46436" job-space-path="QF_UFLRA/mathsat/RandomCoupled" solver-id="1259" solver-name="Yices-2.2.1-smtcomp2014"/>
<JobPair bench-id="415805" bench-name="pb_real_20_0300_10_14.smt2" config-id="1815" config-name="default" job-space-id="46436" job-space-path="QF_UFLRA/mathsat/RandomCoupled" solver-id="1286" solver-name="Z3-4.3.2.a054b099c1d6-x64-debian-6.0.6-SMT-COMP-2014"/>
<JobPair bench-id="415814" bench-name="pb_real_20_0300_10_23.smt2" config-id="1778" config-name="default" job-space-id="46436" job-space-path="QF_UFLRA/mathsat/RandomCoupled" solver-id="1257" solver-name="CVC4 f7118b2"/>
<JobPair bench-id="415814" bench-name="pb_real_20_0300_10_23.smt2" config-id="1781" config-name="default" job-space-id="46436" job-space-path="QF_UFLRA/mathsat/RandomCoupled" solver-id="1259" solver-name="Yices-2.2.1-smtcomp2014"/>
<JobPair bench-id="415814" bench-name="pb_real_20_0300_10_23.smt2" config-id="1815" config-name="default" job-space-id="46436" job-space-path="QF_UFLRA/mathsat/RandomCoupled" solver-id="1286" solver-name="Z3-4.3.2.a054b099c1d6-x64-debian-6.0.6-SMT-COMP-2014"/>
<JobPair bench-id="415825" bench-name="pb_real_20_0400_10_14.smt2" config-id="1778" config-name="default" job-space-id="46436" job-space-path="QF_UFLRA/mathsat/RandomCoupled" solver-id="1257" solver-name="CVC4 f7118b2"/>
<JobPair bench-id="415825" bench-name="pb_real_20_0400_10_14.smt2" config-id="1781" config-name="default" job-space-id="46436" job-space-path="QF_UFLRA/mathsat/RandomCoupled" solver-id="1259" solver-name="Yices-2.2.1-smtcomp2014"/>
<JobPair bench-id="415825" bench-name="pb_real_20_0400_10_14.smt2" config-id="1815" config-name="default" job-space-id="46436" job-space-path="QF_UFLRA/mathsat/RandomCoupled" solver-id="1286" solver-name="Z3-4.3.2.a054b099c1d6-x64-debian-6.0.6-SMT-COMP-2014"/>
<JobPair bench-id="415829" bench-name="pb_real_20_0400_10_18.smt2" config-id="1778" config-name="default" job-space-id="46436" job-space-path="QF_UFLRA/mathsat/RandomCoupled" solver-id="1257" solver-name="CVC4 f7118b2"/>
<JobPair bench-id="415829" bench-name="pb_real_20_0400_10_18.smt2" config-id="1781" config-name="default" job-space-id="46436" job-space-path="QF_UFLRA/mathsat/RandomCoupled" solver-id="1259" solver-name="Yices-2.2.1-smtcomp2014"/>
<JobPair bench-id="415829" bench-name="pb_real_20_0400_10_18.smt2" config-id="1815" config-name="default" job-space-id="46436" job-space-path="QF_UFLRA/mathsat/RandomCoupled" solver-id="1286" solver-name="Z3-4.3.2.a054b099c1d6-x64-debian-6.0.6-SMT-COMP-2014"/>
<JobPair bench-id="415833" bench-name="pb_real_20_0400_10_22.smt2" config-id="1778" config-name="default" job-space-id="46436" job-space-path="QF_UFLRA/mathsat/RandomCoupled" solver-id="1257" solver-name="CVC4 f7118b2"/>
<JobPair bench-id="415833" bench-name="pb_real_20_0400_10_22.smt2" config-id="1781" config-name="default" job-space-id="46436" job-space-path="QF_UFLRA/mathsat/RandomCoupled" solver-id="1259" solver-name="Yices-2.2.1-smtcomp2014"/>
<JobPair bench-id="415833" bench-name="pb_real_20_0400_10_22.smt2" config-id="1815" config-name="default" job-space-id="46436" job-space-path="QF_UFLRA/mathsat/RandomCoupled" solver-id="1286" solver-name="Z3-4.3.2.a054b099c1d6-x64-debian-6.0.6-SMT-COMP-2014"/>
<JobPair bench-id="415839" bench-name="pb_real_20_0400_10_28.smt2" config-id="1778" config-name="default" job-space-id="46436" job-space-path="QF_UFLRA/mathsat/RandomCoupled" solver-id="1257" solver-name="CVC4 f7118b2"/>
<JobPair bench-id="415839" bench-name="pb_real_20_0400_10_28.smt2" config-id="1781" config-name="default" job-space-id="46436" job-space-path="QF_UFLRA/mathsat/RandomCoupled" solver-id="1259" solver-name="Yices-2.2.1-smtcomp2014"/>
<JobPair bench-id="415839" bench-name="pb_real_20_0400_10_28.smt2" config-id="1815" config-name="default" job-space-id="46436" job-space-path="QF_UFLRA/mathsat/RandomCoupled" solver-id="1286" solver-name="Z3-4.3.2.a054b099c1d6-x64-debian-6.0.6-SMT-COMP-2014"/>
<JobPair bench-id="415883" bench-name="pb_real_30_0300_10_12.smt2" config-id="1778" config-name="default" job-space-id="46436" job-space-path="QF_UFLRA/mathsat/RandomCoupled" solver-id="1257" solver-name="CVC4 f7118b2"/>
<JobPair bench-id="415883" bench-name="pb_real_30_0300_10_12.smt2" config-id="1781" config-name="default" job-space-id="46436" job-space-path="QF_UFLRA/mathsat/RandomCoupled" solver-id="1259" solver-name="Yices-2.2.1-smtcomp2014"/>
<JobPair bench-id="415883" bench-name="pb_real_30_0300_10_12.smt2" config-id="1815" config-name="default" job-space-id="46436" job-space-path="QF_UFLRA/mathsat/RandomCoupled" solver-id="1286" solver-name="Z3-4.3.2.a054b099c1d6-x64-debian-6.0.6-SMT-COMP-2014"/>
<JobPair bench-id="415884" bench-name="pb_real_30_0300_10_13.smt2" config-id="1778" config-name="default" job-space-id="46436" job-space-path="QF_UFLRA/mathsat/RandomCoupled" solver-id="1257" solver-name="CVC4 f7118b2"/>
<JobPair bench-id="415884" bench-name="pb_real_30_0300_10_13.smt2" config-id="1781" config-name="default" job-space-id="46436" job-space-path="QF_UFLRA/mathsat/RandomCoupled" solver-id="1259" solver-name="Yices-2.2.1-smtcomp2014"/>
<JobPair bench-id="415884" bench-name="pb_real_30_0300_10_13.smt2" config-id="1815" config-name="default" job-space-id="46436" job-space-path="QF_UFLRA/mathsat/RandomCoupled" solver-id="1286" solver-name="Z3-4.3.2.a054b099c1d6-x64-debian-6.0.6-SMT-COMP-2014"/>
<JobPair bench-id="415889" bench-name="pb_real_30_0300_10_18.smt2" config-id="1778" config-name="default" job-space-id="46436" job-space-path="QF_UFLRA/mathsat/RandomCoupled" solver-id="1257" solver-name="CVC4 f7118b2"/>
<JobPair bench-id="415889" bench-name="pb_real_30_0300_10_18.smt2" config-id="1781" config-name="default" job-space-id="46436" job-space-path="QF_UFLRA/mathsat/RandomCoupled" solver-id="1259" solver-name="Yices-2.2.1-smtcomp2014"/>
<JobPair bench-id="415889" bench-name="pb_real_30_0300_10_18.smt2" config-id="1815" config-name="default" job-space-id="46436" job-space-path="QF_UFLRA/mathsat/RandomCoupled" solver-id="1286" solver-name="Z3-4.3.2.a054b099c1d6-x64-debian-6.0.6-SMT-COMP-2014"/>
<JobPair bench-id="415901" bench-name="pb_real_30_0450_10_10.smt2" config-id="1778" config-name="default" job-space-id="46436" job-space-path="QF_UFLRA/mathsat/RandomCoupled" solver-id="1257" solver-name="CVC4 f7118b2"/>
<JobPair bench-id="415901" bench-name="pb_real_30_0450_10_10.smt2" config-id="1781" config-name="default" job-space-id="46436" job-space-path="QF_UFLRA/mathsat/RandomCoupled" solver-id="1259" solver-name="Yices-2.2.1-smtcomp2014"/>
<JobPair bench-id="415901" bench-name="pb_real_30_0450_10_10.smt2" config-id="1815" config-name="default" job-space-id="46436" job-space-path="QF_UFLRA/mathsat/RandomCoupled" solver-id="1286" solver-name="Z3-4.3.2.a054b099c1d6-x64-debian-6.0.6-SMT-COMP-2014"/>
<JobPair bench-id="415903" bench-name="pb_real_30_0450_10_12.smt2" config-id="1778" config-name="default" job-space-id="46436" job-space-path="QF_UFLRA/mathsat/RandomCoupled" solver-id="1257" solver-name="CVC4 f7118b2"/>
<JobPair bench-id="415903" bench-name="pb_real_30_0450_10_12.smt2" config-id="1781" config-name="default" job-space-id="46436" job-space-path="QF_UFLRA/mathsat/RandomCoupled" solver-id="1259" solver-name="Yices-2.2.1-smtcomp2014"/>
<JobPair bench-id="415903" bench-name="pb_real_30_0450_10_12.smt2" config-id="1815" config-name="default" job-space-id="46436" job-space-path="QF_UFLRA/mathsat/RandomCoupled" solver-id="1286" solver-name="Z3-4.3.2.a054b099c1d6-x64-debian-6.0.6-SMT-COMP-2014"/>
<JobPair bench-id="415905" bench-name="pb_real_30_0450_10_14.smt2" config-id="1778" config-name="default" job-space-id="46436" job-space-path="QF_UFLRA/mathsat/RandomCoupled" solver-id="1257" solver-name="CVC4 f7118b2"/>
<JobPair bench-id="415905" bench-name="pb_real_30_0450_10_14.smt2" config-id="1781" config-name="default" job-space-id="46436" job-space-path="QF_UFLRA/mathsat/RandomCoupled" solver-id="1259" solver-name="Yices-2.2.1-smtcomp2014"/>
<JobPair bench-id="415905" bench-name="pb_real_30_0450_10_14.smt2" config-id="1815" config-name="default" job-space-id="46436" job-space-path="QF_UFLRA/mathsat/RandomCoupled" solver-id="1286" solver-name="Z3-4.3.2.a054b099c1d6-x64-debian-6.0.6-SMT-COMP-2014"/>
<JobPair bench-id="415909" bench-name="pb_real_30_0450_10_18.smt2" config-id="1778" config-name="default" job-space-id="46436" job-space-path="QF_UFLRA/mathsat/RandomCoupled" solver-id="1257" solver-name="CVC4 f7118b2"/>
<JobPair bench-id="415909" bench-name="pb_real_30_0450_10_18.smt2" config-id="1781" config-name="default" job-space-id="46436" job-space-path="QF_UFLRA/mathsat/RandomCoupled" solver-id="1259" solver-name="Yices-2.2.1-smtcomp2014"/>
<JobPair bench-id="415909" bench-name="pb_real_30_0450_10_18.smt2" config-id="1815" config-name="default" job-space-id="46436" job-space-path="QF_UFLRA/mathsat/RandomCoupled" solver-id="1286" solver-name="Z3-4.3.2.a054b099c1d6-x64-debian-6.0.6-SMT-COMP-2014"/>
<JobPair bench-id="415910" bench-name="pb_real_30_0450_10_19.smt2" config-id="1778" config-name="default" job-space-id="46436" job-space-path="QF_UFLRA/mathsat/RandomCoupled" solver-id="1257" solver-name="CVC4 f7118b2"/>
<JobPair bench-id="415910" bench-name="pb_real_30_0450_10_19.smt2" config-id="1781" config-name="default" job-space-id="46436" job-space-path="QF_UFLRA/mathsat/RandomCoupled" solver-id="1259" solver-name="Yices-2.2.1-smtcomp2014"/>
<JobPair bench-id="415910" bench-name="pb_real_30_0450_10_19.smt2" config-id="1815" config-name="default" job-space-id="46436" job-space-path="QF_UFLRA/mathsat/RandomCoupled" solver-id="1286" solver-name="Z3-4.3.2.a054b099c1d6-x64-debian-6.0.6-SMT-COMP-2014"/>
<JobPair bench-id="415912" bench-name="pb_real_30_0450_10_21.smt2" config-id="1778" config-name="default" job-space-id="46436" job-space-path="QF_UFLRA/mathsat/RandomCoupled" solver-id="1257" solver-name="CVC4 f7118b2"/>
<JobPair bench-id="415912" bench-name="pb_real_30_0450_10_21.smt2" config-id="1781" config-name="default" job-space-id="46436" job-space-path="QF_UFLRA/mathsat/RandomCoupled" solver-id="1259" solver-name="Yices-2.2.1-smtcomp2014"/>
<JobPair bench-id="415912" bench-name="pb_real_30_0450_10_21.smt2" config-id="1815" config-name="default" job-space-id="46436" job-space-path="QF_UFLRA/mathsat/RandomCoupled" solver-id="1286" solver-name="Z3-4.3.2.a054b099c1d6-x64-debian-6.0.6-SMT-COMP-2014"/>
<JobPair bench-id="415913" bench-name="pb_real_30_0450_10_22.smt2" config-id="1778" config-name="default" job-space-id="46436" job-space-path="QF_UFLRA/mathsat/RandomCoupled" solver-id="1257" solver-name="CVC4 f7118b2"/>
<JobPair bench-id="415913" bench-name="pb_real_30_0450_10_22.smt2" config-id="1781" config-name="default" job-space-id="46436" job-space-path="QF_UFLRA/mathsat/RandomCoupled" solver-id="1259" solver-name="Yices-2.2.1-smtcomp2014"/>
<JobPair bench-id="415913" bench-name="pb_real_30_0450_10_22.smt2" config-id="1815" config-name="default" job-space-id="46436" job-space-path="QF_UFLRA/mathsat/RandomCoupled" solver-id="1286" solver-name="Z3-4.3.2.a054b099c1d6-x64-debian-6.0.6-SMT-COMP-2014"/>
<JobPair bench-id="415923" bench-name="pb_real_30_0600_10_12.smt2" config-id="1778" config-name="default" job-space-id="46436" job-space-path="QF_UFLRA/mathsat/RandomCoupled" solver-id="1257" solver-name="CVC4 f7118b2"/>
<JobPair bench-id="415923" bench-name="pb_real_30_0600_10_12.smt2" config-id="1781" config-name="default" job-space-id="46436" job-space-path="QF_UFLRA/mathsat/RandomCoupled" solver-id="1259" solver-name="Yices-2.2.1-smtcomp2014"/>
<JobPair bench-id="415923" bench-name="pb_real_30_0600_10_12.smt2" config-id="1815" config-name="default" job-space-id="46436" job-space-path="QF_UFLRA/mathsat/RandomCoupled" solver-id="1286" solver-name="Z3-4.3.2.a054b099c1d6-x64-debian-6.0.6-SMT-COMP-2014"/>
<JobPair bench-id="415928" bench-name="pb_real_30_0600_10_17.smt2" config-id="1778" config-name="default" job-space-id="46436" job-space-path="QF_UFLRA/mathsat/RandomCoupled" solver-id="1257" solver-name="CVC4 f7118b2"/>
<JobPair bench-id="415928" bench-name="pb_real_30_0600_10_17.smt2" config-id="1781" config-name="default" job-space-id="46436" job-space-path="QF_UFLRA/mathsat/RandomCoupled" solver-id="1259" solver-name="Yices-2.2.1-smtcomp2014"/>
<JobPair bench-id="415928" bench-name="pb_real_30_0600_10_17.smt2" config-id="1815" config-name="default" job-space-id="46436" job-space-path="QF_UFLRA/mathsat/RandomCoupled" solver-id="1286" solver-name="Z3-4.3.2.a054b099c1d6-x64-debian-6.0.6-SMT-COMP-2014"/>
<JobPair bench-id="415929" bench-name="pb_real_30_0600_10_18.smt2" config-id="1778" config-name="default" job-space-id="46436" job-space-path="QF_UFLRA/mathsat/RandomCoupled" solver-id="1257" solver-name="CVC4 f7118b2"/>
<JobPair bench-id="415929" bench-name="pb_real_30_0600_10_18.smt2" config-id="1781" config-name="default" job-space-id="46436" job-space-path="QF_UFLRA/mathsat/RandomCoupled" solver-id="1259" solver-name="Yices-2.2.1-smtcomp2014"/>
<JobPair bench-id="415929" bench-name="pb_real_30_0600_10_18.smt2" config-id="1815" config-name="default" job-space-id="46436" job-space-path="QF_UFLRA/mathsat/RandomCoupled" solver-id="1286" solver-name="Z3-4.3.2.a054b099c1d6-x64-debian-6.0.6-SMT-COMP-2014"/>
<JobPair bench-id="415930" bench-name="pb_real_30_0600_10_19.smt2" config-id="1778" config-name="default" job-space-id="46436" job-space-path="QF_UFLRA/mathsat/RandomCoupled" solver-id="1257" solver-name="CVC4 f7118b2"/>
<JobPair bench-id="415930" bench-name="pb_real_30_0600_10_19.smt2" config-id="1781" config-name="default" job-space-id="46436" job-space-path="QF_UFLRA/mathsat/RandomCoupled" solver-id="1259" solver-name="Yices-2.2.1-smtcomp2014"/>
<JobPair bench-id="415930" bench-name="pb_real_30_0600_10_19.smt2" config-id="1815" config-name="default" job-space-id="46436" job-space-path="QF_UFLRA/mathsat/RandomCoupled" solver-id="1286" solver-name="Z3-4.3.2.a054b099c1d6-x64-debian-6.0.6-SMT-COMP-2014"/>
<JobPair bench-id="415932" bench-name="pb_real_30_0600_10_21.smt2" config-id="1778" config-name="default" job-space-id="46436" job-space-path="QF_UFLRA/mathsat/RandomCoupled" solver-id="1257" solver-name="CVC4 f7118b2"/>
<JobPair bench-id="415932" bench-name="pb_real_30_0600_10_21.smt2" config-id="1781" config-name="default" job-space-id="46436" job-space-path="QF_UFLRA/mathsat/RandomCoupled" solver-id="1259" solver-name="Yices-2.2.1-smtcomp2014"/>
<JobPair bench-id="415932" bench-name="pb_real_30_0600_10_21.smt2" config-id="1815" config-name="default" job-space-id="46436" job-space-path="QF_UFLRA/mathsat/RandomCoupled" solver-id="1286" solver-name="Z3-4.3.2.a054b099c1d6-x64-debian-6.0.6-SMT-COMP-2014"/>
<JobPair bench-id="415933" bench-name="pb_real_30_0600_10_22.smt2" config-id="1778" config-name="default" job-space-id="46436" job-space-path="QF_UFLRA/mathsat/RandomCoupled" solver-id="1257" solver-name="CVC4 f7118b2"/>
<JobPair bench-id="415933" bench-name="pb_real_30_0600_10_22.smt2" config-id="1781" config-name="default" job-space-id="46436" job-space-path="QF_UFLRA/mathsat/RandomCoupled" solver-id="1259" solver-name="Yices-2.2.1-smtcomp2014"/>
<JobPair bench-id="415933" bench-name="pb_real_30_0600_10_22.smt2" config-id="1815" config-name="default" job-space-id="46436" job-space-path="QF_UFLRA/mathsat/RandomCoupled" solver-id="1286" solver-name="Z3-4.3.2.a054b099c1d6-x64-debian-6.0.6-SMT-COMP-2014"/>
<JobPair bench-id="415936" bench-name="pb_real_30_0600_10_25.smt2" config-id="1778" config-name="default" job-space-id="46436" job-space-path="QF_UFLRA/mathsat/RandomCoupled" solver-id="1257" solver-name="CVC4 f7118b2"/>
<JobPair bench-id="415936" bench-name="pb_real_30_0600_10_25.smt2" config-id="1781" config-name="default" job-space-id="46436" job-space-path="QF_UFLRA/mathsat/RandomCoupled" solver-id="1259" solver-name="Yices-2.2.1-smtcomp2014"/>
<JobPair bench-id="415936" bench-name="pb_real_30_0600_10_25.smt2" config-id="1815" config-name="default" job-space-id="46436" job-space-path="QF_UFLRA/mathsat/RandomCoupled" solver-id="1286" solver-name="Z3-4.3.2.a054b099c1d6-x64-debian-6.0.6-SMT-COMP-2014"/>
<JobPair bench-id="415937" bench-name="pb_real_30_0600_10_26.smt2" config-id="1778" config-name="default" job-space-id="46436" job-space-path="QF_UFLRA/mathsat/RandomCoupled" solver-id="1257" solver-name="CVC4 f7118b2"/>
<JobPair bench-id="415937" bench-name="pb_real_30_0600_10_26.smt2" config-id="1781" config-name="default" job-space-id="46436" job-space-path="QF_UFLRA/mathsat/RandomCoupled" solver-id="1259" solver-name="Yices-2.2.1-smtcomp2014"/>
<JobPair bench-id="415937" bench-name="pb_real_30_0600_10_26.smt2" config-id="1815" config-name="default" job-space-id="46436" job-space-path="QF_UFLRA/mathsat/RandomCoupled" solver-id="1286" solver-name="Z3-4.3.2.a054b099c1d6-x64-debian-6.0.6-SMT-COMP-2014"/>
<JobPair bench-id="415981" bench-name="pb_real_40_0400_10_10.smt2" config-id="1778" config-name="default" job-space-id="46436" job-space-path="QF_UFLRA/mathsat/RandomCoupled" solver-id="1257" solver-name="CVC4 f7118b2"/>
<JobPair bench-id="415981" bench-name="pb_real_40_0400_10_10.smt2" config-id="1781" config-name="default" job-space-id="46436" job-space-path="QF_UFLRA/mathsat/RandomCoupled" solver-id="1259" solver-name="Yices-2.2.1-smtcomp2014"/>
<JobPair bench-id="415981" bench-name="pb_real_40_0400_10_10.smt2" config-id="1815" config-name="default" job-space-id="46436" job-space-path="QF_UFLRA/mathsat/RandomCoupled" solver-id="1286" solver-name="Z3-4.3.2.a054b099c1d6-x64-debian-6.0.6-SMT-COMP-2014"/>
<JobPair bench-id="415982" bench-name="pb_real_40_0400_10_11.smt2" config-id="1778" config-name="default" job-space-id="46436" job-space-path="QF_UFLRA/mathsat/RandomCoupled" solver-id="1257" solver-name="CVC4 f7118b2"/>
<JobPair bench-id="415982" bench-name="pb_real_40_0400_10_11.smt2" config-id="1781" config-name="default" job-space-id="46436" job-space-path="QF_UFLRA/mathsat/RandomCoupled" solver-id="1259" solver-name="Yices-2.2.1-smtcomp2014"/>
<JobPair bench-id="415982" bench-name="pb_real_40_0400_10_11.smt2" config-id="1815" config-name="default" job-space-id="46436" job-space-path="QF_UFLRA/mathsat/RandomCoupled" solver-id="1286" solver-name="Z3-4.3.2.a054b099c1d6-x64-debian-6.0.6-SMT-COMP-2014"/>
<JobPair bench-id="415983" bench-name="pb_real_40_0400_10_12.smt2" config-id="1778" config-name="default" job-space-id="46436" job-space-path="QF_UFLRA/mathsat/RandomCoupled" solver-id="1257" solver-name="CVC4 f7118b2"/>
<JobPair bench-id="415983" bench-name="pb_real_40_0400_10_12.smt2" config-id="1781" config-name="default" job-space-id="46436" job-space-path="QF_UFLRA/mathsat/RandomCoupled" solver-id="1259" solver-name="Yices-2.2.1-smtcomp2014"/>
<JobPair bench-id="415983" bench-name="pb_real_40_0400_10_12.smt2" config-id="1815" config-name="default" job-space-id="46436" job-space-path="QF_UFLRA/mathsat/RandomCoupled" solver-id="1286" solver-name="Z3-4.3.2.a054b099c1d6-x64-debian-6.0.6-SMT-COMP-2014"/>
<JobPair bench-id="415985" bench-name="pb_real_40_0400_10_14.smt2" config-id="1778" config-name="default" job-space-id="46436" job-space-path="QF_UFLRA/mathsat/RandomCoupled" solver-id="1257" solver-name="CVC4 f7118b2"/>
<JobPair bench-id="415985" bench-name="pb_real_40_0400_10_14.smt2" config-id="1781" config-name="default" job-space-id="46436" job-space-path="QF_UFLRA/mathsat/RandomCoupled" solver-id="1259" solver-name="Yices-2.2.1-smtcomp2014"/>
<JobPair bench-id="415985" bench-name="pb_real_40_0400_10_14.smt2" config-id="1815" config-name="default" job-space-id="46436" job-space-path="QF_UFLRA/mathsat/RandomCoupled" solver-id="1286" solver-name="Z3-4.3.2.a054b099c1d6-x64-debian-6.0.6-SMT-COMP-2014"/>
<JobPair bench-id="415986" bench-name="pb_real_40_0400_10_15.smt2" config-id="1778" config-name="default" job-space-id="46436" job-space-path="QF_UFLRA/mathsat/RandomCoupled" solver-id="1257" solver-name="CVC4 f7118b2"/>
<JobPair bench-id="415986" bench-name="pb_real_40_0400_10_15.smt2" config-id="1781" config-name="default" job-space-id="46436" job-space-path="QF_UFLRA/mathsat/RandomCoupled" solver-id="1259" solver-name="Yices-2.2.1-smtcomp2014"/>
<JobPair bench-id="415986" bench-name="pb_real_40_0400_10_15.smt2" config-id="1815" config-name="default" job-space-id="46436" job-space-path="QF_UFLRA/mathsat/RandomCoupled" solver-id="1286" solver-name="Z3-4.3.2.a054b099c1d6-x64-debian-6.0.6-SMT-COMP-2014"/>
<JobPair bench-id="415987" bench-name="pb_real_40_0400_10_16.smt2" config-id="1778" config-name="default" job-space-id="46436" job-space-path="QF_UFLRA/mathsat/RandomCoupled" solver-id="1257" solver-name="CVC4 f7118b2"/>
<JobPair bench-id="415987" bench-name="pb_real_40_0400_10_16.smt2" config-id="1781" config-name="default" job-space-id="46436" job-space-path="QF_UFLRA/mathsat/RandomCoupled" solver-id="1259" solver-name="Yices-2.2.1-smtcomp2014"/>
<JobPair bench-id="415987" bench-name="pb_real_40_0400_10_16.smt2" config-id="1815" config-name="default" job-space-id="46436" job-space-path="QF_UFLRA/mathsat/RandomCoupled" solver-id="1286" solver-name="Z3-4.3.2.a054b099c1d6-x64-debian-6.0.6-SMT-COMP-2014"/>
<JobPair bench-id="415990" bench-name="pb_real_40_0400_10_19.smt2" config-id="1778" config-name="default" job-space-id="46436" job-space-path="QF_UFLRA/mathsat/RandomCoupled" solver-id="1257" solver-name="CVC4 f7118b2"/>
<JobPair bench-id="415990" bench-name="pb_real_40_0400_10_19.smt2" config-id="1781" config-name="default" job-space-id="46436" job-space-path="QF_UFLRA/mathsat/RandomCoupled" solver-id="1259" solver-name="Yices-2.2.1-smtcomp2014"/>
<JobPair bench-id="415990" bench-name="pb_real_40_0400_10_19.smt2" config-id="1815" config-name="default" job-space-id="46436" job-space-path="QF_UFLRA/mathsat/RandomCoupled" solver-id="1286" solver-name="Z3-4.3.2.a054b099c1d6-x64-debian-6.0.6-SMT-COMP-2014"/>
<JobPair bench-id="415991" bench-name="pb_real_40_0400_10_20.smt2" config-id="1778" config-name="default" job-space-id="46436" job-space-path="QF_UFLRA/mathsat/RandomCoupled" solver-id="1257" solver-name="CVC4 f7118b2"/>
<JobPair bench-id="415991" bench-name="pb_real_40_0400_10_20.smt2" config-id="1781" config-name="default" job-space-id="46436" job-space-path="QF_UFLRA/mathsat/RandomCoupled" solver-id="1259" solver-name="Yices-2.2.1-smtcomp2014"/>
<JobPair bench-id="415991" bench-name="pb_real_40_0400_10_20.smt2" config-id="1815" config-name="default" job-space-id="46436" job-space-path="QF_UFLRA/mathsat/RandomCoupled" solver-id="1286" solver-name="Z3-4.3.2.a054b099c1d6-x64-debian-6.0.6-SMT-COMP-2014"/>
<JobPair bench-id="415994" bench-name="pb_real_40_0400_10_23.smt2" config-id="1778" config-name="default" job-space-id="46436" job-space-path="QF_UFLRA/mathsat/RandomCoupled" solver-id="1257" solver-name="CVC4 f7118b2"/>
<JobPair bench-id="415994" bench-name="pb_real_40_0400_10_23.smt2" config-id="1781" config-name="default" job-space-id="46436" job-space-path="QF_UFLRA/mathsat/RandomCoupled" solver-id="1259" solver-name="Yices-2.2.1-smtcomp2014"/>
<JobPair bench-id="415994" bench-name="pb_real_40_0400_10_23.smt2" config-id="1815" config-name="default" job-space-id="46436" job-space-path="QF_UFLRA/mathsat/RandomCoupled" solver-id="1286" solver-name="Z3-4.3.2.a054b099c1d6-x64-debian-6.0.6-SMT-COMP-2014"/>
<JobPair bench-id="415995" bench-name="pb_real_40_0400_10_24.smt2" config-id="1778" config-name="default" job-space-id="46436" job-space-path="QF_UFLRA/mathsat/RandomCoupled" solver-id="1257" solver-name="CVC4 f7118b2"/>
<JobPair bench-id="415995" bench-name="pb_real_40_0400_10_24.smt2" config-id="1781" config-name="default" job-space-id="46436" job-space-path="QF_UFLRA/mathsat/RandomCoupled" solver-id="1259" solver-name="Yices-2.2.1-smtcomp2014"/>
<JobPair bench-id="415995" bench-name="pb_real_40_0400_10_24.smt2" config-id="1815" config-name="default" job-space-id="46436" job-space-path="QF_UFLRA/mathsat/RandomCoupled" solver-id="1286" solver-name="Z3-4.3.2.a054b099c1d6-x64-debian-6.0.6-SMT-COMP-2014"/>
<JobPair bench-id="415997" bench-name="pb_real_40_0400_10_26.smt2" config-id="1778" config-name="default" job-space-id="46436" job-space-path="QF_UFLRA/mathsat/RandomCoupled" solver-id="1257" solver-name="CVC4 f7118b2"/>
<JobPair bench-id="415997" bench-name="pb_real_40_0400_10_26.smt2" config-id="1781" config-name="default" job-space-id="46436" job-space-path="QF_UFLRA/mathsat/RandomCoupled" solver-id="1259" solver-name="Yices-2.2.1-smtcomp2014"/>
<JobPair bench-id="415997" bench-name="pb_real_40_0400_10_26.smt2" config-id="1815" config-name="default" job-space-id="46436" job-space-path="QF_UFLRA/mathsat/RandomCoupled" solver-id="1286" solver-name="Z3-4.3.2.a054b099c1d6-x64-debian-6.0.6-SMT-COMP-2014"/>
<JobPair bench-id="415998" bench-name="pb_real_40_0400_10_27.smt2" config-id="1778" config-name="default" job-space-id="46436" job-space-path="QF_UFLRA/mathsat/RandomCoupled" solver-id="1257" solver-name="CVC4 f7118b2"/>
<JobPair bench-id="415998" bench-name="pb_real_40_0400_10_27.smt2" config-id="1781" config-name="default" job-space-id="46436" job-space-path="QF_UFLRA/mathsat/RandomCoupled" solver-id="1259" solver-name="Yices-2.2.1-smtcomp2014"/>
<JobPair bench-id="415998" bench-name="pb_real_40_0400_10_27.smt2" config-id="1815" config-name="default" job-space-id="46436" job-space-path="QF_UFLRA/mathsat/RandomCoupled" solver-id="1286" solver-name="Z3-4.3.2.a054b099c1d6-x64-debian-6.0.6-SMT-COMP-2014"/>
<JobPair bench-id="416001" bench-name="pb_real_40_0600_10_10.smt2" config-id="1778" config-name="default" job-space-id="46436" job-space-path="QF_UFLRA/mathsat/RandomCoupled" solver-id="1257" solver-name="CVC4 f7118b2"/>
<JobPair bench-id="416001" bench-name="pb_real_40_0600_10_10.smt2" config-id="1781" config-name="default" job-space-id="46436" job-space-path="QF_UFLRA/mathsat/RandomCoupled" solver-id="1259" solver-name="Yices-2.2.1-smtcomp2014"/>
<JobPair bench-id="416001" bench-name="pb_real_40_0600_10_10.smt2" config-id="1815" config-name="default" job-space-id="46436" job-space-path="QF_UFLRA/mathsat/RandomCoupled" solver-id="1286" solver-name="Z3-4.3.2.a054b099c1d6-x64-debian-6.0.6-SMT-COMP-2014"/>
<JobPair bench-id="416002" bench-name="pb_real_40_0600_10_11.smt2" config-id="1778" config-name="default" job-space-id="46436" job-space-path="QF_UFLRA/mathsat/RandomCoupled" solver-id="1257" solver-name="CVC4 f7118b2"/>
<JobPair bench-id="416002" bench-name="pb_real_40_0600_10_11.smt2" config-id="1781" config-name="default" job-space-id="46436" job-space-path="QF_UFLRA/mathsat/RandomCoupled" solver-id="1259" solver-name="Yices-2.2.1-smtcomp2014"/>
<JobPair bench-id="416002" bench-name="pb_real_40_0600_10_11.smt2" config-id="1815" config-name="default" job-space-id="46436" job-space-path="QF_UFLRA/mathsat/RandomCoupled" solver-id="1286" solver-name="Z3-4.3.2.a054b099c1d6-x64-debian-6.0.6-SMT-COMP-2014"/>
<JobPair bench-id="416003" bench-name="pb_real_40_0600_10_12.smt2" config-id="1778" config-name="default" job-space-id="46436" job-space-path="QF_UFLRA/mathsat/RandomCoupled" solver-id="1257" solver-name="CVC4 f7118b2"/>
<JobPair bench-id="416003" bench-name="pb_real_40_0600_10_12.smt2" config-id="1781" config-name="default" job-space-id="46436" job-space-path="QF_UFLRA/mathsat/RandomCoupled" solver-id="1259" solver-name="Yices-2.2.1-smtcomp2014"/>
<JobPair bench-id="416003" bench-name="pb_real_40_0600_10_12.smt2" config-id="1815" config-name="default" job-space-id="46436" job-space-path="QF_UFLRA/mathsat/RandomCoupled" solver-id="1286" solver-name="Z3-4.3.2.a054b099c1d6-x64-debian-6.0.6-SMT-COMP-2014"/>
<JobPair bench-id="416004" bench-name="pb_real_40_0600_10_13.smt2" config-id="1778" config-name="default" job-space-id="46436" job-space-path="QF_UFLRA/mathsat/RandomCoupled" solver-id="1257" solver-name="CVC4 f7118b2"/>
<JobPair bench-id="416004" bench-name="pb_real_40_0600_10_13.smt2" config-id="1781" config-name="default" job-space-id="46436" job-space-path="QF_UFLRA/mathsat/RandomCoupled" solver-id="1259" solver-name="Yices-2.2.1-smtcomp2014"/>
<JobPair bench-id="416004" bench-name="pb_real_40_0600_10_13.smt2" config-id="1815" config-name="default" job-space-id="46436" job-space-path="QF_UFLRA/mathsat/RandomCoupled" solver-id="1286" solver-name="Z3-4.3.2.a054b099c1d6-x64-debian-6.0.6-SMT-COMP-2014"/>
<JobPair bench-id="416005" bench-name="pb_real_40_0600_10_14.smt2" config-id="1778" config-name="default" job-space-id="46436" job-space-path="QF_UFLRA/mathsat/RandomCoupled" solver-id="1257" solver-name="CVC4 f7118b2"/>
<JobPair bench-id="416005" bench-name="pb_real_40_0600_10_14.smt2" config-id="1781" config-name="default" job-space-id="46436" job-space-path="QF_UFLRA/mathsat/RandomCoupled" solver-id="1259" solver-name="Yices-2.2.1-smtcomp2014"/>
<JobPair bench-id="416005" bench-name="pb_real_40_0600_10_14.smt2" config-id="1815" config-name="default" job-space-id="46436" job-space-path="QF_UFLRA/mathsat/RandomCoupled" solver-id="1286" solver-name="Z3-4.3.2.a054b099c1d6-x64-debian-6.0.6-SMT-COMP-2014"/>
<JobPair bench-id="416007" bench-name="pb_real_40_0600_10_16.smt2" config-id="1778" config-name="default" job-space-id="46436" job-space-path="QF_UFLRA/mathsat/RandomCoupled" solver-id="1257" solver-name="CVC4 f7118b2"/>
<JobPair bench-id="416007" bench-name="pb_real_40_0600_10_16.smt2" config-id="1781" config-name="default" job-space-id="46436" job-space-path="QF_UFLRA/mathsat/RandomCoupled" solver-id="1259" solver-name="Yices-2.2.1-smtcomp2014"/>
<JobPair bench-id="416007" bench-name="pb_real_40_0600_10_16.smt2" config-id="1815" config-name="default" job-space-id="46436" job-space-path="QF_UFLRA/mathsat/RandomCoupled" solver-id="1286" solver-name="Z3-4.3.2.a054b099c1d6-x64-debian-6.0.6-SMT-COMP-2014"/>
<JobPair bench-id="416008" bench-name="pb_real_40_0600_10_17.smt2" config-id="1778" config-name="default" job-space-id="46436" job-space-path="QF_UFLRA/mathsat/RandomCoupled" solver-id="1257" solver-name="CVC4 f7118b2"/>
<JobPair bench-id="416008" bench-name="pb_real_40_0600_10_17.smt2" config-id="1781" config-name="default" job-space-id="46436" job-space-path="QF_UFLRA/mathsat/RandomCoupled" solver-id="1259" solver-name="Yices-2.2.1-smtcomp2014"/>
<JobPair bench-id="416008" bench-name="pb_real_40_0600_10_17.smt2" config-id="1815" config-name="default" job-space-id="46436" job-space-path="QF_UFLRA/mathsat/RandomCoupled" solver-id="1286" solver-name="Z3-4.3.2.a054b099c1d6-x64-debian-6.0.6-SMT-COMP-2014"/>
<JobPair bench-id="416009" bench-name="pb_real_40_0600_10_18.smt2" config-id="1778" config-name="default" job-space-id="46436" job-space-path="QF_UFLRA/mathsat/RandomCoupled" solver-id="1257" solver-name="CVC4 f7118b2"/>
<JobPair bench-id="416009" bench-name="pb_real_40_0600_10_18.smt2" config-id="1781" config-name="default" job-space-id="46436" job-space-path="QF_UFLRA/mathsat/RandomCoupled" solver-id="1259" solver-name="Yices-2.2.1-smtcomp2014"/>
<JobPair bench-id="416009" bench-name="pb_real_40_0600_10_18.smt2" config-id="1815" config-name="default" job-space-id="46436" job-space-path="QF_UFLRA/mathsat/RandomCoupled" solver-id="1286" solver-name="Z3-4.3.2.a054b099c1d6-x64-debian-6.0.6-SMT-COMP-2014"/>
<JobPair bench-id="416010" bench-name="pb_real_40_0600_10_19.smt2" config-id="1778" config-name="default" job-space-id="46436" job-space-path="QF_UFLRA/mathsat/RandomCoupled" solver-id="1257" solver-name="CVC4 f7118b2"/>
<JobPair bench-id="416010" bench-name="pb_real_40_0600_10_19.smt2" config-id="1781" config-name="default" job-space-id="46436" job-space-path="QF_UFLRA/mathsat/RandomCoupled" solver-id="1259" solver-name="Yices-2.2.1-smtcomp2014"/>
<JobPair bench-id="416010" bench-name="pb_real_40_0600_10_19.smt2" config-id="1815" config-name="default" job-space-id="46436" job-space-path="QF_UFLRA/mathsat/RandomCoupled" solver-id="1286" solver-name="Z3-4.3.2.a054b099c1d6-x64-debian-6.0.6-SMT-COMP-2014"/>
<JobPair bench-id="416011" bench-name="pb_real_40_0600_10_20.smt2" config-id="1778" config-name="default" job-space-id="46436" job-space-path="QF_UFLRA/mathsat/RandomCoupled" solver-id="1257" solver-name="CVC4 f7118b2"/>
<JobPair bench-id="416011" bench-name="pb_real_40_0600_10_20.smt2" config-id="1781" config-name="default" job-space-id="46436" job-space-path="QF_UFLRA/mathsat/RandomCoupled" solver-id="1259" solver-name="Yices-2.2.1-smtcomp2014"/>
<JobPair bench-id="416011" bench-name="pb_real_40_0600_10_20.smt2" config-id="1815" config-name="default" job-space-id="46436" job-space-path="QF_UFLRA/mathsat/RandomCoupled" solver-id="1286" solver-name="Z3-4.3.2.a054b099c1d6-x64-debian-6.0.6-SMT-COMP-2014"/>
<JobPair bench-id="416012" bench-name="pb_real_40_0600_10_21.smt2" config-id="1778" config-name="default" job-space-id="46436" job-space-path="QF_UFLRA/mathsat/RandomCoupled" solver-id="1257" solver-name="CVC4 f7118b2"/>
<JobPair bench-id="416012" bench-name="pb_real_40_0600_10_21.smt2" config-id="1781" config-name="default" job-space-id="46436" job-space-path="QF_UFLRA/mathsat/RandomCoupled" solver-id="1259" solver-name="Yices-2.2.1-smtcomp2014"/>
<JobPair bench-id="416012" bench-name="pb_real_40_0600_10_21.smt2" config-id="1815" config-name="default" job-space-id="46436" job-space-path="QF_UFLRA/mathsat/RandomCoupled" solver-id="1286" solver-name="Z3-4.3.2.a054b099c1d6-x64-debian-6.0.6-SMT-COMP-2014"/>
<JobPair bench-id="416013" bench-name="pb_real_40_0600_10_22.smt2" config-id="1778" config-name="default" job-space-id="46436" job-space-path="QF_UFLRA/mathsat/RandomCoupled" solver-id="1257" solver-name="CVC4 f7118b2"/>
<JobPair bench-id="416013" bench-name="pb_real_40_0600_10_22.smt2" config-id="1781" config-name="default" job-space-id="46436" job-space-path="QF_UFLRA/mathsat/RandomCoupled" solver-id="1259" solver-name="Yices-2.2.1-smtcomp2014"/>
<JobPair bench-id="416013" bench-name="pb_real_40_0600_10_22.smt2" config-id="1815" config-name="default" job-space-id="46436" job-space-path="QF_UFLRA/mathsat/RandomCoupled" solver-id="1286" solver-name="Z3-4.3.2.a054b099c1d6-x64-debian-6.0.6-SMT-COMP-2014"/>
<JobPair bench-id="416014" bench-name="pb_real_40_0600_10_23.smt2" config-id="1778" config-name="default" job-space-id="46436" job-space-path="QF_UFLRA/mathsat/RandomCoupled" solver-id="1257" solver-name="CVC4 f7118b2"/>
<JobPair bench-id="416014" bench-name="pb_real_40_0600_10_23.smt2" config-id="1781" config-name="default" job-space-id="46436" job-space-path="QF_UFLRA/mathsat/RandomCoupled" solver-id="1259" solver-name="Yices-2.2.1-smtcomp2014"/>
<JobPair bench-id="416014" bench-name="pb_real_40_0600_10_23.smt2" config-id="1815" config-name="default" job-space-id="46436" job-space-path="QF_UFLRA/mathsat/RandomCoupled" solver-id="1286" solver-name="Z3-4.3.2.a054b099c1d6-x64-debian-6.0.6-SMT-COMP-2014"/>
<JobPair bench-id="416015" bench-name="pb_real_40_0600_10_24.smt2" config-id="1778" config-name="default" job-space-id="46436" job-space-path="QF_UFLRA/mathsat/RandomCoupled" solver-id="1257" solver-name="CVC4 f7118b2"/>
<JobPair bench-id="416015" bench-name="pb_real_40_0600_10_24.smt2" config-id="1781" config-name="default" job-space-id="46436" job-space-path="QF_UFLRA/mathsat/RandomCoupled" solver-id="1259" solver-name="Yices-2.2.1-smtcomp2014"/>
<JobPair bench-id="416015" bench-name="pb_real_40_0600_10_24.smt2" config-id="1815" config-name="default" job-space-id="46436" job-space-path="QF_UFLRA/mathsat/RandomCoupled" solver-id="1286" solver-name="Z3-4.3.2.a054b099c1d6-x64-debian-6.0.6-SMT-COMP-2014"/>
<JobPair bench-id="416017" bench-name="pb_real_40_0600_10_26.smt2" config-id="1778" config-name="default" job-space-id="46436" job-space-path="QF_UFLRA/mathsat/RandomCoupled" solver-id="1257" solver-name="CVC4 f7118b2"/>
<JobPair bench-id="416017" bench-name="pb_real_40_0600_10_26.smt2" config-id="1781" config-name="default" job-space-id="46436" job-space-path="QF_UFLRA/mathsat/RandomCoupled" solver-id="1259" solver-name="Yices-2.2.1-smtcomp2014"/>
<JobPair bench-id="416017" bench-name="pb_real_40_0600_10_26.smt2" config-id="1815" config-name="default" job-space-id="46436" job-space-path="QF_UFLRA/mathsat/RandomCoupled" solver-id="1286" solver-name="Z3-4.3.2.a054b099c1d6-x64-debian-6.0.6-SMT-COMP-2014"/>
<JobPair bench-id="416018" bench-name="pb_real_40_0600_10_27.smt2" config-id="1778" config-name="default" job-space-id="46436" job-space-path="QF_UFLRA/mathsat/RandomCoupled" solver-id="1257" solver-name="CVC4 f7118b2"/>
<JobPair bench-id="416018" bench-name="pb_real_40_0600_10_27.smt2" config-id="1781" config-name="default" job-space-id="46436" job-space-path="QF_UFLRA/mathsat/RandomCoupled" solver-id="1259" solver-name="Yices-2.2.1-smtcomp2014"/>
<JobPair bench-id="416018" bench-name="pb_real_40_0600_10_27.smt2" config-id="1815" config-name="default" job-space-id="46436" job-space-path="QF_UFLRA/mathsat/RandomCoupled" solver-id="1286" solver-name="Z3-4.3.2.a054b099c1d6-x64-debian-6.0.6-SMT-COMP-2014"/>
<JobPair bench-id="416019" bench-name="pb_real_40_0600_10_28.smt2" config-id="1778" config-name="default" job-space-id="46436" job-space-path="QF_UFLRA/mathsat/RandomCoupled" solver-id="1257" solver-name="CVC4 f7118b2"/>
<JobPair bench-id="416019" bench-name="pb_real_40_0600_10_28.smt2" config-id="1781" config-name="default" job-space-id="46436" job-space-path="QF_UFLRA/mathsat/RandomCoupled" solver-id="1259" solver-name="Yices-2.2.1-smtcomp2014"/>
<JobPair bench-id="416019" bench-name="pb_real_40_0600_10_28.smt2" config-id="1815" config-name="default" job-space-id="46436" job-space-path="QF_UFLRA/mathsat/RandomCoupled" solver-id="1286" solver-name="Z3-4.3.2.a054b099c1d6-x64-debian-6.0.6-SMT-COMP-2014"/>
<JobPair bench-id="416020" bench-name="pb_real_40_0600_10_29.smt2" config-id="1778" config-name="default" job-space-id="46436" job-space-path="QF_UFLRA/mathsat/RandomCoupled" solver-id="1257" solver-name="CVC4 f7118b2"/>
<JobPair bench-id="416020" bench-name="pb_real_40_0600_10_29.smt2" config-id="1781" config-name="default" job-space-id="46436" job-space-path="QF_UFLRA/mathsat/RandomCoupled" solver-id="1259" solver-name="Yices-2.2.1-smtcomp2014"/>
<JobPair bench-id="416020" bench-name="pb_real_40_0600_10_29.smt2" config-id="1815" config-name="default" job-space-id="46436" job-space-path="QF_UFLRA/mathsat/RandomCoupled" solver-id="1286" solver-name="Z3-4.3.2.a054b099c1d6-x64-debian-6.0.6-SMT-COMP-2014"/>
<JobPair bench-id="416022" bench-name="pb_real_40_0800_10_11.smt2" config-id="1778" config-name="default" job-space-id="46436" job-space-path="QF_UFLRA/mathsat/RandomCoupled" solver-id="1257" solver-name="CVC4 f7118b2"/>
<JobPair bench-id="416022" bench-name="pb_real_40_0800_10_11.smt2" config-id="1781" config-name="default" job-space-id="46436" job-space-path="QF_UFLRA/mathsat/RandomCoupled" solver-id="1259" solver-name="Yices-2.2.1-smtcomp2014"/>
<JobPair bench-id="416022" bench-name="pb_real_40_0800_10_11.smt2" config-id="1815" config-name="default" job-space-id="46436" job-space-path="QF_UFLRA/mathsat/RandomCoupled" solver-id="1286" solver-name="Z3-4.3.2.a054b099c1d6-x64-debian-6.0.6-SMT-COMP-2014"/>
<JobPair bench-id="416023" bench-name="pb_real_40_0800_10_12.smt2" config-id="1778" config-name="default" job-space-id="46436" job-space-path="QF_UFLRA/mathsat/RandomCoupled" solver-id="1257" solver-name="CVC4 f7118b2"/>
<JobPair bench-id="416023" bench-name="pb_real_40_0800_10_12.smt2" config-id="1781" config-name="default" job-space-id="46436" job-space-path="QF_UFLRA/mathsat/RandomCoupled" solver-id="1259" solver-name="Yices-2.2.1-smtcomp2014"/>
<JobPair bench-id="416023" bench-name="pb_real_40_0800_10_12.smt2" config-id="1815" config-name="default" job-space-id="46436" job-space-path="QF_UFLRA/mathsat/RandomCoupled" solver-id="1286" solver-name="Z3-4.3.2.a054b099c1d6-x64-debian-6.0.6-SMT-COMP-2014"/>
<JobPair bench-id="416025" bench-name="pb_real_40_0800_10_14.smt2" config-id="1778" config-name="default" job-space-id="46436" job-space-path="QF_UFLRA/mathsat/RandomCoupled" solver-id="1257" solver-name="CVC4 f7118b2"/>
<JobPair bench-id="416025" bench-name="pb_real_40_0800_10_14.smt2" config-id="1781" config-name="default" job-space-id="46436" job-space-path="QF_UFLRA/mathsat/RandomCoupled" solver-id="1259" solver-name="Yices-2.2.1-smtcomp2014"/>
<JobPair bench-id="416025" bench-name="pb_real_40_0800_10_14.smt2" config-id="1815" config-name="default" job-space-id="46436" job-space-path="QF_UFLRA/mathsat/RandomCoupled" solver-id="1286" solver-name="Z3-4.3.2.a054b099c1d6-x64-debian-6.0.6-SMT-COMP-2014"/>
<JobPair bench-id="416027" bench-name="pb_real_40_0800_10_16.smt2" config-id="1778" config-name="default" job-space-id="46436" job-space-path="QF_UFLRA/mathsat/RandomCoupled" solver-id="1257" solver-name="CVC4 f7118b2"/>
<JobPair bench-id="416027" bench-name="pb_real_40_0800_10_16.smt2" config-id="1781" config-name="default" job-space-id="46436" job-space-path="QF_UFLRA/mathsat/RandomCoupled" solver-id="1259" solver-name="Yices-2.2.1-smtcomp2014"/>
<JobPair bench-id="416027" bench-name="pb_real_40_0800_10_16.smt2" config-id="1815" config-name="default" job-space-id="46436" job-space-path="QF_UFLRA/mathsat/RandomCoupled" solver-id="1286" solver-name="Z3-4.3.2.a054b099c1d6-x64-debian-6.0.6-SMT-COMP-2014"/>
<JobPair bench-id="416029" bench-name="pb_real_40_0800_10_18.smt2" config-id="1778" config-name="default" job-space-id="46436" job-space-path="QF_UFLRA/mathsat/RandomCoupled" solver-id="1257" solver-name="CVC4 f7118b2"/>
<JobPair bench-id="416029" bench-name="pb_real_40_0800_10_18.smt2" config-id="1781" config-name="default" job-space-id="46436" job-space-path="QF_UFLRA/mathsat/RandomCoupled" solver-id="1259" solver-name="Yices-2.2.1-smtcomp2014"/>
<JobPair bench-id="416029" bench-name="pb_real_40_0800_10_18.smt2" config-id="1815" config-name="default" job-space-id="46436" job-space-path="QF_UFLRA/mathsat/RandomCoupled" solver-id="1286" solver-name="Z3-4.3.2.a054b099c1d6-x64-debian-6.0.6-SMT-COMP-2014"/>
<JobPair bench-id="416030" bench-name="pb_real_40_0800_10_19.smt2" config-id="1778" config-name="default" job-space-id="46436" job-space-path="QF_UFLRA/mathsat/RandomCoupled" solver-id="1257" solver-name="CVC4 f7118b2"/>
<JobPair bench-id="416030" bench-name="pb_real_40_0800_10_19.smt2" config-id="1781" config-name="default" job-space-id="46436" job-space-path="QF_UFLRA/mathsat/RandomCoupled" solver-id="1259" solver-name="Yices-2.2.1-smtcomp2014"/>
<JobPair bench-id="416030" bench-name="pb_real_40_0800_10_19.smt2" config-id="1815" config-name="default" job-space-id="46436" job-space-path="QF_UFLRA/mathsat/RandomCoupled" solver-id="1286" solver-name="Z3-4.3.2.a054b099c1d6-x64-debian-6.0.6-SMT-COMP-2014"/>
<JobPair bench-id="416031" bench-name="pb_real_40_0800_10_20.smt2" config-id="1778" config-name="default" job-space-id="46436" job-space-path="QF_UFLRA/mathsat/RandomCoupled" solver-id="1257" solver-name="CVC4 f7118b2"/>
<JobPair bench-id="416031" bench-name="pb_real_40_0800_10_20.smt2" config-id="1781" config-name="default" job-space-id="46436" job-space-path="QF_UFLRA/mathsat/RandomCoupled" solver-id="1259" solver-name="Yices-2.2.1-smtcomp2014"/>
<JobPair bench-id="416031" bench-name="pb_real_40_0800_10_20.smt2" config-id="1815" config-name="default" job-space-id="46436" job-space-path="QF_UFLRA/mathsat/RandomCoupled" solver-id="1286" solver-name="Z3-4.3.2.a054b099c1d6-x64-debian-6.0.6-SMT-COMP-2014"/>
<JobPair bench-id="416032" bench-name="pb_real_40_0800_10_21.smt2" config-id="1778" config-name="default" job-space-id="46436" job-space-path="QF_UFLRA/mathsat/RandomCoupled" solver-id="1257" solver-name="CVC4 f7118b2"/>
<JobPair bench-id="416032" bench-name="pb_real_40_0800_10_21.smt2" config-id="1781" config-name="default" job-space-id="46436" job-space-path="QF_UFLRA/mathsat/RandomCoupled" solver-id="1259" solver-name="Yices-2.2.1-smtcomp2014"/>
<JobPair bench-id="416032" bench-name="pb_real_40_0800_10_21.smt2" config-id="1815" config-name="default" job-space-id="46436" job-space-path="QF_UFLRA/mathsat/RandomCoupled" solver-id="1286" solver-name="Z3-4.3.2.a054b099c1d6-x64-debian-6.0.6-SMT-COMP-2014"/>
<JobPair bench-id="416035" bench-name="pb_real_40_0800_10_24.smt2" config-id="1778" config-name="default" job-space-id="46436" job-space-path="QF_UFLRA/mathsat/RandomCoupled" solver-id="1257" solver-name="CVC4 f7118b2"/>
<JobPair bench-id="416035" bench-name="pb_real_40_0800_10_24.smt2" config-id="1781" config-name="default" job-space-id="46436" job-space-path="QF_UFLRA/mathsat/RandomCoupled" solver-id="1259" solver-name="Yices-2.2.1-smtcomp2014"/>
<JobPair bench-id="416035" bench-name="pb_real_40_0800_10_24.smt2" config-id="1815" config-name="default" job-space-id="46436" job-space-path="QF_UFLRA/mathsat/RandomCoupled" solver-id="1286" solver-name="Z3-4.3.2.a054b099c1d6-x64-debian-6.0.6-SMT-COMP-2014"/>
<JobPair bench-id="416036" bench-name="pb_real_40_0800_10_25.smt2" config-id="1778" config-name="default" job-space-id="46436" job-space-path="QF_UFLRA/mathsat/RandomCoupled" solver-id="1257" solver-name="CVC4 f7118b2"/>
<JobPair bench-id="416036" bench-name="pb_real_40_0800_10_25.smt2" config-id="1781" config-name="default" job-space-id="46436" job-space-path="QF_UFLRA/mathsat/RandomCoupled" solver-id="1259" solver-name="Yices-2.2.1-smtcomp2014"/>
<JobPair bench-id="416036" bench-name="pb_real_40_0800_10_25.smt2" config-id="1815" config-name="default" job-space-id="46436" job-space-path="QF_UFLRA/mathsat/RandomCoupled" solver-id="1286" solver-name="Z3-4.3.2.a054b099c1d6-x64-debian-6.0.6-SMT-COMP-2014"/>
<JobPair bench-id="416037" bench-name="pb_real_40_0800_10_26.smt2" config-id="1778" config-name="default" job-space-id="46436" job-space-path="QF_UFLRA/mathsat/RandomCoupled" solver-id="1257" solver-name="CVC4 f7118b2"/>
<JobPair bench-id="416037" bench-name="pb_real_40_0800_10_26.smt2" config-id="1781" config-name="default" job-space-id="46436" job-space-path="QF_UFLRA/mathsat/RandomCoupled" solver-id="1259" solver-name="Yices-2.2.1-smtcomp2014"/>
<JobPair bench-id="416037" bench-name="pb_real_40_0800_10_26.smt2" config-id="1815" config-name="default" job-space-id="46436" job-space-path="QF_UFLRA/mathsat/RandomCoupled" solver-id="1286" solver-name="Z3-4.3.2.a054b099c1d6-x64-debian-6.0.6-SMT-COMP-2014"/>
<JobPair bench-id="416038" bench-name="pb_real_40_0800_10_27.smt2" config-id="1778" config-name="default" job-space-id="46436" job-space-path="QF_UFLRA/mathsat/RandomCoupled" solver-id="1257" solver-name="CVC4 f7118b2"/>
<JobPair bench-id="416038" bench-name="pb_real_40_0800_10_27.smt2" config-id="1781" config-name="default" job-space-id="46436" job-space-path="QF_UFLRA/mathsat/RandomCoupled" solver-id="1259" solver-name="Yices-2.2.1-smtcomp2014"/>
<JobPair bench-id="416038" bench-name="pb_real_40_0800_10_27.smt2" config-id="1815" config-name="default" job-space-id="46436" job-space-path="QF_UFLRA/mathsat/RandomCoupled" solver-id="1286" solver-name="Z3-4.3.2.a054b099c1d6-x64-debian-6.0.6-SMT-COMP-2014"/>
<JobPair bench-id="416039" bench-name="pb_real_40_0800_10_28.smt2" config-id="1778" config-name="default" job-space-id="46436" job-space-path="QF_UFLRA/mathsat/RandomCoupled" solver-id="1257" solver-name="CVC4 f7118b2"/>
<JobPair bench-id="416039" bench-name="pb_real_40_0800_10_28.smt2" config-id="1781" config-name="default" job-space-id="46436" job-space-path="QF_UFLRA/mathsat/RandomCoupled" solver-id="1259" solver-name="Yices-2.2.1-smtcomp2014"/>
<JobPair bench-id="416039" bench-name="pb_real_40_0800_10_28.smt2" config-id="1815" config-name="default" job-space-id="46436" job-space-path="QF_UFLRA/mathsat/RandomCoupled" solver-id="1286" solver-name="Z3-4.3.2.a054b099c1d6-x64-debian-6.0.6-SMT-COMP-2014"/>
</Job>
</tns:Jobs>
