pair id,benchmark,benchmark id,solver,solver id,configuration,configuration id,status,cpu time,wallclock time,memory usage,result,expected
21857573,QF_UFLRA/mathsat/RandomDecoupled/pb_real_30_60_45_23.smt2,416104,CVC4 f7118b2,1257,default,1778,complete,0.06199,0.064171,0.0,sat,unknown
21857574,QF_UFLRA/mathsat/RandomDecoupled/pb_real_30_60_45_23.smt2,416104,Yices-2.2.1-smtcomp2014,1259,default,1781,complete,0.007998,0.00907406,0.0,sat,unknown
21857575,QF_UFLRA/mathsat/RandomDecoupled/pb_real_30_60_45_23.smt2,416104,Z3-4.3.2.a054b099c1d6-x64-debian-6.0.6-SMT-COMP-2014,1286,default,1815,complete,0.022996,0.0336449,0.0,sat,unknown
21857582,QF_UFLRA/mathsat/RandomDecoupled/pb_real_30_60_45_76.smt2,416157,CVC4 f7118b2,1257,default,1778,complete,0.047992,0.0591921,0.0,sat,unknown
21857583,QF_UFLRA/mathsat/RandomDecoupled/pb_real_30_60_45_76.smt2,416157,Yices-2.2.1-smtcomp2014,1259,default,1781,complete,0.019996,0.0219269,0.0,sat,unknown
21857584,QF_UFLRA/mathsat/RandomDecoupled/pb_real_30_60_45_76.smt2,416157,Z3-4.3.2.a054b099c1d6-x64-debian-6.0.6-SMT-COMP-2014,1286,default,1815,complete,0.024996,0.0343879,0.0,sat,unknown
21857591,QF_UFLRA/mathsat/RandomDecoupled/pb_real_40_80_60_18.smt2,416299,CVC4 f7118b2,1257,default,1778,complete,0.074988,0.0853599,106092.0,sat,unknown
21857592,QF_UFLRA/mathsat/RandomDecoupled/pb_real_40_80_60_18.smt2,416299,Yices-2.2.1-smtcomp2014,1259,default,1781,complete,0.008997,0.010651,0.0,sat,unknown
21857593,QF_UFLRA/mathsat/RandomDecoupled/pb_real_40_80_60_18.smt2,416299,Z3-4.3.2.a054b099c1d6-x64-debian-6.0.6-SMT-COMP-2014,1286,default,1815,complete,0.040993,0.0496031,106092.0,sat,unknown
21857597,QF_UFLRA/mathsat/RandomDecoupled/pb_real_40_80_60_72.smt2,416353,CVC4 f7118b2,1257,default,1778,complete,0.051991,0.063128,106092.0,sat,unknown
21857598,QF_UFLRA/mathsat/RandomDecoupled/pb_real_40_80_60_72.smt2,416353,Yices-2.2.1-smtcomp2014,1259,default,1781,complete,0.045992,0.047591,106092.0,sat,unknown
21857599,QF_UFLRA/mathsat/RandomDecoupled/pb_real_40_80_60_72.smt2,416353,Z3-4.3.2.a054b099c1d6-x64-debian-6.0.6-SMT-COMP-2014,1286,default,1815,complete,0.033994,0.041757,106092.0,sat,unknown
21857603,QF_UFLRA/mathsat/RandomDecoupled/pb_real_40_80_60_74.smt2,416355,CVC4 f7118b2,1257,default,1778,complete,0.05899,0.0694211,106092.0,sat,unknown
21857604,QF_UFLRA/mathsat/RandomDecoupled/pb_real_40_80_60_74.smt2,416355,Yices-2.2.1-smtcomp2014,1259,default,1781,complete,0.072988,0.0748831,106092.0,sat,unknown
21857605,QF_UFLRA/mathsat/RandomDecoupled/pb_real_40_80_60_74.smt2,416355,Z3-4.3.2.a054b099c1d6-x64-debian-6.0.6-SMT-COMP-2014,1286,default,1815,complete,0.034994,0.0435329,106092.0,sat,unknown
21857609,QF_UFLRA/mathsat/RandomDecoupled/pb_real_40_80_60_87.smt2,416368,CVC4 f7118b2,1257,default,1778,complete,0.055991,0.0668869,0.0,sat,unknown
21857610,QF_UFLRA/mathsat/RandomDecoupled/pb_real_40_80_60_87.smt2,416368,Yices-2.2.1-smtcomp2014,1259,default,1781,complete,0.035993,0.0449611,106092.0,sat,unknown
21857611,QF_UFLRA/mathsat/RandomDecoupled/pb_real_40_80_60_87.smt2,416368,Z3-4.3.2.a054b099c1d6-x64-debian-6.0.6-SMT-COMP-2014,1286,default,1815,complete,0.070988,0.072295,106092.0,sat,unknown
21857615,QF_UFLRA/mathsat/RandomDecoupled/pb_real_40_80_60_91.smt2,416372,CVC4 f7118b2,1257,default,1778,complete,0.065989,0.068359,0.0,sat,unknown
21857616,QF_UFLRA/mathsat/RandomDecoupled/pb_real_40_80_60_91.smt2,416372,Yices-2.2.1-smtcomp2014,1259,default,1781,complete,0.055991,0.06527,0.0,sat,unknown
21857617,QF_UFLRA/mathsat/RandomDecoupled/pb_real_40_80_60_91.smt2,416372,Z3-4.3.2.a054b099c1d6-x64-debian-6.0.6-SMT-COMP-2014,1286,default,1815,complete,0.107983,0.115616,106092.0,sat,unknown
21857621,QF_UFLRA/mathsat/RandomDecoupled/pb_real_50_100_30_76.smt2,416457,CVC4 f7118b2,1257,default,1778,complete,0.098984,0.109492,106092.0,sat,unknown
21857622,QF_UFLRA/mathsat/RandomDecoupled/pb_real_50_100_30_76.smt2,416457,Yices-2.2.1-smtcomp2014,1259,default,1781,complete,0.336947,0.338665,106092.0,sat,unknown
21857623,QF_UFLRA/mathsat/RandomDecoupled/pb_real_50_100_30_76.smt2,416457,Z3-4.3.2.a054b099c1d6-x64-debian-6.0.6-SMT-COMP-2014,1286,default,1815,complete,0.06199,0.0700171,106092.0,sat,unknown
21857570,QF_UFLRA/mathsat/RandomCoupled/pb_real_10_0100_10_13.smt2,415684,CVC4 f7118b2,1257,default,1778,complete,0.021996,0.0317869,0.0,sat,unknown
21857571,QF_UFLRA/mathsat/RandomCoupled/pb_real_10_0100_10_13.smt2,415684,Yices-2.2.1-smtcomp2014,1259,default,1781,complete,0.003998,0.00807908,0.0,sat,unknown
21857572,QF_UFLRA/mathsat/RandomCoupled/pb_real_10_0100_10_13.smt2,415684,Z3-4.3.2.a054b099c1d6-x64-debian-6.0.6-SMT-COMP-2014,1286,default,1815,complete,0.017996,0.027099,0.0,sat,unknown
21857579,QF_UFLRA/mathsat/RandomCoupled/pb_real_10_0100_10_18.smt2,415689,CVC4 f7118b2,1257,default,1778,complete,0.019996,0.0305719,106092.0,sat,unknown
21857580,QF_UFLRA/mathsat/RandomCoupled/pb_real_10_0100_10_18.smt2,415689,Yices-2.2.1-smtcomp2014,1259,default,1781,complete,0.001999,0.011319,0.0,sat,unknown
21857581,QF_UFLRA/mathsat/RandomCoupled/pb_real_10_0100_10_18.smt2,415689,Z3-4.3.2.a054b099c1d6-x64-debian-6.0.6-SMT-COMP-2014,1286,default,1815,complete,0.019996,0.0280389,0.0,sat,unknown
21857588,QF_UFLRA/mathsat/RandomCoupled/pb_real_10_0150_10_11.smt2,415702,CVC4 f7118b2,1257,default,1778,complete,0.023996,0.0259909,106092.0,sat,unknown
21857589,QF_UFLRA/mathsat/RandomCoupled/pb_real_10_0150_10_11.smt2,415702,Yices-2.2.1-smtcomp2014,1259,default,1781,complete,0.002998,0.00772893,0.0,sat,unknown
21857590,QF_UFLRA/mathsat/RandomCoupled/pb_real_10_0150_10_11.smt2,415702,Z3-4.3.2.a054b099c1d6-x64-debian-6.0.6-SMT-COMP-2014,1286,default,1815,complete,0.016997,0.01856,0.0,sat,unknown
21857594,QF_UFLRA/mathsat/RandomCoupled/pb_real_10_0150_10_14.smt2,415705,CVC4 f7118b2,1257,default,1778,complete,0.022996,0.0265799,0.0,sat,unknown
21857595,QF_UFLRA/mathsat/RandomCoupled/pb_real_10_0150_10_14.smt2,415705,Yices-2.2.1-smtcomp2014,1259,default,1781,complete,0.009997,0.01894,0.0,sat,unknown
21857596,QF_UFLRA/mathsat/RandomCoupled/pb_real_10_0150_10_14.smt2,415705,Z3-4.3.2.a054b099c1d6-x64-debian-6.0.6-SMT-COMP-2014,1286,default,1815,complete,0.202968,0.204062,106092.0,sat,unknown
21857600,QF_UFLRA/mathsat/RandomCoupled/pb_real_10_0200_10_11.smt2,415722,CVC4 f7118b2,1257,default,1778,complete,0.023996,0.0345151,16180.0,sat,unknown
21857601,QF_UFLRA/mathsat/RandomCoupled/pb_real_10_0200_10_11.smt2,415722,Yices-2.2.1-smtcomp2014,1259,default,1781,complete,0.003999,0.012583,0.0,sat,unknown
21857602,QF_UFLRA/mathsat/RandomCoupled/pb_real_10_0200_10_11.smt2,415722,Z3-4.3.2.a054b099c1d6-x64-debian-6.0.6-SMT-COMP-2014,1286,default,1815,complete,0.018996,0.0193349,0.0,sat,unknown
21857606,QF_UFLRA/mathsat/RandomCoupled/pb_real_10_0200_10_13.smt2,415724,CVC4 f7118b2,1257,default,1778,complete,0.026995,0.0376541,0.0,sat,unknown
21857607,QF_UFLRA/mathsat/RandomCoupled/pb_real_10_0200_10_13.smt2,415724,Yices-2.2.1-smtcomp2014,1259,default,1781,complete,0.005999,0.007674,0.0,sat,unknown
21857608,QF_UFLRA/mathsat/RandomCoupled/pb_real_10_0200_10_13.smt2,415724,Z3-4.3.2.a054b099c1d6-x64-debian-6.0.6-SMT-COMP-2014,1286,default,1815,complete,0.026995,0.035851,0.0,sat,unknown
21857612,QF_UFLRA/mathsat/RandomCoupled/pb_real_10_0200_10_23.smt2,415734,CVC4 f7118b2,1257,default,1778,complete,0.025995,0.0285779,0.0,sat,unknown
21857613,QF_UFLRA/mathsat/RandomCoupled/pb_real_10_0200_10_23.smt2,415734,Yices-2.2.1-smtcomp2014,1259,default,1781,complete,0.003999,0.0131479,0.0,sat,unknown
21857614,QF_UFLRA/mathsat/RandomCoupled/pb_real_10_0200_10_23.smt2,415734,Z3-4.3.2.a054b099c1d6-x64-debian-6.0.6-SMT-COMP-2014,1286,default,1815,complete,0.016997,0.024934,0.0,sat,unknown
21857618,QF_UFLRA/mathsat/RandomCoupled/pb_real_20_0200_10_19.smt2,415790,CVC4 f7118b2,1257,default,1778,complete,0.034994,0.037276,0.0,sat,unknown
21857619,QF_UFLRA/mathsat/RandomCoupled/pb_real_20_0200_10_19.smt2,415790,Yices-2.2.1-smtcomp2014,1259,default,1781,complete,0.011997,0.020174,0.0,sat,unknown
21857620,QF_UFLRA/mathsat/RandomCoupled/pb_real_20_0200_10_19.smt2,415790,Z3-4.3.2.a054b099c1d6-x64-debian-6.0.6-SMT-COMP-2014,1286,default,1815,complete,0.019996,0.027821,0.0,sat,unknown
21857624,QF_UFLRA/mathsat/RandomCoupled/pb_real_20_0200_10_21.smt2,415792,CVC4 f7118b2,1257,default,1778,complete,0.031994,0.0425739,0.0,sat,unknown
21857625,QF_UFLRA/mathsat/RandomCoupled/pb_real_20_0200_10_21.smt2,415792,Yices-2.2.1-smtcomp2014,1259,default,1781,complete,0.005999,0.0147609,0.0,sat,unknown
21857626,QF_UFLRA/mathsat/RandomCoupled/pb_real_20_0200_10_21.smt2,415792,Z3-4.3.2.a054b099c1d6-x64-debian-6.0.6-SMT-COMP-2014,1286,default,1815,complete,0.020996,0.0277241,0.0,sat,unknown
21857627,QF_UFLRA/mathsat/RandomCoupled/pb_real_20_0300_10_14.smt2,415805,CVC4 f7118b2,1257,default,1778,complete,0.042992,0.0453421,106092.0,sat,unknown
21857628,QF_UFLRA/mathsat/RandomCoupled/pb_real_20_0300_10_14.smt2,415805,Yices-2.2.1-smtcomp2014,1259,default,1781,complete,0.005998,0.0145391,0.0,sat,unknown
21857629,QF_UFLRA/mathsat/RandomCoupled/pb_real_20_0300_10_14.smt2,415805,Z3-4.3.2.a054b099c1d6-x64-debian-6.0.6-SMT-COMP-2014,1286,default,1815,complete,0.023995,0.0313081,0.0,sat,unknown
21857630,QF_UFLRA/mathsat/RandomCoupled/pb_real_20_0300_10_23.smt2,415814,CVC4 f7118b2,1257,default,1778,complete,0.037993,0.0479779,0.0,sat,unknown
21857631,QF_UFLRA/mathsat/RandomCoupled/pb_real_20_0300_10_23.smt2,415814,Yices-2.2.1-smtcomp2014,1259,default,1781,complete,0.004999,0.00785991,0.0,sat,unknown
21857632,QF_UFLRA/mathsat/RandomCoupled/pb_real_20_0300_10_23.smt2,415814,Z3-4.3.2.a054b099c1d6-x64-debian-6.0.6-SMT-COMP-2014,1286,default,1815,complete,0.021996,0.030507,0.0,sat,unknown
21857633,QF_UFLRA/mathsat/RandomCoupled/pb_real_20_0400_10_14.smt2,415825,CVC4 f7118b2,1257,default,1778,complete,0.042993,0.0535961,0.0,sat,unknown
21857634,QF_UFLRA/mathsat/RandomCoupled/pb_real_20_0400_10_14.smt2,415825,Yices-2.2.1-smtcomp2014,1259,default,1781,complete,0.006998,0.00816491,0.0,sat,unknown
21857635,QF_UFLRA/mathsat/RandomCoupled/pb_real_20_0400_10_14.smt2,415825,Z3-4.3.2.a054b099c1d6-x64-debian-6.0.6-SMT-COMP-2014,1286,default,1815,complete,0.034994,0.0364861,0.0,sat,unknown
21857636,QF_UFLRA/mathsat/RandomCoupled/pb_real_20_0400_10_18.smt2,415829,CVC4 f7118b2,1257,default,1778,complete,0.039993,0.050779,0.0,sat,unknown
21857637,QF_UFLRA/mathsat/RandomCoupled/pb_real_20_0400_10_18.smt2,415829,Yices-2.2.1-smtcomp2014,1259,default,1781,complete,0.006998,0.0154781,0.0,sat,unknown
21857638,QF_UFLRA/mathsat/RandomCoupled/pb_real_20_0400_10_18.smt2,415829,Z3-4.3.2.a054b099c1d6-x64-debian-6.0.6-SMT-COMP-2014,1286,default,1815,complete,0.021996,0.0234301,0.0,sat,unknown
21857639,QF_UFLRA/mathsat/RandomCoupled/pb_real_20_0400_10_22.smt2,415833,CVC4 f7118b2,1257,default,1778,complete,0.050991,0.0530531,0.0,sat,unknown
21857640,QF_UFLRA/mathsat/RandomCoupled/pb_real_20_0400_10_22.smt2,415833,Yices-2.2.1-smtcomp2014,1259,default,1781,complete,0.005998,0.0151631,0.0,sat,unknown
21857641,QF_UFLRA/mathsat/RandomCoupled/pb_real_20_0400_10_22.smt2,415833,Z3-4.3.2.a054b099c1d6-x64-debian-6.0.6-SMT-COMP-2014,1286,default,1815,complete,0.021996,0.0295681,0.0,sat,unknown
21857642,QF_UFLRA/mathsat/RandomCoupled/pb_real_20_0400_10_28.smt2,415839,CVC4 f7118b2,1257,default,1778,complete,0.047991,0.050262,106092.0,sat,unknown
21857643,QF_UFLRA/mathsat/RandomCoupled/pb_real_20_0400_10_28.smt2,415839,Yices-2.2.1-smtcomp2014,1259,default,1781,complete,0.015996,0.0176599,106092.0,sat,unknown
21857644,QF_UFLRA/mathsat/RandomCoupled/pb_real_20_0400_10_28.smt2,415839,Z3-4.3.2.a054b099c1d6-x64-debian-6.0.6-SMT-COMP-2014,1286,default,1815,complete,0.027995,0.0362451,106092.0,sat,unknown
21857645,QF_UFLRA/mathsat/RandomCoupled/pb_real_30_0300_10_12.smt2,415883,CVC4 f7118b2,1257,default,1778,complete,0.048992,0.0594361,106092.0,sat,unknown
21857646,QF_UFLRA/mathsat/RandomCoupled/pb_real_30_0300_10_12.smt2,415883,Yices-2.2.1-smtcomp2014,1259,default,1781,complete,0.020995,0.022337,106092.0,sat,unknown
21857647,QF_UFLRA/mathsat/RandomCoupled/pb_real_30_0300_10_12.smt2,415883,Z3-4.3.2.a054b099c1d6-x64-debian-6.0.6-SMT-COMP-2014,1286,default,1815,complete,0.067989,0.068973,106092.0,sat,unknown
21857648,QF_UFLRA/mathsat/RandomCoupled/pb_real_30_0300_10_13.smt2,415884,CVC4 f7118b2,1257,default,1778,complete,0.046991,0.049804,106092.0,sat,unknown
21857649,QF_UFLRA/mathsat/RandomCoupled/pb_real_30_0300_10_13.smt2,415884,Yices-2.2.1-smtcomp2014,1259,default,1781,complete,0.012998,0.021828,0.0,sat,unknown
21857650,QF_UFLRA/mathsat/RandomCoupled/pb_real_30_0300_10_13.smt2,415884,Z3-4.3.2.a054b099c1d6-x64-debian-6.0.6-SMT-COMP-2014,1286,default,1815,complete,0.021996,0.0229341,0.0,sat,unknown
21857651,QF_UFLRA/mathsat/RandomCoupled/pb_real_30_0300_10_18.smt2,415889,CVC4 f7118b2,1257,default,1778,complete,0.048992,0.05093,0.0,sat,unknown
21857652,QF_UFLRA/mathsat/RandomCoupled/pb_real_30_0300_10_18.smt2,415889,Yices-2.2.1-smtcomp2014,1259,default,1781,complete,0.006998,0.01557,0.0,sat,unknown
21857653,QF_UFLRA/mathsat/RandomCoupled/pb_real_30_0300_10_18.smt2,415889,Z3-4.3.2.a054b099c1d6-x64-debian-6.0.6-SMT-COMP-2014,1286,default,1815,complete,0.064989,0.067024,0.0,sat,unknown
21857654,QF_UFLRA/mathsat/RandomCoupled/pb_real_30_0450_10_10.smt2,415901,CVC4 f7118b2,1257,default,1778,complete,0.052991,0.0551839,106092.0,sat,unknown
21857655,QF_UFLRA/mathsat/RandomCoupled/pb_real_30_0450_10_10.smt2,415901,Yices-2.2.1-smtcomp2014,1259,default,1781,complete,0.008997,0.00980401,0.0,sat,unknown
21857656,QF_UFLRA/mathsat/RandomCoupled/pb_real_30_0450_10_10.smt2,415901,Z3-4.3.2.a054b099c1d6-x64-debian-6.0.6-SMT-COMP-2014,1286,default,1815,complete,0.026995,0.0344449,0.0,sat,unknown
21857657,QF_UFLRA/mathsat/RandomCoupled/pb_real_30_0450_10_12.smt2,415903,CVC4 f7118b2,1257,default,1778,complete,0.05799,0.0604511,106092.0,sat,unknown
21857658,QF_UFLRA/mathsat/RandomCoupled/pb_real_30_0450_10_12.smt2,415903,Yices-2.2.1-smtcomp2014,1259,default,1781,complete,0.017996,0.0271871,0.0,sat,unknown
21857659,QF_UFLRA/mathsat/RandomCoupled/pb_real_30_0450_10_12.smt2,415903,Z3-4.3.2.a054b099c1d6-x64-debian-6.0.6-SMT-COMP-2014,1286,default,1815,complete,0.033994,0.0359931,0.0,sat,unknown
21857660,QF_UFLRA/mathsat/RandomCoupled/pb_real_30_0450_10_14.smt2,415905,CVC4 f7118b2,1257,default,1778,complete,0.055991,0.0582781,0.0,sat,unknown
21857661,QF_UFLRA/mathsat/RandomCoupled/pb_real_30_0450_10_14.smt2,415905,Yices-2.2.1-smtcomp2014,1259,default,1781,complete,0.008998,0.0102459,0.0,sat,unknown
21857662,QF_UFLRA/mathsat/RandomCoupled/pb_real_30_0450_10_14.smt2,415905,Z3-4.3.2.a054b099c1d6-x64-debian-6.0.6-SMT-COMP-2014,1286,default,1815,complete,0.028994,0.0373041,106092.0,sat,unknown
21857663,QF_UFLRA/mathsat/RandomCoupled/pb_real_30_0450_10_18.smt2,415909,CVC4 f7118b2,1257,default,1778,complete,0.060989,0.0714459,106092.0,sat,unknown
21857664,QF_UFLRA/mathsat/RandomCoupled/pb_real_30_0450_10_18.smt2,415909,Yices-2.2.1-smtcomp2014,1259,default,1781,complete,0.009997,0.0194941,0.0,sat,unknown
21857665,QF_UFLRA/mathsat/RandomCoupled/pb_real_30_0450_10_18.smt2,415909,Z3-4.3.2.a054b099c1d6-x64-debian-6.0.6-SMT-COMP-2014,1286,default,1815,complete,0.029994,0.0308749,0.0,sat,unknown
21857666,QF_UFLRA/mathsat/RandomCoupled/pb_real_30_0450_10_19.smt2,415910,CVC4 f7118b2,1257,default,1778,complete,0.054991,0.057898,106092.0,sat,unknown
21857667,QF_UFLRA/mathsat/RandomCoupled/pb_real_30_0450_10_19.smt2,415910,Yices-2.2.1-smtcomp2014,1259,default,1781,complete,0.018996,0.0202051,0.0,sat,unknown
21857668,QF_UFLRA/mathsat/RandomCoupled/pb_real_30_0450_10_19.smt2,415910,Z3-4.3.2.a054b099c1d6-x64-debian-6.0.6-SMT-COMP-2014,1286,default,1815,complete,0.034994,0.0429411,0.0,sat,unknown
21857669,QF_UFLRA/mathsat/RandomCoupled/pb_real_30_0450_10_21.smt2,415912,CVC4 f7118b2,1257,default,1778,complete,0.05599,0.0586881,0.0,sat,unknown
21857670,QF_UFLRA/mathsat/RandomCoupled/pb_real_30_0450_10_21.smt2,415912,Yices-2.2.1-smtcomp2014,1259,default,1781,complete,0.010998,0.0127929,0.0,sat,unknown
21857671,QF_UFLRA/mathsat/RandomCoupled/pb_real_30_0450_10_21.smt2,415912,Z3-4.3.2.a054b099c1d6-x64-debian-6.0.6-SMT-COMP-2014,1286,default,1815,complete,0.023995,0.0256879,0.0,sat,unknown
21857672,QF_UFLRA/mathsat/RandomCoupled/pb_real_30_0450_10_22.smt2,415913,CVC4 f7118b2,1257,default,1778,complete,0.054991,0.0650151,0.0,sat,unknown
21857673,QF_UFLRA/mathsat/RandomCoupled/pb_real_30_0450_10_22.smt2,415913,Yices-2.2.1-smtcomp2014,1259,default,1781,complete,0.006998,0.00845306,0.0,sat,unknown
21857674,QF_UFLRA/mathsat/RandomCoupled/pb_real_30_0450_10_22.smt2,415913,Z3-4.3.2.a054b099c1d6-x64-debian-6.0.6-SMT-COMP-2014,1286,default,1815,complete,0.036993,0.037504,0.0,sat,unknown
21857675,QF_UFLRA/mathsat/RandomCoupled/pb_real_30_0600_10_12.smt2,415923,CVC4 f7118b2,1257,default,1778,complete,0.081986,0.0924401,106092.0,sat,unknown
21857676,QF_UFLRA/mathsat/RandomCoupled/pb_real_30_0600_10_12.smt2,415923,Yices-2.2.1-smtcomp2014,1259,default,1781,complete,0.011997,0.0131711,0.0,sat,unknown
21857677,QF_UFLRA/mathsat/RandomCoupled/pb_real_30_0600_10_12.smt2,415923,Z3-4.3.2.a054b099c1d6-x64-debian-6.0.6-SMT-COMP-2014,1286,default,1815,complete,0.054991,0.0555379,0.0,sat,unknown
21857678,QF_UFLRA/mathsat/RandomCoupled/pb_real_30_0600_10_17.smt2,415928,CVC4 f7118b2,1257,default,1778,complete,0.077987,0.087129,0.0,sat,unknown
21857679,QF_UFLRA/mathsat/RandomCoupled/pb_real_30_0600_10_17.smt2,415928,Yices-2.2.1-smtcomp2014,1259,default,1781,complete,0.011997,0.0205721,0.0,sat,unknown
21857680,QF_UFLRA/mathsat/RandomCoupled/pb_real_30_0600_10_17.smt2,415928,Z3-4.3.2.a054b099c1d6-x64-debian-6.0.6-SMT-COMP-2014,1286,default,1815,complete,0.029995,0.031372,0.0,sat,unknown
21857681,QF_UFLRA/mathsat/RandomCoupled/pb_real_30_0600_10_18.smt2,415929,CVC4 f7118b2,1257,default,1778,complete,0.105983,0.116113,106092.0,unsat,unknown
21857682,QF_UFLRA/mathsat/RandomCoupled/pb_real_30_0600_10_18.smt2,415929,Yices-2.2.1-smtcomp2014,1259,default,1781,complete,0.055991,0.065202,106092.0,unsat,unknown
21857683,QF_UFLRA/mathsat/RandomCoupled/pb_real_30_0600_10_18.smt2,415929,Z3-4.3.2.a054b099c1d6-x64-debian-6.0.6-SMT-COMP-2014,1286,default,1815,complete,0.070988,0.071773,0.0,unsat,unknown
21857684,QF_UFLRA/mathsat/RandomCoupled/pb_real_30_0600_10_19.smt2,415930,CVC4 f7118b2,1257,default,1778,complete,0.074988,0.0850369,106092.0,sat,unknown
21857685,QF_UFLRA/mathsat/RandomCoupled/pb_real_30_0600_10_19.smt2,415930,Yices-2.2.1-smtcomp2014,1259,default,1781,complete,0.026995,0.028518,0.0,sat,unknown
21857686,QF_UFLRA/mathsat/RandomCoupled/pb_real_30_0600_10_19.smt2,415930,Z3-4.3.2.a054b099c1d6-x64-debian-6.0.6-SMT-COMP-2014,1286,default,1815,complete,0.095985,0.096549,106092.0,sat,unknown
21857687,QF_UFLRA/mathsat/RandomCoupled/pb_real_30_0600_10_21.smt2,415932,CVC4 f7118b2,1257,default,1778,complete,0.088986,0.0915639,106092.0,sat,unknown
21857688,QF_UFLRA/mathsat/RandomCoupled/pb_real_30_0600_10_21.smt2,415932,Yices-2.2.1-smtcomp2014,1259,default,1781,complete,0.017996,0.0267881,0.0,sat,unknown
21857689,QF_UFLRA/mathsat/RandomCoupled/pb_real_30_0600_10_21.smt2,415932,Z3-4.3.2.a054b099c1d6-x64-debian-6.0.6-SMT-COMP-2014,1286,default,1815,complete,0.048992,0.0566181,106092.0,sat,unknown
21857690,QF_UFLRA/mathsat/RandomCoupled/pb_real_30_0600_10_22.smt2,415933,CVC4 f7118b2,1257,default,1778,complete,0.077987,0.0803729,106092.0,sat,unknown
21857691,QF_UFLRA/mathsat/RandomCoupled/pb_real_30_0600_10_22.smt2,415933,Yices-2.2.1-smtcomp2014,1259,default,1781,complete,0.053991,0.0556601,106092.0,sat,unknown
21857692,QF_UFLRA/mathsat/RandomCoupled/pb_real_30_0600_10_22.smt2,415933,Z3-4.3.2.a054b099c1d6-x64-debian-6.0.6-SMT-COMP-2014,1286,default,1815,complete,0.06199,0.0701099,0.0,sat,unknown
21857693,QF_UFLRA/mathsat/RandomCoupled/pb_real_30_0600_10_25.smt2,415936,CVC4 f7118b2,1257,default,1778,complete,0.098984,0.101172,106092.0,sat,unknown
21857694,QF_UFLRA/mathsat/RandomCoupled/pb_real_30_0600_10_25.smt2,415936,Yices-2.2.1-smtcomp2014,1259,default,1781,complete,0.014997,0.0158531,106092.0,sat,unknown
21857695,QF_UFLRA/mathsat/RandomCoupled/pb_real_30_0600_10_25.smt2,415936,Z3-4.3.2.a054b099c1d6-x64-debian-6.0.6-SMT-COMP-2014,1286,default,1815,complete,0.071988,0.080942,106092.0,sat,unknown
21857696,QF_UFLRA/mathsat/RandomCoupled/pb_real_30_0600_10_26.smt2,415937,CVC4 f7118b2,1257,default,1778,complete,0.068989,0.079383,106092.0,sat,unknown
21857697,QF_UFLRA/mathsat/RandomCoupled/pb_real_30_0600_10_26.smt2,415937,Yices-2.2.1-smtcomp2014,1259,default,1781,complete,0.024996,0.026254,0.0,sat,unknown
21857698,QF_UFLRA/mathsat/RandomCoupled/pb_real_30_0600_10_26.smt2,415937,Z3-4.3.2.a054b099c1d6-x64-debian-6.0.6-SMT-COMP-2014,1286,default,1815,complete,0.028995,0.030865,0.0,sat,unknown
21857699,QF_UFLRA/mathsat/RandomCoupled/pb_real_40_0400_10_10.smt2,415981,CVC4 f7118b2,1257,default,1778,complete,0.06099,0.071206,0.0,sat,unknown
21857700,QF_UFLRA/mathsat/RandomCoupled/pb_real_40_0400_10_10.smt2,415981,Yices-2.2.1-smtcomp2014,1259,default,1781,complete,0.006998,0.015417,0.0,sat,unknown
21857701,QF_UFLRA/mathsat/RandomCoupled/pb_real_40_0400_10_10.smt2,415981,Z3-4.3.2.a054b099c1d6-x64-debian-6.0.6-SMT-COMP-2014,1286,default,1815,complete,0.028995,0.0303311,0.0,sat,unknown
21857702,QF_UFLRA/mathsat/RandomCoupled/pb_real_40_0400_10_11.smt2,415982,CVC4 f7118b2,1257,default,1778,complete,0.060989,0.0762441,106092.0,sat,unknown
21857703,QF_UFLRA/mathsat/RandomCoupled/pb_real_40_0400_10_11.smt2,415982,Yices-2.2.1-smtcomp2014,1259,default,1781,complete,0.008998,0.0178709,106092.0,sat,unknown
21857704,QF_UFLRA/mathsat/RandomCoupled/pb_real_40_0400_10_11.smt2,415982,Z3-4.3.2.a054b099c1d6-x64-debian-6.0.6-SMT-COMP-2014,1286,default,1815,complete,0.031994,0.0403441,0.0,sat,unknown
21857705,QF_UFLRA/mathsat/RandomCoupled/pb_real_40_0400_10_12.smt2,415983,CVC4 f7118b2,1257,default,1778,complete,0.066989,0.077484,106092.0,sat,unknown
21857706,QF_UFLRA/mathsat/RandomCoupled/pb_real_40_0400_10_12.smt2,415983,Yices-2.2.1-smtcomp2014,1259,default,1781,complete,0.017996,0.0195051,0.0,sat,unknown
21857707,QF_UFLRA/mathsat/RandomCoupled/pb_real_40_0400_10_12.smt2,415983,Z3-4.3.2.a054b099c1d6-x64-debian-6.0.6-SMT-COMP-2014,1286,default,1815,complete,0.045992,0.0462081,0.0,sat,unknown
21857708,QF_UFLRA/mathsat/RandomCoupled/pb_real_40_0400_10_14.smt2,415985,CVC4 f7118b2,1257,default,1778,complete,0.072988,0.0830129,0.0,sat,unknown
21857709,QF_UFLRA/mathsat/RandomCoupled/pb_real_40_0400_10_14.smt2,415985,Yices-2.2.1-smtcomp2014,1259,default,1781,complete,0.011997,0.0131811,0.0,sat,unknown
21857710,QF_UFLRA/mathsat/RandomCoupled/pb_real_40_0400_10_14.smt2,415985,Z3-4.3.2.a054b099c1d6-x64-debian-6.0.6-SMT-COMP-2014,1286,default,1815,complete,0.638902,0.646201,106092.0,sat,unknown
21857711,QF_UFLRA/mathsat/RandomCoupled/pb_real_40_0400_10_15.smt2,415986,CVC4 f7118b2,1257,default,1778,complete,0.06199,0.064265,106092.0,sat,unknown
21857712,QF_UFLRA/mathsat/RandomCoupled/pb_real_40_0400_10_15.smt2,415986,Yices-2.2.1-smtcomp2014,1259,default,1781,complete,0.020995,0.029619,106092.0,sat,unknown
21857713,QF_UFLRA/mathsat/RandomCoupled/pb_real_40_0400_10_15.smt2,415986,Z3-4.3.2.a054b099c1d6-x64-debian-6.0.6-SMT-COMP-2014,1286,default,1815,complete,0.027995,0.0370981,106092.0,sat,unknown
21857714,QF_UFLRA/mathsat/RandomCoupled/pb_real_40_0400_10_16.smt2,415987,CVC4 f7118b2,1257,default,1778,complete,0.06199,0.0721241,0.0,sat,unknown
21857715,QF_UFLRA/mathsat/RandomCoupled/pb_real_40_0400_10_16.smt2,415987,Yices-2.2.1-smtcomp2014,1259,default,1781,complete,0.019996,0.033653,106092.0,sat,unknown
21857716,QF_UFLRA/mathsat/RandomCoupled/pb_real_40_0400_10_16.smt2,415987,Z3-4.3.2.a054b099c1d6-x64-debian-6.0.6-SMT-COMP-2014,1286,default,1815,complete,0.024995,0.0268151,0.0,sat,unknown
21857717,QF_UFLRA/mathsat/RandomCoupled/pb_real_40_0400_10_19.smt2,415990,CVC4 f7118b2,1257,default,1778,complete,0.072988,0.0754571,106092.0,sat,unknown
21857718,QF_UFLRA/mathsat/RandomCoupled/pb_real_40_0400_10_19.smt2,415990,Yices-2.2.1-smtcomp2014,1259,default,1781,complete,0.014997,0.0167809,0.0,sat,unknown
21857719,QF_UFLRA/mathsat/RandomCoupled/pb_real_40_0400_10_19.smt2,415990,Z3-4.3.2.a054b099c1d6-x64-debian-6.0.6-SMT-COMP-2014,1286,default,1815,complete,0.204968,0.213342,106092.0,sat,unknown
21857720,QF_UFLRA/mathsat/RandomCoupled/pb_real_40_0400_10_20.smt2,415991,CVC4 f7118b2,1257,default,1778,complete,0.05899,0.068673,106092.0,sat,unknown
21857721,QF_UFLRA/mathsat/RandomCoupled/pb_real_40_0400_10_20.smt2,415991,Yices-2.2.1-smtcomp2014,1259,default,1781,complete,0.011998,0.0130529,106092.0,sat,unknown
21857722,QF_UFLRA/mathsat/RandomCoupled/pb_real_40_0400_10_20.smt2,415991,Z3-4.3.2.a054b099c1d6-x64-debian-6.0.6-SMT-COMP-2014,1286,default,1815,complete,0.026995,0.0347141,0.0,sat,unknown
21857723,QF_UFLRA/mathsat/RandomCoupled/pb_real_40_0400_10_23.smt2,415994,CVC4 f7118b2,1257,default,1778,complete,0.108982,0.120331,106092.0,sat,unknown
21857724,QF_UFLRA/mathsat/RandomCoupled/pb_real_40_0400_10_23.smt2,415994,Yices-2.2.1-smtcomp2014,1259,default,1781,complete,0.147976,0.156951,106092.0,sat,unknown
21857725,QF_UFLRA/mathsat/RandomCoupled/pb_real_40_0400_10_23.smt2,415994,Z3-4.3.2.a054b099c1d6-x64-debian-6.0.6-SMT-COMP-2014,1286,default,1815,complete,0.18897,0.197026,106092.0,sat,unknown
21857726,QF_UFLRA/mathsat/RandomCoupled/pb_real_40_0400_10_24.smt2,415995,CVC4 f7118b2,1257,default,1778,complete,0.064989,0.0678519,106092.0,sat,unknown
21857727,QF_UFLRA/mathsat/RandomCoupled/pb_real_40_0400_10_24.smt2,415995,Yices-2.2.1-smtcomp2014,1259,default,1781,complete,0.007998,0.00946608,0.0,sat,unknown
21857728,QF_UFLRA/mathsat/RandomCoupled/pb_real_40_0400_10_24.smt2,415995,Z3-4.3.2.a054b099c1d6-x64-debian-6.0.6-SMT-COMP-2014,1286,default,1815,complete,0.044992,0.0457671,0.0,sat,unknown
21857729,QF_UFLRA/mathsat/RandomCoupled/pb_real_40_0400_10_26.smt2,415997,CVC4 f7118b2,1257,default,1778,complete,0.069988,0.079933,106092.0,sat,unknown
21857730,QF_UFLRA/mathsat/RandomCoupled/pb_real_40_0400_10_26.smt2,415997,Yices-2.2.1-smtcomp2014,1259,default,1781,complete,0.007997,0.01965,0.0,sat,unknown
21857731,QF_UFLRA/mathsat/RandomCoupled/pb_real_40_0400_10_26.smt2,415997,Z3-4.3.2.a054b099c1d6-x64-debian-6.0.6-SMT-COMP-2014,1286,default,1815,complete,0.026995,0.028802,0.0,sat,unknown
21857732,QF_UFLRA/mathsat/RandomCoupled/pb_real_40_0400_10_27.smt2,415998,CVC4 f7118b2,1257,default,1778,complete,0.062989,0.065497,106092.0,sat,unknown
21857733,QF_UFLRA/mathsat/RandomCoupled/pb_real_40_0400_10_27.smt2,415998,Yices-2.2.1-smtcomp2014,1259,default,1781,complete,0.016996,0.018548,0.0,sat,unknown
21857734,QF_UFLRA/mathsat/RandomCoupled/pb_real_40_0400_10_27.smt2,415998,Z3-4.3.2.a054b099c1d6-x64-debian-6.0.6-SMT-COMP-2014,1286,default,1815,complete,0.028995,0.0301869,106092.0,sat,unknown
21857735,QF_UFLRA/mathsat/RandomCoupled/pb_real_40_0600_10_10.smt2,416001,CVC4 f7118b2,1257,default,1778,complete,0.067989,0.077802,106092.0,sat,unknown
21857736,QF_UFLRA/mathsat/RandomCoupled/pb_real_40_0600_10_10.smt2,416001,Yices-2.2.1-smtcomp2014,1259,default,1781,complete,0.010997,0.0127519,0.0,sat,unknown
21857737,QF_UFLRA/mathsat/RandomCoupled/pb_real_40_0600_10_10.smt2,416001,Z3-4.3.2.a054b099c1d6-x64-debian-6.0.6-SMT-COMP-2014,1286,default,1815,complete,0.029995,0.0302411,0.0,sat,unknown
21857738,QF_UFLRA/mathsat/RandomCoupled/pb_real_40_0600_10_11.smt2,416002,CVC4 f7118b2,1257,default,1778,complete,0.077988,0.0802751,0.0,sat,unknown
21857739,QF_UFLRA/mathsat/RandomCoupled/pb_real_40_0600_10_11.smt2,416002,Yices-2.2.1-smtcomp2014,1259,default,1781,complete,0.008998,0.018428,0.0,sat,unknown
21857740,QF_UFLRA/mathsat/RandomCoupled/pb_real_40_0600_10_11.smt2,416002,Z3-4.3.2.a054b099c1d6-x64-debian-6.0.6-SMT-COMP-2014,1286,default,1815,complete,0.050992,0.0517591,106092.0,sat,unknown
21857741,QF_UFLRA/mathsat/RandomCoupled/pb_real_40_0600_10_12.smt2,416003,CVC4 f7118b2,1257,default,1778,complete,0.072988,0.0835,106092.0,sat,unknown
21857742,QF_UFLRA/mathsat/RandomCoupled/pb_real_40_0600_10_12.smt2,416003,Yices-2.2.1-smtcomp2014,1259,default,1781,complete,0.017996,0.0193839,0.0,sat,unknown
21857743,QF_UFLRA/mathsat/RandomCoupled/pb_real_40_0600_10_12.smt2,416003,Z3-4.3.2.a054b099c1d6-x64-debian-6.0.6-SMT-COMP-2014,1286,default,1815,complete,0.036993,0.045632,0.0,sat,unknown
21857744,QF_UFLRA/mathsat/RandomCoupled/pb_real_40_0600_10_13.smt2,416004,CVC4 f7118b2,1257,default,1778,complete,0.066989,0.077984,106092.0,sat,unknown
21857745,QF_UFLRA/mathsat/RandomCoupled/pb_real_40_0600_10_13.smt2,416004,Yices-2.2.1-smtcomp2014,1259,default,1781,complete,0.016996,0.0264689,106092.0,sat,unknown
21857746,QF_UFLRA/mathsat/RandomCoupled/pb_real_40_0600_10_13.smt2,416004,Z3-4.3.2.a054b099c1d6-x64-debian-6.0.6-SMT-COMP-2014,1286,default,1815,complete,0.031995,0.0391231,0.0,sat,unknown
21857747,QF_UFLRA/mathsat/RandomCoupled/pb_real_40_0600_10_14.smt2,416005,CVC4 f7118b2,1257,default,1778,complete,0.110982,0.113393,106092.0,sat,unknown
21857748,QF_UFLRA/mathsat/RandomCoupled/pb_real_40_0600_10_14.smt2,416005,Yices-2.2.1-smtcomp2014,1259,default,1781,complete,0.022996,0.024492,106092.0,sat,unknown
21857749,QF_UFLRA/mathsat/RandomCoupled/pb_real_40_0600_10_14.smt2,416005,Z3-4.3.2.a054b099c1d6-x64-debian-6.0.6-SMT-COMP-2014,1286,default,1815,complete,0.485925,0.488591,106092.0,sat,unknown
21857750,QF_UFLRA/mathsat/RandomCoupled/pb_real_40_0600_10_16.smt2,416007,CVC4 f7118b2,1257,default,1778,complete,0.090985,0.093373,106092.0,sat,unknown
21857751,QF_UFLRA/mathsat/RandomCoupled/pb_real_40_0600_10_16.smt2,416007,Yices-2.2.1-smtcomp2014,1259,default,1781,complete,0.008997,0.0101871,0.0,sat,unknown
21857752,QF_UFLRA/mathsat/RandomCoupled/pb_real_40_0600_10_16.smt2,416007,Z3-4.3.2.a054b099c1d6-x64-debian-6.0.6-SMT-COMP-2014,1286,default,1815,complete,0.035993,0.0372191,106092.0,sat,unknown
21857753,QF_UFLRA/mathsat/RandomCoupled/pb_real_40_0600_10_17.smt2,416008,CVC4 f7118b2,1257,default,1778,complete,0.077987,0.0806529,106092.0,sat,unknown
21857754,QF_UFLRA/mathsat/RandomCoupled/pb_real_40_0600_10_17.smt2,416008,Yices-2.2.1-smtcomp2014,1259,default,1781,complete,0.014997,0.0163199,0.0,sat,unknown
21857755,QF_UFLRA/mathsat/RandomCoupled/pb_real_40_0600_10_17.smt2,416008,Z3-4.3.2.a054b099c1d6-x64-debian-6.0.6-SMT-COMP-2014,1286,default,1815,complete,0.035994,0.037083,0.0,sat,unknown
21857756,QF_UFLRA/mathsat/RandomCoupled/pb_real_40_0600_10_18.smt2,416009,CVC4 f7118b2,1257,default,1778,complete,0.094984,0.105398,106092.0,sat,unknown
21857757,QF_UFLRA/mathsat/RandomCoupled/pb_real_40_0600_10_18.smt2,416009,Yices-2.2.1-smtcomp2014,1259,default,1781,complete,0.014997,0.025844,0.0,sat,unknown
21857758,QF_UFLRA/mathsat/RandomCoupled/pb_real_40_0600_10_18.smt2,416009,Z3-4.3.2.a054b099c1d6-x64-debian-6.0.6-SMT-COMP-2014,1286,default,1815,complete,0.063989,0.0691579,0.0,sat,unknown
21857759,QF_UFLRA/mathsat/RandomCoupled/pb_real_40_0600_10_19.smt2,416010,CVC4 f7118b2,1257,default,1778,complete,0.105983,0.108832,106092.0,sat,unknown
21857760,QF_UFLRA/mathsat/RandomCoupled/pb_real_40_0600_10_19.smt2,416010,Yices-2.2.1-smtcomp2014,1259,default,1781,complete,0.020995,0.0301381,0.0,sat,unknown
21857761,QF_UFLRA/mathsat/RandomCoupled/pb_real_40_0600_10_19.smt2,416010,Z3-4.3.2.a054b099c1d6-x64-debian-6.0.6-SMT-COMP-2014,1286,default,1815,complete,0.272958,0.273425,106092.0,sat,unknown
21857762,QF_UFLRA/mathsat/RandomCoupled/pb_real_40_0600_10_20.smt2,416011,CVC4 f7118b2,1257,default,1778,complete,0.084986,0.0966149,106092.0,sat,unknown
21857763,QF_UFLRA/mathsat/RandomCoupled/pb_real_40_0600_10_20.smt2,416011,Yices-2.2.1-smtcomp2014,1259,default,1781,complete,0.010998,0.019708,0.0,sat,unknown
21857764,QF_UFLRA/mathsat/RandomCoupled/pb_real_40_0600_10_20.smt2,416011,Z3-4.3.2.a054b099c1d6-x64-debian-6.0.6-SMT-COMP-2014,1286,default,1815,complete,0.037993,0.045615,0.0,sat,unknown
21857765,QF_UFLRA/mathsat/RandomCoupled/pb_real_40_0600_10_21.smt2,416012,CVC4 f7118b2,1257,default,1778,complete,0.065989,0.0758001,106092.0,sat,unknown
21857766,QF_UFLRA/mathsat/RandomCoupled/pb_real_40_0600_10_21.smt2,416012,Yices-2.2.1-smtcomp2014,1259,default,1781,complete,0.007998,0.016987,0.0,sat,unknown
21857767,QF_UFLRA/mathsat/RandomCoupled/pb_real_40_0600_10_21.smt2,416012,Z3-4.3.2.a054b099c1d6-x64-debian-6.0.6-SMT-COMP-2014,1286,default,1815,complete,0.030994,0.0314269,0.0,sat,unknown
21857768,QF_UFLRA/mathsat/RandomCoupled/pb_real_40_0600_10_22.smt2,416013,CVC4 f7118b2,1257,default,1778,complete,0.084986,0.087194,0.0,sat,unknown
21857769,QF_UFLRA/mathsat/RandomCoupled/pb_real_40_0600_10_22.smt2,416013,Yices-2.2.1-smtcomp2014,1259,default,1781,complete,0.020996,0.0304159,106092.0,sat,unknown
21857770,QF_UFLRA/mathsat/RandomCoupled/pb_real_40_0600_10_22.smt2,416013,Z3-4.3.2.a054b099c1d6-x64-debian-6.0.6-SMT-COMP-2014,1286,default,1815,complete,0.026995,0.028646,0.0,sat,unknown
21857771,QF_UFLRA/mathsat/RandomCoupled/pb_real_40_0600_10_23.smt2,416014,CVC4 f7118b2,1257,default,1778,complete,0.106982,0.118696,106092.0,sat,unknown
21857772,QF_UFLRA/mathsat/RandomCoupled/pb_real_40_0600_10_23.smt2,416014,Yices-2.2.1-smtcomp2014,1259,default,1781,complete,0.134978,0.1442,106092.0,sat,unknown
21857773,QF_UFLRA/mathsat/RandomCoupled/pb_real_40_0600_10_23.smt2,416014,Z3-4.3.2.a054b099c1d6-x64-debian-6.0.6-SMT-COMP-2014,1286,default,1815,complete,0.19097,0.198633,106092.0,sat,unknown
21857774,QF_UFLRA/mathsat/RandomCoupled/pb_real_40_0600_10_24.smt2,416015,CVC4 f7118b2,1257,default,1778,complete,0.102983,0.113926,106092.0,sat,unknown
21857775,QF_UFLRA/mathsat/RandomCoupled/pb_real_40_0600_10_24.smt2,416015,Yices-2.2.1-smtcomp2014,1259,default,1781,complete,0.009997,0.019718,0.0,sat,unknown
21857776,QF_UFLRA/mathsat/RandomCoupled/pb_real_40_0600_10_24.smt2,416015,Z3-4.3.2.a054b099c1d6-x64-debian-6.0.6-SMT-COMP-2014,1286,default,1815,complete,0.048992,0.0577991,106092.0,sat,unknown
21857777,QF_UFLRA/mathsat/RandomCoupled/pb_real_40_0600_10_26.smt2,416017,CVC4 f7118b2,1257,default,1778,complete,0.071988,0.082387,106092.0,sat,unknown
21857778,QF_UFLRA/mathsat/RandomCoupled/pb_real_40_0600_10_26.smt2,416017,Yices-2.2.1-smtcomp2014,1259,default,1781,complete,0.010997,0.0125619,0.0,sat,unknown
21857779,QF_UFLRA/mathsat/RandomCoupled/pb_real_40_0600_10_26.smt2,416017,Z3-4.3.2.a054b099c1d6-x64-debian-6.0.6-SMT-COMP-2014,1286,default,1815,complete,0.027995,0.030128,0.0,sat,unknown
21857780,QF_UFLRA/mathsat/RandomCoupled/pb_real_40_0600_10_27.smt2,416018,CVC4 f7118b2,1257,default,1778,complete,0.072988,0.0828481,0.0,sat,unknown
21857781,QF_UFLRA/mathsat/RandomCoupled/pb_real_40_0600_10_27.smt2,416018,Yices-2.2.1-smtcomp2014,1259,default,1781,complete,0.012997,0.0215459,0.0,sat,unknown
21857782,QF_UFLRA/mathsat/RandomCoupled/pb_real_40_0600_10_27.smt2,416018,Z3-4.3.2.a054b099c1d6-x64-debian-6.0.6-SMT-COMP-2014,1286,default,1815,complete,0.027995,0.029629,0.0,sat,unknown
21857783,QF_UFLRA/mathsat/RandomCoupled/pb_real_40_0600_10_28.smt2,416019,CVC4 f7118b2,1257,default,1778,complete,0.066989,0.0767439,106092.0,sat,unknown
21857784,QF_UFLRA/mathsat/RandomCoupled/pb_real_40_0600_10_28.smt2,416019,Yices-2.2.1-smtcomp2014,1259,default,1781,complete,0.014997,0.0164531,0.0,sat,unknown
21857785,QF_UFLRA/mathsat/RandomCoupled/pb_real_40_0600_10_28.smt2,416019,Z3-4.3.2.a054b099c1d6-x64-debian-6.0.6-SMT-COMP-2014,1286,default,1815,complete,0.032994,0.0406359,106092.0,sat,unknown
21857786,QF_UFLRA/mathsat/RandomCoupled/pb_real_40_0600_10_29.smt2,416020,CVC4 f7118b2,1257,default,1778,complete,0.083986,0.086777,106092.0,sat,unknown
21857787,QF_UFLRA/mathsat/RandomCoupled/pb_real_40_0600_10_29.smt2,416020,Yices-2.2.1-smtcomp2014,1259,default,1781,complete,0.014997,0.015937,0.0,sat,unknown
21857788,QF_UFLRA/mathsat/RandomCoupled/pb_real_40_0600_10_29.smt2,416020,Z3-4.3.2.a054b099c1d6-x64-debian-6.0.6-SMT-COMP-2014,1286,default,1815,complete,0.029995,0.0316119,0.0,sat,unknown
21857789,QF_UFLRA/mathsat/RandomCoupled/pb_real_40_0800_10_11.smt2,416022,CVC4 f7118b2,1257,default,1778,complete,0.12398,0.126826,106092.0,sat,unknown
21857790,QF_UFLRA/mathsat/RandomCoupled/pb_real_40_0800_10_11.smt2,416022,Yices-2.2.1-smtcomp2014,1259,default,1781,complete,0.030995,0.0398681,0.0,sat,unknown
21857791,QF_UFLRA/mathsat/RandomCoupled/pb_real_40_0800_10_11.smt2,416022,Z3-4.3.2.a054b099c1d6-x64-debian-6.0.6-SMT-COMP-2014,1286,default,1815,complete,0.071988,0.0807101,0.0,sat,unknown
21857792,QF_UFLRA/mathsat/RandomCoupled/pb_real_40_0800_10_12.smt2,416023,CVC4 f7118b2,1257,default,1778,complete,0.100984,0.103656,106092.0,sat,unknown
21857793,QF_UFLRA/mathsat/RandomCoupled/pb_real_40_0800_10_12.smt2,416023,Yices-2.2.1-smtcomp2014,1259,default,1781,complete,0.091985,0.0935749,106092.0,sat,unknown
21857794,QF_UFLRA/mathsat/RandomCoupled/pb_real_40_0800_10_12.smt2,416023,Z3-4.3.2.a054b099c1d6-x64-debian-6.0.6-SMT-COMP-2014,1286,default,1815,complete,0.048992,0.049404,106092.0,sat,unknown
21857795,QF_UFLRA/mathsat/RandomCoupled/pb_real_40_0800_10_14.smt2,416025,CVC4 f7118b2,1257,default,1778,complete,0.199968,0.20262,106092.0,sat,unknown
21857796,QF_UFLRA/mathsat/RandomCoupled/pb_real_40_0800_10_14.smt2,416025,Yices-2.2.1-smtcomp2014,1259,default,1781,complete,0.075987,0.0855391,0.0,sat,unknown
21857797,QF_UFLRA/mathsat/RandomCoupled/pb_real_40_0800_10_14.smt2,416025,Z3-4.3.2.a054b099c1d6-x64-debian-6.0.6-SMT-COMP-2014,1286,default,1815,complete,2.27065,2.27724,244596.0,sat,unknown
21857798,QF_UFLRA/mathsat/RandomCoupled/pb_real_40_0800_10_16.smt2,416027,CVC4 f7118b2,1257,default,1778,complete,0.129979,0.140185,106092.0,sat,unknown
21857799,QF_UFLRA/mathsat/RandomCoupled/pb_real_40_0800_10_16.smt2,416027,Yices-2.2.1-smtcomp2014,1259,default,1781,complete,0.110983,0.119406,106092.0,sat,unknown
21857800,QF_UFLRA/mathsat/RandomCoupled/pb_real_40_0800_10_16.smt2,416027,Z3-4.3.2.a054b099c1d6-x64-debian-6.0.6-SMT-COMP-2014,1286,default,1815,complete,0.072988,0.081252,106092.0,sat,unknown
21857801,QF_UFLRA/mathsat/RandomCoupled/pb_real_40_0800_10_18.smt2,416029,CVC4 f7118b2,1257,default,1778,complete,1.73074,1.7413,155140.0,unsat,unknown
21857802,QF_UFLRA/mathsat/RandomCoupled/pb_real_40_0800_10_18.smt2,416029,Yices-2.2.1-smtcomp2014,1259,default,1781,complete,1.40479,1.40564,109760.0,unsat,unknown
21857803,QF_UFLRA/mathsat/RandomCoupled/pb_real_40_0800_10_18.smt2,416029,Z3-4.3.2.a054b099c1d6-x64-debian-6.0.6-SMT-COMP-2014,1286,default,1815,complete,1.25781,1.26537,244808.0,unsat,unknown
21857804,QF_UFLRA/mathsat/RandomCoupled/pb_real_40_0800_10_19.smt2,416030,CVC4 f7118b2,1257,default,1778,complete,0.138978,0.148883,106092.0,sat,unknown
21857805,QF_UFLRA/mathsat/RandomCoupled/pb_real_40_0800_10_19.smt2,416030,Yices-2.2.1-smtcomp2014,1259,default,1781,complete,0.061989,0.0707699,0.0,sat,unknown
21857806,QF_UFLRA/mathsat/RandomCoupled/pb_real_40_0800_10_19.smt2,416030,Z3-4.3.2.a054b099c1d6-x64-debian-6.0.6-SMT-COMP-2014,1286,default,1815,complete,0.053991,0.0623499,106092.0,sat,unknown
21857807,QF_UFLRA/mathsat/RandomCoupled/pb_real_40_0800_10_20.smt2,416031,CVC4 f7118b2,1257,default,1778,complete,0.12498,0.135837,106092.0,sat,unknown
21857808,QF_UFLRA/mathsat/RandomCoupled/pb_real_40_0800_10_20.smt2,416031,Yices-2.2.1-smtcomp2014,1259,default,1781,complete,0.041993,0.0507029,106092.0,sat,unknown
21857809,QF_UFLRA/mathsat/RandomCoupled/pb_real_40_0800_10_20.smt2,416031,Z3-4.3.2.a054b099c1d6-x64-debian-6.0.6-SMT-COMP-2014,1286,default,1815,complete,0.091985,0.099767,106092.0,sat,unknown
21857810,QF_UFLRA/mathsat/RandomCoupled/pb_real_40_0800_10_21.smt2,416032,CVC4 f7118b2,1257,default,1778,complete,0.140978,0.1556,106092.0,sat,unknown
21857811,QF_UFLRA/mathsat/RandomCoupled/pb_real_40_0800_10_21.smt2,416032,Yices-2.2.1-smtcomp2014,1259,default,1781,complete,0.067988,0.0762741,106092.0,sat,unknown
21857812,QF_UFLRA/mathsat/RandomCoupled/pb_real_40_0800_10_21.smt2,416032,Z3-4.3.2.a054b099c1d6-x64-debian-6.0.6-SMT-COMP-2014,1286,default,1815,complete,0.12498,0.135948,106092.0,sat,unknown
21857813,QF_UFLRA/mathsat/RandomCoupled/pb_real_40_0800_10_24.smt2,416035,CVC4 f7118b2,1257,default,1778,complete,0.464929,0.475033,106092.0,sat,unknown
21857814,QF_UFLRA/mathsat/RandomCoupled/pb_real_40_0800_10_24.smt2,416035,Yices-2.2.1-smtcomp2014,1259,default,1781,complete,0.12198,0.132322,106092.0,sat,unknown
21857815,QF_UFLRA/mathsat/RandomCoupled/pb_real_40_0800_10_24.smt2,416035,Z3-4.3.2.a054b099c1d6-x64-debian-6.0.6-SMT-COMP-2014,1286,default,1815,complete,0.208967,0.216741,106092.0,sat,unknown
21857816,QF_UFLRA/mathsat/RandomCoupled/pb_real_40_0800_10_25.smt2,416036,CVC4 f7118b2,1257,default,1778,complete,0.176972,0.187983,106092.0,sat,unknown
21857817,QF_UFLRA/mathsat/RandomCoupled/pb_real_40_0800_10_25.smt2,416036,Yices-2.2.1-smtcomp2014,1259,default,1781,complete,0.042992,0.0573831,0.0,sat,unknown
21857818,QF_UFLRA/mathsat/RandomCoupled/pb_real_40_0800_10_25.smt2,416036,Z3-4.3.2.a054b099c1d6-x64-debian-6.0.6-SMT-COMP-2014,1286,default,1815,complete,0.164974,0.180034,106092.0,sat,unknown
21857819,QF_UFLRA/mathsat/RandomCoupled/pb_real_40_0800_10_26.smt2,416037,CVC4 f7118b2,1257,default,1778,complete,0.088985,0.101665,106092.0,sat,unknown
21857820,QF_UFLRA/mathsat/RandomCoupled/pb_real_40_0800_10_26.smt2,416037,Yices-2.2.1-smtcomp2014,1259,default,1781,complete,0.014997,0.0239301,106092.0,sat,unknown
21857821,QF_UFLRA/mathsat/RandomCoupled/pb_real_40_0800_10_26.smt2,416037,Z3-4.3.2.a054b099c1d6-x64-debian-6.0.6-SMT-COMP-2014,1286,default,1815,complete,0.065989,0.074169,0.0,sat,unknown
21857822,QF_UFLRA/mathsat/RandomCoupled/pb_real_40_0800_10_27.smt2,416038,CVC4 f7118b2,1257,default,1778,complete,0.139978,0.150115,106092.0,sat,unknown
21857823,QF_UFLRA/mathsat/RandomCoupled/pb_real_40_0800_10_27.smt2,416038,Yices-2.2.1-smtcomp2014,1259,default,1781,complete,0.026995,0.0361909,106092.0,sat,unknown
21857824,QF_UFLRA/mathsat/RandomCoupled/pb_real_40_0800_10_27.smt2,416038,Z3-4.3.2.a054b099c1d6-x64-debian-6.0.6-SMT-COMP-2014,1286,default,1815,complete,0.044992,0.0527001,0.0,sat,unknown
21857825,QF_UFLRA/mathsat/RandomCoupled/pb_real_40_0800_10_28.smt2,416039,CVC4 f7118b2,1257,default,1778,complete,0.112982,0.123482,106092.0,sat,unknown
21857826,QF_UFLRA/mathsat/RandomCoupled/pb_real_40_0800_10_28.smt2,416039,Yices-2.2.1-smtcomp2014,1259,default,1781,complete,0.025996,0.0343061,0.0,sat,unknown
21857827,QF_UFLRA/mathsat/RandomCoupled/pb_real_40_0800_10_28.smt2,416039,Z3-4.3.2.a054b099c1d6-x64-debian-6.0.6-SMT-COMP-2014,1286,default,1815,complete,0.045992,0.0609509,0.0,sat,unknown
21857567,QF_UFLRA/cpachecker-bmc-svcomp14/cpachecker-bmc.rekcba_ctm_false-unreach-call.3.c.smt2,870147,CVC4 f7118b2,1257,default,1778,timeout (cpu),36000.0,35985.9,1.199192E7,starexec-unknown,unknown
21857568,QF_UFLRA/cpachecker-bmc-svcomp14/cpachecker-bmc.rekcba_ctm_false-unreach-call.3.c.smt2,870147,Yices-2.2.1-smtcomp2014,1259,default,1781,timeout (cpu),36000.1,35982.2,1699556.0,starexec-unknown,unknown
21857569,QF_UFLRA/cpachecker-bmc-svcomp14/cpachecker-bmc.rekcba_ctm_false-unreach-call.3.c.smt2,870147,Z3-4.3.2.a054b099c1d6-x64-debian-6.0.6-SMT-COMP-2014,1286,default,1815,complete,8840.27,8837.74,5537792.0,sat,unknown
21857576,QF_UFLRA/cpachecker-bmc-svcomp14/cpachecker-bmc.rekcba_ctm_true-unreach-call.3.c.smt2,870156,CVC4 f7118b2,1257,default,1778,timeout (cpu),36000.0,35985.3,1.4926104E7,starexec-unknown,unknown
21857577,QF_UFLRA/cpachecker-bmc-svcomp14/cpachecker-bmc.rekcba_ctm_true-unreach-call.3.c.smt2,870156,Yices-2.2.1-smtcomp2014,1259,default,1781,timeout (cpu),36000.1,35982.2,1684724.0,starexec-unknown,unknown
21857578,QF_UFLRA/cpachecker-bmc-svcomp14/cpachecker-bmc.rekcba_ctm_true-unreach-call.3.c.smt2,870156,Z3-4.3.2.a054b099c1d6-x64-debian-6.0.6-SMT-COMP-2014,1286,default,1815,complete,11339.8,11335.6,5541072.0,sat,unknown
21857585,QF_UFLRA/cpachecker-bmc-svcomp14/cpachecker-bmc.rekcba_ctm_true-unreach-call.4.c.smt2,870157,CVC4 f7118b2,1257,default,1778,timeout (cpu),36000.1,35985.4,1.1163468E7,starexec-unknown,unknown
21857586,QF_UFLRA/cpachecker-bmc-svcomp14/cpachecker-bmc.rekcba_ctm_true-unreach-call.4.c.smt2,870157,Yices-2.2.1-smtcomp2014,1259,default,1781,timeout (cpu),36000.1,35988.1,2349668.0,starexec-unknown,unknown
21857587,QF_UFLRA/cpachecker-bmc-svcomp14/cpachecker-bmc.rekcba_ctm_true-unreach-call.4.c.smt2,870157,Z3-4.3.2.a054b099c1d6-x64-debian-6.0.6-SMT-COMP-2014,1286,default,1815,timeout (cpu),36000.0,35983.8,9106400.0,starexec-unknown,unknown
