<?xml version="1.0" encoding="UTF-8"?><tns:Jobs xmlns:tns="https://www.starexec.org/starexec/public/batchJobSchema.xsd" xmlns:xsi="http://www.w3.org/2001/XMLSchema-instance" xsi:schemaLocation="https://www.starexec.org/starexec/public/batchJobSchema.xsd batchJobSchema.xsd">
<Job name="QF_UFNRA 06-25-2014 19.42">
<JobAttributes>
<description value="no description"/>
<queue-id value="-1"/>
<start-paused value="false"/>
<cpu-timeout value="36000"/>
<wallclock-timeout value="36000"/>
<mem-limit value="100.0"/>
<postproc-id value="111"/>
</JobAttributes>
<JobPair bench-id="416584" bench-name="30u15.14.smt2" config-id="1778" config-name="default" job-space-id="46441" job-space-path="QF_UFNRA/cas" solver-id="1257" solver-name="CVC4 f7118b2"/>
<JobPair bench-id="416588" bench-name="40f99.smt2" config-id="1778" config-name="default" job-space-id="46441" job-space-path="QF_UFNRA/cas" solver-id="1257" solver-name="CVC4 f7118b2"/>
<JobPair bench-id="416588" bench-name="40f99.smt2" config-id="1815" config-name="default" job-space-id="46441" job-space-path="QF_UFNRA/cas" solver-id="1286" solver-name="Z3-4.3.2.a054b099c1d6-x64-debian-6.0.6-SMT-COMP-2014"/>
<JobPair bench-id="416589" bench-name="40m10.smt2" config-id="1778" config-name="default" job-space-id="46441" job-space-path="QF_UFNRA/cas" solver-id="1257" solver-name="CVC4 f7118b2"/>
<JobPair bench-id="416589" bench-name="40m10.smt2" config-id="1815" config-name="default" job-space-id="46441" job-space-path="QF_UFNRA/cas" solver-id="1286" solver-name="Z3-4.3.2.a054b099c1d6-x64-debian-6.0.6-SMT-COMP-2014"/>
<JobPair bench-id="416590" bench-name="40m25.smt2" config-id="1778" config-name="default" job-space-id="46441" job-space-path="QF_UFNRA/cas" solver-id="1257" solver-name="CVC4 f7118b2"/>
<JobPair bench-id="416590" bench-name="40m25.smt2" config-id="1815" config-name="default" job-space-id="46441" job-space-path="QF_UFNRA/cas" solver-id="1286" solver-name="Z3-4.3.2.a054b099c1d6-x64-debian-6.0.6-SMT-COMP-2014"/>
<JobPair bench-id="416592" bench-name="40m99.smt2" config-id="1778" config-name="default" job-space-id="46441" job-space-path="QF_UFNRA/cas" solver-id="1257" solver-name="CVC4 f7118b2"/>
<JobPair bench-id="416592" bench-name="40m99.smt2" config-id="1815" config-name="default" job-space-id="46441" job-space-path="QF_UFNRA/cas" solver-id="1286" solver-name="Z3-4.3.2.a054b099c1d6-x64-debian-6.0.6-SMT-COMP-2014"/>
<JobPair bench-id="416593" bench-name="40s10.smt2" config-id="1778" config-name="default" job-space-id="46441" job-space-path="QF_UFNRA/cas" solver-id="1257" solver-name="CVC4 f7118b2"/>
<JobPair bench-id="416593" bench-name="40s10.smt2" config-id="1815" config-name="default" job-space-id="46441" job-space-path="QF_UFNRA/cas" solver-id="1286" solver-name="Z3-4.3.2.a054b099c1d6-x64-debian-6.0.6-SMT-COMP-2014"/>
<JobPair bench-id="416596" bench-name="40s99.smt2" config-id="1778" config-name="default" job-space-id="46441" job-space-path="QF_UFNRA/cas" solver-id="1257" solver-name="CVC4 f7118b2"/>
<JobPair bench-id="416596" bench-name="40s99.smt2" config-id="1815" config-name="default" job-space-id="46441" job-space-path="QF_UFNRA/cas" solver-id="1286" solver-name="Z3-4.3.2.a054b099c1d6-x64-debian-6.0.6-SMT-COMP-2014"/>
<JobPair bench-id="416601" bench-name="l40f.smt2" config-id="1778" config-name="default" job-space-id="46441" job-space-path="QF_UFNRA/cas" solver-id="1257" solver-name="CVC4 f7118b2"/>
<JobPair bench-id="416601" bench-name="l40f.smt2" config-id="1815" config-name="default" job-space-id="46441" job-space-path="QF_UFNRA/cas" solver-id="1286" solver-name="Z3-4.3.2.a054b099c1d6-x64-debian-6.0.6-SMT-COMP-2014"/>
<JobPair bench-id="416602" bench-name="l40m.smt2" config-id="1778" config-name="default" job-space-id="46441" job-space-path="QF_UFNRA/cas" solver-id="1257" solver-name="CVC4 f7118b2"/>
<JobPair bench-id="416602" bench-name="l40m.smt2" config-id="1815" config-name="default" job-space-id="46441" job-space-path="QF_UFNRA/cas" solver-id="1286" solver-name="Z3-4.3.2.a054b099c1d6-x64-debian-6.0.6-SMT-COMP-2014"/>
<JobPair bench-id="416604" bench-name="m40.easy.smt2" config-id="1778" config-name="default" job-space-id="46441" job-space-path="QF_UFNRA/cas" solver-id="1257" solver-name="CVC4 f7118b2"/>
<JobPair bench-id="416604" bench-name="m40.easy.smt2" config-id="1815" config-name="default" job-space-id="46441" job-space-path="QF_UFNRA/cas" solver-id="1286" solver-name="Z3-4.3.2.a054b099c1d6-x64-debian-6.0.6-SMT-COMP-2014"/>
<JobPair bench-id="416605" bench-name="m40.smt2" config-id="1778" config-name="default" job-space-id="46441" job-space-path="QF_UFNRA/cas" solver-id="1257" solver-name="CVC4 f7118b2"/>
<JobPair bench-id="416605" bench-name="m40.smt2" config-id="1815" config-name="default" job-space-id="46441" job-space-path="QF_UFNRA/cas" solver-id="1286" solver-name="Z3-4.3.2.a054b099c1d6-x64-debian-6.0.6-SMT-COMP-2014"/>
<JobPair bench-id="416584" bench-name="30u15.14.smt2" config-id="1815" config-name="default" job-space-id="46441" job-space-path="QF_UFNRA/cas" solver-id="1286" solver-name="Z3-4.3.2.a054b099c1d6-x64-debian-6.0.6-SMT-COMP-2014"/>
</Job>
</tns:Jobs>
