<?xml version="1.0" encoding="UTF-8"?><tns:Jobs xmlns:tns="https://www.starexec.org/starexec/public/batchJobSchema.xsd" xmlns:xsi="http://www.w3.org/2001/XMLSchema-instance" xsi:schemaLocation="https://www.starexec.org/starexec/public/batchJobSchema.xsd batchJobSchema.xsd">
<Job name="AUFLIRA 06-23-2014 08.27">
<JobAttributes>
<description value="no description"/>
<queue-id value="-1"/>
<start-paused value="false"/>
<cpu-timeout value="36000"/>
<wallclock-timeout value="36000"/>
<mem-limit value="100.0"/>
<postproc-id value="111"/>
</JobAttributes>
<JobPair bench-id="893270" bench-name="smtlib.769312.smt2" config-id="1778" config-name="default" job-space-id="45185" job-space-path="AUFLIRA/FFT" solver-id="1257" solver-name="CVC4 f7118b2"/>
<JobPair bench-id="893270" bench-name="smtlib.769312.smt2" config-id="1815" config-name="default" job-space-id="45185" job-space-path="AUFLIRA/FFT" solver-id="1286" solver-name="Z3-4.3.2.a054b099c1d6-x64-debian-6.0.6-SMT-COMP-2014"/>
<JobPair bench-id="329811" bench-name="quaternion_ds1_inuse_0018.fof.smt2" config-id="1778" config-name="default" job-space-id="45187" job-space-path="AUFLIRA/nasa/fol_simplify" solver-id="1257" solver-name="CVC4 f7118b2"/>
<JobPair bench-id="329811" bench-name="quaternion_ds1_inuse_0018.fof.smt2" config-id="1815" config-name="default" job-space-id="45187" job-space-path="AUFLIRA/nasa/fol_simplify" solver-id="1286" solver-name="Z3-4.3.2.a054b099c1d6-x64-debian-6.0.6-SMT-COMP-2014"/>
<JobPair bench-id="331178" bench-name="thruster_inuse_0110.fof.smt2" config-id="1778" config-name="default" job-space-id="45180" job-space-path="AUFLIRA/nasa/fol_simplify_arithmetics" solver-id="1257" solver-name="CVC4 f7118b2"/>
<JobPair bench-id="331178" bench-name="thruster_inuse_0110.fof.smt2" config-id="1815" config-name="default" job-space-id="45180" job-space-path="AUFLIRA/nasa/fol_simplify_arithmetics" solver-id="1286" solver-name="Z3-4.3.2.a054b099c1d6-x64-debian-6.0.6-SMT-COMP-2014"/>
<JobPair bench-id="331199" bench-name="cl5_nebula_norm_0009.fof.smt2" config-id="1778" config-name="default" job-space-id="45181" job-space-path="AUFLIRA/nasa/fol_simplify_array" solver-id="1257" solver-name="CVC4 f7118b2"/>
<JobPair bench-id="331199" bench-name="cl5_nebula_norm_0009.fof.smt2" config-id="1815" config-name="default" job-space-id="45181" job-space-path="AUFLIRA/nasa/fol_simplify_array" solver-id="1286" solver-name="Z3-4.3.2.a054b099c1d6-x64-debian-6.0.6-SMT-COMP-2014"/>
<JobPair bench-id="331798" bench-name="cl5_nebula_norm_0027.fof.smt2" config-id="1778" config-name="default" job-space-id="45182" job-space-path="AUFLIRA/nasa/fol_simplify_array_only" solver-id="1257" solver-name="CVC4 f7118b2"/>
<JobPair bench-id="331798" bench-name="cl5_nebula_norm_0027.fof.smt2" config-id="1815" config-name="default" job-space-id="45182" job-space-path="AUFLIRA/nasa/fol_simplify_array_only" solver-id="1286" solver-name="Z3-4.3.2.a054b099c1d6-x64-debian-6.0.6-SMT-COMP-2014"/>
<JobPair bench-id="347442" bench-name="thruster_inuse_0113.fof.smt2" config-id="1778" config-name="default" job-space-id="45183" job-space-path="AUFLIRA/nasa/fol_simplify_structure_prop" solver-id="1257" solver-name="CVC4 f7118b2"/>
<JobPair bench-id="347442" bench-name="thruster_inuse_0113.fof.smt2" config-id="1815" config-name="default" job-space-id="45183" job-space-path="AUFLIRA/nasa/fol_simplify_structure_prop" solver-id="1286" solver-name="Z3-4.3.2.a054b099c1d6-x64-debian-6.0.6-SMT-COMP-2014"/>
<JobPair bench-id="347544" bench-name="cl5_nebula_norm_0009.fof.smt2" config-id="1778" config-name="default" job-space-id="45178" job-space-path="AUFLIRA/nasa/vc_normalize_subst" solver-id="1257" solver-name="CVC4 f7118b2"/>
<JobPair bench-id="347544" bench-name="cl5_nebula_norm_0009.fof.smt2" config-id="1815" config-name="default" job-space-id="45178" job-space-path="AUFLIRA/nasa/vc_normalize_subst" solver-id="1286" solver-name="Z3-4.3.2.a054b099c1d6-x64-debian-6.0.6-SMT-COMP-2014"/>
<JobPair bench-id="347969" bench-name="smtlib009aaf.smt2" config-id="1778" config-name="default" job-space-id="45179" job-space-path="AUFLIRA/why" solver-id="1257" solver-name="CVC4 f7118b2"/>
<JobPair bench-id="347969" bench-name="smtlib009aaf.smt2" config-id="1815" config-name="default" job-space-id="45179" job-space-path="AUFLIRA/why" solver-id="1286" solver-name="Z3-4.3.2.a054b099c1d6-x64-debian-6.0.6-SMT-COMP-2014"/>
<JobPair bench-id="893271" bench-name="smtlib.707927.smt2" config-id="1778" config-name="default" job-space-id="45185" job-space-path="AUFLIRA/FFT" solver-id="1257" solver-name="CVC4 f7118b2"/>
<JobPair bench-id="893271" bench-name="smtlib.707927.smt2" config-id="1815" config-name="default" job-space-id="45185" job-space-path="AUFLIRA/FFT" solver-id="1286" solver-name="Z3-4.3.2.a054b099c1d6-x64-debian-6.0.6-SMT-COMP-2014"/>
<JobPair bench-id="330331" bench-name="thruster_inuse_0001.fof.smt2" config-id="1778" config-name="default" job-space-id="45187" job-space-path="AUFLIRA/nasa/fol_simplify" solver-id="1257" solver-name="CVC4 f7118b2"/>
<JobPair bench-id="330331" bench-name="thruster_inuse_0001.fof.smt2" config-id="1815" config-name="default" job-space-id="45187" job-space-path="AUFLIRA/nasa/fol_simplify" solver-id="1286" solver-name="Z3-4.3.2.a054b099c1d6-x64-debian-6.0.6-SMT-COMP-2014"/>
<JobPair bench-id="331180" bench-name="thruster_inuse_0112.fof.smt2" config-id="1778" config-name="default" job-space-id="45180" job-space-path="AUFLIRA/nasa/fol_simplify_arithmetics" solver-id="1257" solver-name="CVC4 f7118b2"/>
<JobPair bench-id="331180" bench-name="thruster_inuse_0112.fof.smt2" config-id="1815" config-name="default" job-space-id="45180" job-space-path="AUFLIRA/nasa/fol_simplify_arithmetics" solver-id="1286" solver-name="Z3-4.3.2.a054b099c1d6-x64-debian-6.0.6-SMT-COMP-2014"/>
<JobPair bench-id="331200" bench-name="cl5_nebula_norm_0012.fof.smt2" config-id="1778" config-name="default" job-space-id="45181" job-space-path="AUFLIRA/nasa/fol_simplify_array" solver-id="1257" solver-name="CVC4 f7118b2"/>
<JobPair bench-id="331200" bench-name="cl5_nebula_norm_0012.fof.smt2" config-id="1815" config-name="default" job-space-id="45181" job-space-path="AUFLIRA/nasa/fol_simplify_array" solver-id="1286" solver-name="Z3-4.3.2.a054b099c1d6-x64-debian-6.0.6-SMT-COMP-2014"/>
<JobPair bench-id="331808" bench-name="cl5_nebula_norm_0060.fof.smt2" config-id="1778" config-name="default" job-space-id="45182" job-space-path="AUFLIRA/nasa/fol_simplify_array_only" solver-id="1257" solver-name="CVC4 f7118b2"/>
<JobPair bench-id="331808" bench-name="cl5_nebula_norm_0060.fof.smt2" config-id="1815" config-name="default" job-space-id="45182" job-space-path="AUFLIRA/nasa/fol_simplify_array_only" solver-id="1286" solver-name="Z3-4.3.2.a054b099c1d6-x64-debian-6.0.6-SMT-COMP-2014"/>
<JobPair bench-id="347444" bench-name="thruster_inuse_0115.fof.smt2" config-id="1778" config-name="default" job-space-id="45183" job-space-path="AUFLIRA/nasa/fol_simplify_structure_prop" solver-id="1257" solver-name="CVC4 f7118b2"/>
<JobPair bench-id="347444" bench-name="thruster_inuse_0115.fof.smt2" config-id="1815" config-name="default" job-space-id="45183" job-space-path="AUFLIRA/nasa/fol_simplify_structure_prop" solver-id="1286" solver-name="Z3-4.3.2.a054b099c1d6-x64-debian-6.0.6-SMT-COMP-2014"/>
<JobPair bench-id="347546" bench-name="cl5_nebula_norm_0018.fof.smt2" config-id="1778" config-name="default" job-space-id="45178" job-space-path="AUFLIRA/nasa/vc_normalize_subst" solver-id="1257" solver-name="CVC4 f7118b2"/>
<JobPair bench-id="347546" bench-name="cl5_nebula_norm_0018.fof.smt2" config-id="1815" config-name="default" job-space-id="45178" job-space-path="AUFLIRA/nasa/vc_normalize_subst" solver-id="1286" solver-name="Z3-4.3.2.a054b099c1d6-x64-debian-6.0.6-SMT-COMP-2014"/>
<JobPair bench-id="348105" bench-name="smtlib1c791d.smt2" config-id="1778" config-name="default" job-space-id="45179" job-space-path="AUFLIRA/why" solver-id="1257" solver-name="CVC4 f7118b2"/>
<JobPair bench-id="348105" bench-name="smtlib1c791d.smt2" config-id="1815" config-name="default" job-space-id="45179" job-space-path="AUFLIRA/why" solver-id="1286" solver-name="Z3-4.3.2.a054b099c1d6-x64-debian-6.0.6-SMT-COMP-2014"/>
<JobPair bench-id="893272" bench-name="smtlib.562660.smt2" config-id="1778" config-name="default" job-space-id="45185" job-space-path="AUFLIRA/FFT" solver-id="1257" solver-name="CVC4 f7118b2"/>
<JobPair bench-id="893272" bench-name="smtlib.562660.smt2" config-id="1815" config-name="default" job-space-id="45185" job-space-path="AUFLIRA/FFT" solver-id="1286" solver-name="Z3-4.3.2.a054b099c1d6-x64-debian-6.0.6-SMT-COMP-2014"/>
<JobPair bench-id="331182" bench-name="thruster_inuse_0114.fof.smt2" config-id="1778" config-name="default" job-space-id="45180" job-space-path="AUFLIRA/nasa/fol_simplify_arithmetics" solver-id="1257" solver-name="CVC4 f7118b2"/>
<JobPair bench-id="331182" bench-name="thruster_inuse_0114.fof.smt2" config-id="1815" config-name="default" job-space-id="45180" job-space-path="AUFLIRA/nasa/fol_simplify_arithmetics" solver-id="1286" solver-name="Z3-4.3.2.a054b099c1d6-x64-debian-6.0.6-SMT-COMP-2014"/>
<JobPair bench-id="331202" bench-name="cl5_nebula_norm_0018.fof.smt2" config-id="1778" config-name="default" job-space-id="45181" job-space-path="AUFLIRA/nasa/fol_simplify_array" solver-id="1257" solver-name="CVC4 f7118b2"/>
<JobPair bench-id="331202" bench-name="cl5_nebula_norm_0018.fof.smt2" config-id="1815" config-name="default" job-space-id="45181" job-space-path="AUFLIRA/nasa/fol_simplify_array" solver-id="1286" solver-name="Z3-4.3.2.a054b099c1d6-x64-debian-6.0.6-SMT-COMP-2014"/>
<JobPair bench-id="331818" bench-name="cl5_nebula_norm_0089.fof.smt2" config-id="1778" config-name="default" job-space-id="45182" job-space-path="AUFLIRA/nasa/fol_simplify_array_only" solver-id="1257" solver-name="CVC4 f7118b2"/>
<JobPair bench-id="331818" bench-name="cl5_nebula_norm_0089.fof.smt2" config-id="1815" config-name="default" job-space-id="45182" job-space-path="AUFLIRA/nasa/fol_simplify_array_only" solver-id="1286" solver-name="Z3-4.3.2.a054b099c1d6-x64-debian-6.0.6-SMT-COMP-2014"/>
<JobPair bench-id="347446" bench-name="thruster_inuse_0117.fof.smt2" config-id="1778" config-name="default" job-space-id="45183" job-space-path="AUFLIRA/nasa/fol_simplify_structure_prop" solver-id="1257" solver-name="CVC4 f7118b2"/>
<JobPair bench-id="347446" bench-name="thruster_inuse_0117.fof.smt2" config-id="1815" config-name="default" job-space-id="45183" job-space-path="AUFLIRA/nasa/fol_simplify_structure_prop" solver-id="1286" solver-name="Z3-4.3.2.a054b099c1d6-x64-debian-6.0.6-SMT-COMP-2014"/>
<JobPair bench-id="347550" bench-name="cl5_nebula_norm_0025.fof.smt2" config-id="1778" config-name="default" job-space-id="45178" job-space-path="AUFLIRA/nasa/vc_normalize_subst" solver-id="1257" solver-name="CVC4 f7118b2"/>
<JobPair bench-id="347550" bench-name="cl5_nebula_norm_0025.fof.smt2" config-id="1815" config-name="default" job-space-id="45178" job-space-path="AUFLIRA/nasa/vc_normalize_subst" solver-id="1286" solver-name="Z3-4.3.2.a054b099c1d6-x64-debian-6.0.6-SMT-COMP-2014"/>
<JobPair bench-id="348155" bench-name="smtlib269d2a.smt2" config-id="1778" config-name="default" job-space-id="45179" job-space-path="AUFLIRA/why" solver-id="1257" solver-name="CVC4 f7118b2"/>
<JobPair bench-id="348155" bench-name="smtlib269d2a.smt2" config-id="1815" config-name="default" job-space-id="45179" job-space-path="AUFLIRA/why" solver-id="1286" solver-name="Z3-4.3.2.a054b099c1d6-x64-debian-6.0.6-SMT-COMP-2014"/>
<JobPair bench-id="893273" bench-name="z3.562356.smt2" config-id="1778" config-name="default" job-space-id="45185" job-space-path="AUFLIRA/FFT" solver-id="1257" solver-name="CVC4 f7118b2"/>
<JobPair bench-id="893273" bench-name="z3.562356.smt2" config-id="1815" config-name="default" job-space-id="45185" job-space-path="AUFLIRA/FFT" solver-id="1286" solver-name="Z3-4.3.2.a054b099c1d6-x64-debian-6.0.6-SMT-COMP-2014"/>
<JobPair bench-id="331183" bench-name="thruster_inuse_0115.fof.smt2" config-id="1778" config-name="default" job-space-id="45180" job-space-path="AUFLIRA/nasa/fol_simplify_arithmetics" solver-id="1257" solver-name="CVC4 f7118b2"/>
<JobPair bench-id="331183" bench-name="thruster_inuse_0115.fof.smt2" config-id="1815" config-name="default" job-space-id="45180" job-space-path="AUFLIRA/nasa/fol_simplify_arithmetics" solver-id="1286" solver-name="Z3-4.3.2.a054b099c1d6-x64-debian-6.0.6-SMT-COMP-2014"/>
<JobPair bench-id="331203" bench-name="cl5_nebula_norm_0019.fof.smt2" config-id="1778" config-name="default" job-space-id="45181" job-space-path="AUFLIRA/nasa/fol_simplify_array" solver-id="1257" solver-name="CVC4 f7118b2"/>
<JobPair bench-id="331203" bench-name="cl5_nebula_norm_0019.fof.smt2" config-id="1815" config-name="default" job-space-id="45181" job-space-path="AUFLIRA/nasa/fol_simplify_array" solver-id="1286" solver-name="Z3-4.3.2.a054b099c1d6-x64-debian-6.0.6-SMT-COMP-2014"/>
<JobPair bench-id="331823" bench-name="cl5_nebula_norm_0094.fof.smt2" config-id="1778" config-name="default" job-space-id="45182" job-space-path="AUFLIRA/nasa/fol_simplify_array_only" solver-id="1257" solver-name="CVC4 f7118b2"/>
<JobPair bench-id="331823" bench-name="cl5_nebula_norm_0094.fof.smt2" config-id="1815" config-name="default" job-space-id="45182" job-space-path="AUFLIRA/nasa/fol_simplify_array_only" solver-id="1286" solver-name="Z3-4.3.2.a054b099c1d6-x64-debian-6.0.6-SMT-COMP-2014"/>
<JobPair bench-id="347447" bench-name="thruster_inuse_0118.fof.smt2" config-id="1778" config-name="default" job-space-id="45183" job-space-path="AUFLIRA/nasa/fol_simplify_structure_prop" solver-id="1257" solver-name="CVC4 f7118b2"/>
<JobPair bench-id="347447" bench-name="thruster_inuse_0118.fof.smt2" config-id="1815" config-name="default" job-space-id="45183" job-space-path="AUFLIRA/nasa/fol_simplify_structure_prop" solver-id="1286" solver-name="Z3-4.3.2.a054b099c1d6-x64-debian-6.0.6-SMT-COMP-2014"/>
<JobPair bench-id="347552" bench-name="cl5_nebula_norm_0027.fof.smt2" config-id="1778" config-name="default" job-space-id="45178" job-space-path="AUFLIRA/nasa/vc_normalize_subst" solver-id="1257" solver-name="CVC4 f7118b2"/>
<JobPair bench-id="347552" bench-name="cl5_nebula_norm_0027.fof.smt2" config-id="1815" config-name="default" job-space-id="45178" job-space-path="AUFLIRA/nasa/vc_normalize_subst" solver-id="1286" solver-name="Z3-4.3.2.a054b099c1d6-x64-debian-6.0.6-SMT-COMP-2014"/>
<JobPair bench-id="348260" bench-name="smtlib3c9c6b.smt2" config-id="1778" config-name="default" job-space-id="45179" job-space-path="AUFLIRA/why" solver-id="1257" solver-name="CVC4 f7118b2"/>
<JobPair bench-id="348260" bench-name="smtlib3c9c6b.smt2" config-id="1815" config-name="default" job-space-id="45179" job-space-path="AUFLIRA/why" solver-id="1286" solver-name="Z3-4.3.2.a054b099c1d6-x64-debian-6.0.6-SMT-COMP-2014"/>
<JobPair bench-id="893274" bench-name="smtlib.909355.smt2" config-id="1778" config-name="default" job-space-id="45185" job-space-path="AUFLIRA/FFT" solver-id="1257" solver-name="CVC4 f7118b2"/>
<JobPair bench-id="893274" bench-name="smtlib.909355.smt2" config-id="1815" config-name="default" job-space-id="45185" job-space-path="AUFLIRA/FFT" solver-id="1286" solver-name="Z3-4.3.2.a054b099c1d6-x64-debian-6.0.6-SMT-COMP-2014"/>
<JobPair bench-id="331184" bench-name="thruster_inuse_0116.fof.smt2" config-id="1778" config-name="default" job-space-id="45180" job-space-path="AUFLIRA/nasa/fol_simplify_arithmetics" solver-id="1257" solver-name="CVC4 f7118b2"/>
<JobPair bench-id="331184" bench-name="thruster_inuse_0116.fof.smt2" config-id="1815" config-name="default" job-space-id="45180" job-space-path="AUFLIRA/nasa/fol_simplify_arithmetics" solver-id="1286" solver-name="Z3-4.3.2.a054b099c1d6-x64-debian-6.0.6-SMT-COMP-2014"/>
<JobPair bench-id="331204" bench-name="cl5_nebula_norm_0020.fof.smt2" config-id="1778" config-name="default" job-space-id="45181" job-space-path="AUFLIRA/nasa/fol_simplify_array" solver-id="1257" solver-name="CVC4 f7118b2"/>
<JobPair bench-id="331204" bench-name="cl5_nebula_norm_0020.fof.smt2" config-id="1815" config-name="default" job-space-id="45181" job-space-path="AUFLIRA/nasa/fol_simplify_array" solver-id="1286" solver-name="Z3-4.3.2.a054b099c1d6-x64-debian-6.0.6-SMT-COMP-2014"/>
<JobPair bench-id="331825" bench-name="cl5_nebula_norm_0096.fof.smt2" config-id="1778" config-name="default" job-space-id="45182" job-space-path="AUFLIRA/nasa/fol_simplify_array_only" solver-id="1257" solver-name="CVC4 f7118b2"/>
<JobPair bench-id="331825" bench-name="cl5_nebula_norm_0096.fof.smt2" config-id="1815" config-name="default" job-space-id="45182" job-space-path="AUFLIRA/nasa/fol_simplify_array_only" solver-id="1286" solver-name="Z3-4.3.2.a054b099c1d6-x64-debian-6.0.6-SMT-COMP-2014"/>
<JobPair bench-id="347448" bench-name="thruster_inuse_0119.fof.smt2" config-id="1778" config-name="default" job-space-id="45183" job-space-path="AUFLIRA/nasa/fol_simplify_structure_prop" solver-id="1257" solver-name="CVC4 f7118b2"/>
<JobPair bench-id="347448" bench-name="thruster_inuse_0119.fof.smt2" config-id="1815" config-name="default" job-space-id="45183" job-space-path="AUFLIRA/nasa/fol_simplify_structure_prop" solver-id="1286" solver-name="Z3-4.3.2.a054b099c1d6-x64-debian-6.0.6-SMT-COMP-2014"/>
<JobPair bench-id="347553" bench-name="cl5_nebula_norm_0028.fof.smt2" config-id="1778" config-name="default" job-space-id="45178" job-space-path="AUFLIRA/nasa/vc_normalize_subst" solver-id="1257" solver-name="CVC4 f7118b2"/>
<JobPair bench-id="347553" bench-name="cl5_nebula_norm_0028.fof.smt2" config-id="1815" config-name="default" job-space-id="45178" job-space-path="AUFLIRA/nasa/vc_normalize_subst" solver-id="1286" solver-name="Z3-4.3.2.a054b099c1d6-x64-debian-6.0.6-SMT-COMP-2014"/>
<JobPair bench-id="348314" bench-name="smtlib48ee2e.smt2" config-id="1778" config-name="default" job-space-id="45179" job-space-path="AUFLIRA/why" solver-id="1257" solver-name="CVC4 f7118b2"/>
<JobPair bench-id="348314" bench-name="smtlib48ee2e.smt2" config-id="1815" config-name="default" job-space-id="45179" job-space-path="AUFLIRA/why" solver-id="1286" solver-name="Z3-4.3.2.a054b099c1d6-x64-debian-6.0.6-SMT-COMP-2014"/>
<JobPair bench-id="893275" bench-name="smtlib.827705.smt2" config-id="1778" config-name="default" job-space-id="45185" job-space-path="AUFLIRA/FFT" solver-id="1257" solver-name="CVC4 f7118b2"/>
<JobPair bench-id="893275" bench-name="smtlib.827705.smt2" config-id="1815" config-name="default" job-space-id="45185" job-space-path="AUFLIRA/FFT" solver-id="1286" solver-name="Z3-4.3.2.a054b099c1d6-x64-debian-6.0.6-SMT-COMP-2014"/>
<JobPair bench-id="331185" bench-name="thruster_inuse_0117.fof.smt2" config-id="1778" config-name="default" job-space-id="45180" job-space-path="AUFLIRA/nasa/fol_simplify_arithmetics" solver-id="1257" solver-name="CVC4 f7118b2"/>
<JobPair bench-id="331185" bench-name="thruster_inuse_0117.fof.smt2" config-id="1815" config-name="default" job-space-id="45180" job-space-path="AUFLIRA/nasa/fol_simplify_arithmetics" solver-id="1286" solver-name="Z3-4.3.2.a054b099c1d6-x64-debian-6.0.6-SMT-COMP-2014"/>
<JobPair bench-id="331238" bench-name="thruster_inuse_0028.fof.smt2" config-id="1778" config-name="default" job-space-id="45181" job-space-path="AUFLIRA/nasa/fol_simplify_array" solver-id="1257" solver-name="CVC4 f7118b2"/>
<JobPair bench-id="331238" bench-name="thruster_inuse_0028.fof.smt2" config-id="1815" config-name="default" job-space-id="45181" job-space-path="AUFLIRA/nasa/fol_simplify_array" solver-id="1286" solver-name="Z3-4.3.2.a054b099c1d6-x64-debian-6.0.6-SMT-COMP-2014"/>
<JobPair bench-id="335135" bench-name="quaternion_ds1_inuse_0601.fof.smt2" config-id="1778" config-name="default" job-space-id="45182" job-space-path="AUFLIRA/nasa/fol_simplify_array_only" solver-id="1257" solver-name="CVC4 f7118b2"/>
<JobPair bench-id="335135" bench-name="quaternion_ds1_inuse_0601.fof.smt2" config-id="1815" config-name="default" job-space-id="45182" job-space-path="AUFLIRA/nasa/fol_simplify_array_only" solver-id="1286" solver-name="Z3-4.3.2.a054b099c1d6-x64-debian-6.0.6-SMT-COMP-2014"/>
<JobPair bench-id="347449" bench-name="thruster_inuse_0120.fof.smt2" config-id="1778" config-name="default" job-space-id="45183" job-space-path="AUFLIRA/nasa/fol_simplify_structure_prop" solver-id="1257" solver-name="CVC4 f7118b2"/>
<JobPair bench-id="347449" bench-name="thruster_inuse_0120.fof.smt2" config-id="1815" config-name="default" job-space-id="45183" job-space-path="AUFLIRA/nasa/fol_simplify_structure_prop" solver-id="1286" solver-name="Z3-4.3.2.a054b099c1d6-x64-debian-6.0.6-SMT-COMP-2014"/>
<JobPair bench-id="347554" bench-name="cl5_nebula_norm_0029.fof.smt2" config-id="1778" config-name="default" job-space-id="45178" job-space-path="AUFLIRA/nasa/vc_normalize_subst" solver-id="1257" solver-name="CVC4 f7118b2"/>
<JobPair bench-id="347554" bench-name="cl5_nebula_norm_0029.fof.smt2" config-id="1815" config-name="default" job-space-id="45178" job-space-path="AUFLIRA/nasa/vc_normalize_subst" solver-id="1286" solver-name="Z3-4.3.2.a054b099c1d6-x64-debian-6.0.6-SMT-COMP-2014"/>
<JobPair bench-id="348316" bench-name="smtlib4a7ca5.smt2" config-id="1778" config-name="default" job-space-id="45179" job-space-path="AUFLIRA/why" solver-id="1257" solver-name="CVC4 f7118b2"/>
<JobPair bench-id="348316" bench-name="smtlib4a7ca5.smt2" config-id="1815" config-name="default" job-space-id="45179" job-space-path="AUFLIRA/why" solver-id="1286" solver-name="Z3-4.3.2.a054b099c1d6-x64-debian-6.0.6-SMT-COMP-2014"/>
<JobPair bench-id="893276" bench-name="smtlib.910391.smt2" config-id="1778" config-name="default" job-space-id="45185" job-space-path="AUFLIRA/FFT" solver-id="1257" solver-name="CVC4 f7118b2"/>
<JobPair bench-id="893276" bench-name="smtlib.910391.smt2" config-id="1815" config-name="default" job-space-id="45185" job-space-path="AUFLIRA/FFT" solver-id="1286" solver-name="Z3-4.3.2.a054b099c1d6-x64-debian-6.0.6-SMT-COMP-2014"/>
<JobPair bench-id="341796" bench-name="thruster_inuse_2375.fof.smt2" config-id="1778" config-name="default" job-space-id="45182" job-space-path="AUFLIRA/nasa/fol_simplify_array_only" solver-id="1257" solver-name="CVC4 f7118b2"/>
<JobPair bench-id="341796" bench-name="thruster_inuse_2375.fof.smt2" config-id="1815" config-name="default" job-space-id="45182" job-space-path="AUFLIRA/nasa/fol_simplify_array_only" solver-id="1286" solver-name="Z3-4.3.2.a054b099c1d6-x64-debian-6.0.6-SMT-COMP-2014"/>
<JobPair bench-id="347555" bench-name="cl5_nebula_norm_0030.fof.smt2" config-id="1778" config-name="default" job-space-id="45178" job-space-path="AUFLIRA/nasa/vc_normalize_subst" solver-id="1257" solver-name="CVC4 f7118b2"/>
<JobPair bench-id="347555" bench-name="cl5_nebula_norm_0030.fof.smt2" config-id="1815" config-name="default" job-space-id="45178" job-space-path="AUFLIRA/nasa/vc_normalize_subst" solver-id="1286" solver-name="Z3-4.3.2.a054b099c1d6-x64-debian-6.0.6-SMT-COMP-2014"/>
<JobPair bench-id="348347" bench-name="smtlib51a177.smt2" config-id="1778" config-name="default" job-space-id="45179" job-space-path="AUFLIRA/why" solver-id="1257" solver-name="CVC4 f7118b2"/>
<JobPair bench-id="348347" bench-name="smtlib51a177.smt2" config-id="1815" config-name="default" job-space-id="45179" job-space-path="AUFLIRA/why" solver-id="1286" solver-name="Z3-4.3.2.a054b099c1d6-x64-debian-6.0.6-SMT-COMP-2014"/>
<JobPair bench-id="893277" bench-name="smtlib.748622.smt2" config-id="1778" config-name="default" job-space-id="45185" job-space-path="AUFLIRA/FFT" solver-id="1257" solver-name="CVC4 f7118b2"/>
<JobPair bench-id="893277" bench-name="smtlib.748622.smt2" config-id="1815" config-name="default" job-space-id="45185" job-space-path="AUFLIRA/FFT" solver-id="1286" solver-name="Z3-4.3.2.a054b099c1d6-x64-debian-6.0.6-SMT-COMP-2014"/>
<JobPair bench-id="341804" bench-name="thruster_inuse_2383.fof.smt2" config-id="1778" config-name="default" job-space-id="45182" job-space-path="AUFLIRA/nasa/fol_simplify_array_only" solver-id="1257" solver-name="CVC4 f7118b2"/>
<JobPair bench-id="341804" bench-name="thruster_inuse_2383.fof.smt2" config-id="1815" config-name="default" job-space-id="45182" job-space-path="AUFLIRA/nasa/fol_simplify_array_only" solver-id="1286" solver-name="Z3-4.3.2.a054b099c1d6-x64-debian-6.0.6-SMT-COMP-2014"/>
<JobPair bench-id="347748" bench-name="quaternion_ds1_inuse_0013.fof.smt2" config-id="1778" config-name="default" job-space-id="45178" job-space-path="AUFLIRA/nasa/vc_normalize_subst" solver-id="1257" solver-name="CVC4 f7118b2"/>
<JobPair bench-id="347748" bench-name="quaternion_ds1_inuse_0013.fof.smt2" config-id="1815" config-name="default" job-space-id="45178" job-space-path="AUFLIRA/nasa/vc_normalize_subst" solver-id="1286" solver-name="Z3-4.3.2.a054b099c1d6-x64-debian-6.0.6-SMT-COMP-2014"/>
<JobPair bench-id="348367" bench-name="smtlib549b76.smt2" config-id="1778" config-name="default" job-space-id="45179" job-space-path="AUFLIRA/why" solver-id="1257" solver-name="CVC4 f7118b2"/>
<JobPair bench-id="348367" bench-name="smtlib549b76.smt2" config-id="1815" config-name="default" job-space-id="45179" job-space-path="AUFLIRA/why" solver-id="1286" solver-name="Z3-4.3.2.a054b099c1d6-x64-debian-6.0.6-SMT-COMP-2014"/>
<JobPair bench-id="893278" bench-name="smtlib.748236.smt2" config-id="1778" config-name="default" job-space-id="45185" job-space-path="AUFLIRA/FFT" solver-id="1257" solver-name="CVC4 f7118b2"/>
<JobPair bench-id="893278" bench-name="smtlib.748236.smt2" config-id="1815" config-name="default" job-space-id="45185" job-space-path="AUFLIRA/FFT" solver-id="1286" solver-name="Z3-4.3.2.a054b099c1d6-x64-debian-6.0.6-SMT-COMP-2014"/>
<JobPair bench-id="341812" bench-name="thruster_inuse_2391.fof.smt2" config-id="1778" config-name="default" job-space-id="45182" job-space-path="AUFLIRA/nasa/fol_simplify_array_only" solver-id="1257" solver-name="CVC4 f7118b2"/>
<JobPair bench-id="341812" bench-name="thruster_inuse_2391.fof.smt2" config-id="1815" config-name="default" job-space-id="45182" job-space-path="AUFLIRA/nasa/fol_simplify_array_only" solver-id="1286" solver-name="Z3-4.3.2.a054b099c1d6-x64-debian-6.0.6-SMT-COMP-2014"/>
<JobPair bench-id="347765" bench-name="thruster_init_0002.fof.smt2" config-id="1778" config-name="default" job-space-id="45178" job-space-path="AUFLIRA/nasa/vc_normalize_subst" solver-id="1257" solver-name="CVC4 f7118b2"/>
<JobPair bench-id="347765" bench-name="thruster_init_0002.fof.smt2" config-id="1815" config-name="default" job-space-id="45178" job-space-path="AUFLIRA/nasa/vc_normalize_subst" solver-id="1286" solver-name="Z3-4.3.2.a054b099c1d6-x64-debian-6.0.6-SMT-COMP-2014"/>
<JobPair bench-id="348376" bench-name="smtlib570a3a.smt2" config-id="1778" config-name="default" job-space-id="45179" job-space-path="AUFLIRA/why" solver-id="1257" solver-name="CVC4 f7118b2"/>
<JobPair bench-id="348376" bench-name="smtlib570a3a.smt2" config-id="1815" config-name="default" job-space-id="45179" job-space-path="AUFLIRA/why" solver-id="1286" solver-name="Z3-4.3.2.a054b099c1d6-x64-debian-6.0.6-SMT-COMP-2014"/>
<JobPair bench-id="893279" bench-name="smtlib.846927.smt2" config-id="1778" config-name="default" job-space-id="45185" job-space-path="AUFLIRA/FFT" solver-id="1257" solver-name="CVC4 f7118b2"/>
<JobPair bench-id="893279" bench-name="smtlib.846927.smt2" config-id="1815" config-name="default" job-space-id="45185" job-space-path="AUFLIRA/FFT" solver-id="1286" solver-name="Z3-4.3.2.a054b099c1d6-x64-debian-6.0.6-SMT-COMP-2014"/>
<JobPair bench-id="341816" bench-name="thruster_inuse_2395.fof.smt2" config-id="1778" config-name="default" job-space-id="45182" job-space-path="AUFLIRA/nasa/fol_simplify_array_only" solver-id="1257" solver-name="CVC4 f7118b2"/>
<JobPair bench-id="341816" bench-name="thruster_inuse_2395.fof.smt2" config-id="1815" config-name="default" job-space-id="45182" job-space-path="AUFLIRA/nasa/fol_simplify_array_only" solver-id="1286" solver-name="Z3-4.3.2.a054b099c1d6-x64-debian-6.0.6-SMT-COMP-2014"/>
<JobPair bench-id="347766" bench-name="thruster_inuse_0002.fof.smt2" config-id="1778" config-name="default" job-space-id="45178" job-space-path="AUFLIRA/nasa/vc_normalize_subst" solver-id="1257" solver-name="CVC4 f7118b2"/>
<JobPair bench-id="347766" bench-name="thruster_inuse_0002.fof.smt2" config-id="1815" config-name="default" job-space-id="45178" job-space-path="AUFLIRA/nasa/vc_normalize_subst" solver-id="1286" solver-name="Z3-4.3.2.a054b099c1d6-x64-debian-6.0.6-SMT-COMP-2014"/>
<JobPair bench-id="348401" bench-name="smtlib5c24d5.smt2" config-id="1778" config-name="default" job-space-id="45179" job-space-path="AUFLIRA/why" solver-id="1257" solver-name="CVC4 f7118b2"/>
<JobPair bench-id="348401" bench-name="smtlib5c24d5.smt2" config-id="1815" config-name="default" job-space-id="45179" job-space-path="AUFLIRA/why" solver-id="1286" solver-name="Z3-4.3.2.a054b099c1d6-x64-debian-6.0.6-SMT-COMP-2014"/>
<JobPair bench-id="893280" bench-name="smtlib.803536.smt2" config-id="1778" config-name="default" job-space-id="45185" job-space-path="AUFLIRA/FFT" solver-id="1257" solver-name="CVC4 f7118b2"/>
<JobPair bench-id="893280" bench-name="smtlib.803536.smt2" config-id="1815" config-name="default" job-space-id="45185" job-space-path="AUFLIRA/FFT" solver-id="1286" solver-name="Z3-4.3.2.a054b099c1d6-x64-debian-6.0.6-SMT-COMP-2014"/>
<JobPair bench-id="341820" bench-name="thruster_inuse_2399.fof.smt2" config-id="1778" config-name="default" job-space-id="45182" job-space-path="AUFLIRA/nasa/fol_simplify_array_only" solver-id="1257" solver-name="CVC4 f7118b2"/>
<JobPair bench-id="341820" bench-name="thruster_inuse_2399.fof.smt2" config-id="1815" config-name="default" job-space-id="45182" job-space-path="AUFLIRA/nasa/fol_simplify_array_only" solver-id="1286" solver-name="Z3-4.3.2.a054b099c1d6-x64-debian-6.0.6-SMT-COMP-2014"/>
<JobPair bench-id="348421" bench-name="smtlib5fa82b.smt2" config-id="1778" config-name="default" job-space-id="45179" job-space-path="AUFLIRA/why" solver-id="1257" solver-name="CVC4 f7118b2"/>
<JobPair bench-id="348421" bench-name="smtlib5fa82b.smt2" config-id="1815" config-name="default" job-space-id="45179" job-space-path="AUFLIRA/why" solver-id="1286" solver-name="Z3-4.3.2.a054b099c1d6-x64-debian-6.0.6-SMT-COMP-2014"/>
<JobPair bench-id="893282" bench-name="smtlib.803201.smt2" config-id="1778" config-name="default" job-space-id="45185" job-space-path="AUFLIRA/FFT" solver-id="1257" solver-name="CVC4 f7118b2"/>
<JobPair bench-id="893282" bench-name="smtlib.803201.smt2" config-id="1815" config-name="default" job-space-id="45185" job-space-path="AUFLIRA/FFT" solver-id="1286" solver-name="Z3-4.3.2.a054b099c1d6-x64-debian-6.0.6-SMT-COMP-2014"/>
<JobPair bench-id="341824" bench-name="thruster_inuse_2403.fof.smt2" config-id="1778" config-name="default" job-space-id="45182" job-space-path="AUFLIRA/nasa/fol_simplify_array_only" solver-id="1257" solver-name="CVC4 f7118b2"/>
<JobPair bench-id="341824" bench-name="thruster_inuse_2403.fof.smt2" config-id="1815" config-name="default" job-space-id="45182" job-space-path="AUFLIRA/nasa/fol_simplify_array_only" solver-id="1286" solver-name="Z3-4.3.2.a054b099c1d6-x64-debian-6.0.6-SMT-COMP-2014"/>
<JobPair bench-id="348423" bench-name="smtlib603ae7.smt2" config-id="1778" config-name="default" job-space-id="45179" job-space-path="AUFLIRA/why" solver-id="1257" solver-name="CVC4 f7118b2"/>
<JobPair bench-id="348423" bench-name="smtlib603ae7.smt2" config-id="1815" config-name="default" job-space-id="45179" job-space-path="AUFLIRA/why" solver-id="1286" solver-name="Z3-4.3.2.a054b099c1d6-x64-debian-6.0.6-SMT-COMP-2014"/>
<JobPair bench-id="893283" bench-name="smtlib.874843.smt2" config-id="1778" config-name="default" job-space-id="45185" job-space-path="AUFLIRA/FFT" solver-id="1257" solver-name="CVC4 f7118b2"/>
<JobPair bench-id="893283" bench-name="smtlib.874843.smt2" config-id="1815" config-name="default" job-space-id="45185" job-space-path="AUFLIRA/FFT" solver-id="1286" solver-name="Z3-4.3.2.a054b099c1d6-x64-debian-6.0.6-SMT-COMP-2014"/>
<JobPair bench-id="348444" bench-name="smtlib64f9b8.smt2" config-id="1778" config-name="default" job-space-id="45179" job-space-path="AUFLIRA/why" solver-id="1257" solver-name="CVC4 f7118b2"/>
<JobPair bench-id="348444" bench-name="smtlib64f9b8.smt2" config-id="1815" config-name="default" job-space-id="45179" job-space-path="AUFLIRA/why" solver-id="1286" solver-name="Z3-4.3.2.a054b099c1d6-x64-debian-6.0.6-SMT-COMP-2014"/>
<JobPair bench-id="893284" bench-name="smtlib.926730.smt2" config-id="1778" config-name="default" job-space-id="45185" job-space-path="AUFLIRA/FFT" solver-id="1257" solver-name="CVC4 f7118b2"/>
<JobPair bench-id="893284" bench-name="smtlib.926730.smt2" config-id="1815" config-name="default" job-space-id="45185" job-space-path="AUFLIRA/FFT" solver-id="1286" solver-name="Z3-4.3.2.a054b099c1d6-x64-debian-6.0.6-SMT-COMP-2014"/>
<JobPair bench-id="348481" bench-name="smtlib6ca8d2.smt2" config-id="1778" config-name="default" job-space-id="45179" job-space-path="AUFLIRA/why" solver-id="1257" solver-name="CVC4 f7118b2"/>
<JobPair bench-id="348481" bench-name="smtlib6ca8d2.smt2" config-id="1815" config-name="default" job-space-id="45179" job-space-path="AUFLIRA/why" solver-id="1286" solver-name="Z3-4.3.2.a054b099c1d6-x64-debian-6.0.6-SMT-COMP-2014"/>
<JobPair bench-id="893285" bench-name="smtlib.956068.smt2" config-id="1778" config-name="default" job-space-id="45185" job-space-path="AUFLIRA/FFT" solver-id="1257" solver-name="CVC4 f7118b2"/>
<JobPair bench-id="893285" bench-name="smtlib.956068.smt2" config-id="1815" config-name="default" job-space-id="45185" job-space-path="AUFLIRA/FFT" solver-id="1286" solver-name="Z3-4.3.2.a054b099c1d6-x64-debian-6.0.6-SMT-COMP-2014"/>
<JobPair bench-id="348489" bench-name="smtlib6f0c5b.smt2" config-id="1778" config-name="default" job-space-id="45179" job-space-path="AUFLIRA/why" solver-id="1257" solver-name="CVC4 f7118b2"/>
<JobPair bench-id="348489" bench-name="smtlib6f0c5b.smt2" config-id="1815" config-name="default" job-space-id="45179" job-space-path="AUFLIRA/why" solver-id="1286" solver-name="Z3-4.3.2.a054b099c1d6-x64-debian-6.0.6-SMT-COMP-2014"/>
<JobPair bench-id="893286" bench-name="smtlib.798994.smt2" config-id="1778" config-name="default" job-space-id="45185" job-space-path="AUFLIRA/FFT" solver-id="1257" solver-name="CVC4 f7118b2"/>
<JobPair bench-id="893286" bench-name="smtlib.798994.smt2" config-id="1815" config-name="default" job-space-id="45185" job-space-path="AUFLIRA/FFT" solver-id="1286" solver-name="Z3-4.3.2.a054b099c1d6-x64-debian-6.0.6-SMT-COMP-2014"/>
<JobPair bench-id="348506" bench-name="smtlib71572f.smt2" config-id="1778" config-name="default" job-space-id="45179" job-space-path="AUFLIRA/why" solver-id="1257" solver-name="CVC4 f7118b2"/>
<JobPair bench-id="348506" bench-name="smtlib71572f.smt2" config-id="1815" config-name="default" job-space-id="45179" job-space-path="AUFLIRA/why" solver-id="1286" solver-name="Z3-4.3.2.a054b099c1d6-x64-debian-6.0.6-SMT-COMP-2014"/>
<JobPair bench-id="893287" bench-name="smtlib.878461.smt2" config-id="1778" config-name="default" job-space-id="45185" job-space-path="AUFLIRA/FFT" solver-id="1257" solver-name="CVC4 f7118b2"/>
<JobPair bench-id="893287" bench-name="smtlib.878461.smt2" config-id="1815" config-name="default" job-space-id="45185" job-space-path="AUFLIRA/FFT" solver-id="1286" solver-name="Z3-4.3.2.a054b099c1d6-x64-debian-6.0.6-SMT-COMP-2014"/>
<JobPair bench-id="348531" bench-name="smtlib75ff16.smt2" config-id="1778" config-name="default" job-space-id="45179" job-space-path="AUFLIRA/why" solver-id="1257" solver-name="CVC4 f7118b2"/>
<JobPair bench-id="348531" bench-name="smtlib75ff16.smt2" config-id="1815" config-name="default" job-space-id="45179" job-space-path="AUFLIRA/why" solver-id="1286" solver-name="Z3-4.3.2.a054b099c1d6-x64-debian-6.0.6-SMT-COMP-2014"/>
<JobPair bench-id="893288" bench-name="smtlib.870879.smt2" config-id="1778" config-name="default" job-space-id="45185" job-space-path="AUFLIRA/FFT" solver-id="1257" solver-name="CVC4 f7118b2"/>
<JobPair bench-id="893288" bench-name="smtlib.870879.smt2" config-id="1815" config-name="default" job-space-id="45185" job-space-path="AUFLIRA/FFT" solver-id="1286" solver-name="Z3-4.3.2.a054b099c1d6-x64-debian-6.0.6-SMT-COMP-2014"/>
<JobPair bench-id="348622" bench-name="smtlib86dc68.smt2" config-id="1778" config-name="default" job-space-id="45179" job-space-path="AUFLIRA/why" solver-id="1257" solver-name="CVC4 f7118b2"/>
<JobPair bench-id="348622" bench-name="smtlib86dc68.smt2" config-id="1815" config-name="default" job-space-id="45179" job-space-path="AUFLIRA/why" solver-id="1286" solver-name="Z3-4.3.2.a054b099c1d6-x64-debian-6.0.6-SMT-COMP-2014"/>
<JobPair bench-id="893289" bench-name="smtlib.618174.smt2" config-id="1778" config-name="default" job-space-id="45185" job-space-path="AUFLIRA/FFT" solver-id="1257" solver-name="CVC4 f7118b2"/>
<JobPair bench-id="893289" bench-name="smtlib.618174.smt2" config-id="1815" config-name="default" job-space-id="45185" job-space-path="AUFLIRA/FFT" solver-id="1286" solver-name="Z3-4.3.2.a054b099c1d6-x64-debian-6.0.6-SMT-COMP-2014"/>
<JobPair bench-id="348669" bench-name="smtlib8dfe2a.smt2" config-id="1778" config-name="default" job-space-id="45179" job-space-path="AUFLIRA/why" solver-id="1257" solver-name="CVC4 f7118b2"/>
<JobPair bench-id="348669" bench-name="smtlib8dfe2a.smt2" config-id="1815" config-name="default" job-space-id="45179" job-space-path="AUFLIRA/why" solver-id="1286" solver-name="Z3-4.3.2.a054b099c1d6-x64-debian-6.0.6-SMT-COMP-2014"/>
<JobPair bench-id="893290" bench-name="smtlib.866582.smt2" config-id="1778" config-name="default" job-space-id="45185" job-space-path="AUFLIRA/FFT" solver-id="1257" solver-name="CVC4 f7118b2"/>
<JobPair bench-id="893290" bench-name="smtlib.866582.smt2" config-id="1815" config-name="default" job-space-id="45185" job-space-path="AUFLIRA/FFT" solver-id="1286" solver-name="Z3-4.3.2.a054b099c1d6-x64-debian-6.0.6-SMT-COMP-2014"/>
<JobPair bench-id="348749" bench-name="smtlib9c51b5.smt2" config-id="1778" config-name="default" job-space-id="45179" job-space-path="AUFLIRA/why" solver-id="1257" solver-name="CVC4 f7118b2"/>
<JobPair bench-id="348749" bench-name="smtlib9c51b5.smt2" config-id="1815" config-name="default" job-space-id="45179" job-space-path="AUFLIRA/why" solver-id="1286" solver-name="Z3-4.3.2.a054b099c1d6-x64-debian-6.0.6-SMT-COMP-2014"/>
<JobPair bench-id="893291" bench-name="smtlib.778166.smt2" config-id="1778" config-name="default" job-space-id="45185" job-space-path="AUFLIRA/FFT" solver-id="1257" solver-name="CVC4 f7118b2"/>
<JobPair bench-id="893291" bench-name="smtlib.778166.smt2" config-id="1815" config-name="default" job-space-id="45185" job-space-path="AUFLIRA/FFT" solver-id="1286" solver-name="Z3-4.3.2.a054b099c1d6-x64-debian-6.0.6-SMT-COMP-2014"/>
<JobPair bench-id="348758" bench-name="smtlib9deac9.smt2" config-id="1778" config-name="default" job-space-id="45179" job-space-path="AUFLIRA/why" solver-id="1257" solver-name="CVC4 f7118b2"/>
<JobPair bench-id="348758" bench-name="smtlib9deac9.smt2" config-id="1815" config-name="default" job-space-id="45179" job-space-path="AUFLIRA/why" solver-id="1286" solver-name="Z3-4.3.2.a054b099c1d6-x64-debian-6.0.6-SMT-COMP-2014"/>
<JobPair bench-id="893292" bench-name="smtlib.786568.smt2" config-id="1778" config-name="default" job-space-id="45185" job-space-path="AUFLIRA/FFT" solver-id="1257" solver-name="CVC4 f7118b2"/>
<JobPair bench-id="893292" bench-name="smtlib.786568.smt2" config-id="1815" config-name="default" job-space-id="45185" job-space-path="AUFLIRA/FFT" solver-id="1286" solver-name="Z3-4.3.2.a054b099c1d6-x64-debian-6.0.6-SMT-COMP-2014"/>
<JobPair bench-id="348800" bench-name="smtliba67100.smt2" config-id="1778" config-name="default" job-space-id="45179" job-space-path="AUFLIRA/why" solver-id="1257" solver-name="CVC4 f7118b2"/>
<JobPair bench-id="348800" bench-name="smtliba67100.smt2" config-id="1815" config-name="default" job-space-id="45179" job-space-path="AUFLIRA/why" solver-id="1286" solver-name="Z3-4.3.2.a054b099c1d6-x64-debian-6.0.6-SMT-COMP-2014"/>
<JobPair bench-id="893294" bench-name="smtlib.618857.smt2" config-id="1778" config-name="default" job-space-id="45185" job-space-path="AUFLIRA/FFT" solver-id="1257" solver-name="CVC4 f7118b2"/>
<JobPair bench-id="893294" bench-name="smtlib.618857.smt2" config-id="1815" config-name="default" job-space-id="45185" job-space-path="AUFLIRA/FFT" solver-id="1286" solver-name="Z3-4.3.2.a054b099c1d6-x64-debian-6.0.6-SMT-COMP-2014"/>
<JobPair bench-id="348813" bench-name="smtlibab23ec.smt2" config-id="1778" config-name="default" job-space-id="45179" job-space-path="AUFLIRA/why" solver-id="1257" solver-name="CVC4 f7118b2"/>
<JobPair bench-id="348813" bench-name="smtlibab23ec.smt2" config-id="1815" config-name="default" job-space-id="45179" job-space-path="AUFLIRA/why" solver-id="1286" solver-name="Z3-4.3.2.a054b099c1d6-x64-debian-6.0.6-SMT-COMP-2014"/>
<JobPair bench-id="893295" bench-name="smtlib.811615.smt2" config-id="1778" config-name="default" job-space-id="45185" job-space-path="AUFLIRA/FFT" solver-id="1257" solver-name="CVC4 f7118b2"/>
<JobPair bench-id="893295" bench-name="smtlib.811615.smt2" config-id="1815" config-name="default" job-space-id="45185" job-space-path="AUFLIRA/FFT" solver-id="1286" solver-name="Z3-4.3.2.a054b099c1d6-x64-debian-6.0.6-SMT-COMP-2014"/>
<JobPair bench-id="348865" bench-name="smtlibb4723d.smt2" config-id="1778" config-name="default" job-space-id="45179" job-space-path="AUFLIRA/why" solver-id="1257" solver-name="CVC4 f7118b2"/>
<JobPair bench-id="348865" bench-name="smtlibb4723d.smt2" config-id="1815" config-name="default" job-space-id="45179" job-space-path="AUFLIRA/why" solver-id="1286" solver-name="Z3-4.3.2.a054b099c1d6-x64-debian-6.0.6-SMT-COMP-2014"/>
<JobPair bench-id="893296" bench-name="smtlib.835417.smt2" config-id="1778" config-name="default" job-space-id="45185" job-space-path="AUFLIRA/FFT" solver-id="1257" solver-name="CVC4 f7118b2"/>
<JobPair bench-id="893296" bench-name="smtlib.835417.smt2" config-id="1815" config-name="default" job-space-id="45185" job-space-path="AUFLIRA/FFT" solver-id="1286" solver-name="Z3-4.3.2.a054b099c1d6-x64-debian-6.0.6-SMT-COMP-2014"/>
<JobPair bench-id="348873" bench-name="smtlibb6131b.smt2" config-id="1778" config-name="default" job-space-id="45179" job-space-path="AUFLIRA/why" solver-id="1257" solver-name="CVC4 f7118b2"/>
<JobPair bench-id="348873" bench-name="smtlibb6131b.smt2" config-id="1815" config-name="default" job-space-id="45179" job-space-path="AUFLIRA/why" solver-id="1286" solver-name="Z3-4.3.2.a054b099c1d6-x64-debian-6.0.6-SMT-COMP-2014"/>
<JobPair bench-id="893297" bench-name="smtlib.794787.smt2" config-id="1778" config-name="default" job-space-id="45185" job-space-path="AUFLIRA/FFT" solver-id="1257" solver-name="CVC4 f7118b2"/>
<JobPair bench-id="893297" bench-name="smtlib.794787.smt2" config-id="1815" config-name="default" job-space-id="45185" job-space-path="AUFLIRA/FFT" solver-id="1286" solver-name="Z3-4.3.2.a054b099c1d6-x64-debian-6.0.6-SMT-COMP-2014"/>
<JobPair bench-id="348882" bench-name="smtlibb84f36.smt2" config-id="1778" config-name="default" job-space-id="45179" job-space-path="AUFLIRA/why" solver-id="1257" solver-name="CVC4 f7118b2"/>
<JobPair bench-id="348882" bench-name="smtlibb84f36.smt2" config-id="1815" config-name="default" job-space-id="45179" job-space-path="AUFLIRA/why" solver-id="1286" solver-name="Z3-4.3.2.a054b099c1d6-x64-debian-6.0.6-SMT-COMP-2014"/>
<JobPair bench-id="893298" bench-name="smtlib.657621.smt2" config-id="1778" config-name="default" job-space-id="45185" job-space-path="AUFLIRA/FFT" solver-id="1257" solver-name="CVC4 f7118b2"/>
<JobPair bench-id="893298" bench-name="smtlib.657621.smt2" config-id="1815" config-name="default" job-space-id="45185" job-space-path="AUFLIRA/FFT" solver-id="1286" solver-name="Z3-4.3.2.a054b099c1d6-x64-debian-6.0.6-SMT-COMP-2014"/>
<JobPair bench-id="348907" bench-name="smtlibbda03d.smt2" config-id="1778" config-name="default" job-space-id="45179" job-space-path="AUFLIRA/why" solver-id="1257" solver-name="CVC4 f7118b2"/>
<JobPair bench-id="348907" bench-name="smtlibbda03d.smt2" config-id="1815" config-name="default" job-space-id="45179" job-space-path="AUFLIRA/why" solver-id="1286" solver-name="Z3-4.3.2.a054b099c1d6-x64-debian-6.0.6-SMT-COMP-2014"/>
<JobPair bench-id="893299" bench-name="smtlib.882771.smt2" config-id="1778" config-name="default" job-space-id="45185" job-space-path="AUFLIRA/FFT" solver-id="1257" solver-name="CVC4 f7118b2"/>
<JobPair bench-id="893299" bench-name="smtlib.882771.smt2" config-id="1815" config-name="default" job-space-id="45185" job-space-path="AUFLIRA/FFT" solver-id="1286" solver-name="Z3-4.3.2.a054b099c1d6-x64-debian-6.0.6-SMT-COMP-2014"/>
<JobPair bench-id="348953" bench-name="smtlibc60e72.smt2" config-id="1778" config-name="default" job-space-id="45179" job-space-path="AUFLIRA/why" solver-id="1257" solver-name="CVC4 f7118b2"/>
<JobPair bench-id="348953" bench-name="smtlibc60e72.smt2" config-id="1815" config-name="default" job-space-id="45179" job-space-path="AUFLIRA/why" solver-id="1286" solver-name="Z3-4.3.2.a054b099c1d6-x64-debian-6.0.6-SMT-COMP-2014"/>
<JobPair bench-id="893300" bench-name="smtlib.914348.smt2" config-id="1778" config-name="default" job-space-id="45185" job-space-path="AUFLIRA/FFT" solver-id="1257" solver-name="CVC4 f7118b2"/>
<JobPair bench-id="893300" bench-name="smtlib.914348.smt2" config-id="1815" config-name="default" job-space-id="45185" job-space-path="AUFLIRA/FFT" solver-id="1286" solver-name="Z3-4.3.2.a054b099c1d6-x64-debian-6.0.6-SMT-COMP-2014"/>
<JobPair bench-id="348978" bench-name="smtlibca010c.smt2" config-id="1778" config-name="default" job-space-id="45179" job-space-path="AUFLIRA/why" solver-id="1257" solver-name="CVC4 f7118b2"/>
<JobPair bench-id="348978" bench-name="smtlibca010c.smt2" config-id="1815" config-name="default" job-space-id="45179" job-space-path="AUFLIRA/why" solver-id="1286" solver-name="Z3-4.3.2.a054b099c1d6-x64-debian-6.0.6-SMT-COMP-2014"/>
<JobPair bench-id="893302" bench-name="smtlib.799329.smt2" config-id="1778" config-name="default" job-space-id="45185" job-space-path="AUFLIRA/FFT" solver-id="1257" solver-name="CVC4 f7118b2"/>
<JobPair bench-id="893302" bench-name="smtlib.799329.smt2" config-id="1815" config-name="default" job-space-id="45185" job-space-path="AUFLIRA/FFT" solver-id="1286" solver-name="Z3-4.3.2.a054b099c1d6-x64-debian-6.0.6-SMT-COMP-2014"/>
<JobPair bench-id="349042" bench-name="smtlibd9c9d6.smt2" config-id="1778" config-name="default" job-space-id="45179" job-space-path="AUFLIRA/why" solver-id="1257" solver-name="CVC4 f7118b2"/>
<JobPair bench-id="349042" bench-name="smtlibd9c9d6.smt2" config-id="1815" config-name="default" job-space-id="45179" job-space-path="AUFLIRA/why" solver-id="1286" solver-name="Z3-4.3.2.a054b099c1d6-x64-debian-6.0.6-SMT-COMP-2014"/>
<JobPair bench-id="893303" bench-name="smtlib.922324.smt2" config-id="1778" config-name="default" job-space-id="45185" job-space-path="AUFLIRA/FFT" solver-id="1257" solver-name="CVC4 f7118b2"/>
<JobPair bench-id="893303" bench-name="smtlib.922324.smt2" config-id="1815" config-name="default" job-space-id="45185" job-space-path="AUFLIRA/FFT" solver-id="1286" solver-name="Z3-4.3.2.a054b099c1d6-x64-debian-6.0.6-SMT-COMP-2014"/>
<JobPair bench-id="349046" bench-name="smtlibda9f23.smt2" config-id="1778" config-name="default" job-space-id="45179" job-space-path="AUFLIRA/why" solver-id="1257" solver-name="CVC4 f7118b2"/>
<JobPair bench-id="349046" bench-name="smtlibda9f23.smt2" config-id="1815" config-name="default" job-space-id="45179" job-space-path="AUFLIRA/why" solver-id="1286" solver-name="Z3-4.3.2.a054b099c1d6-x64-debian-6.0.6-SMT-COMP-2014"/>
<JobPair bench-id="893304" bench-name="smtlib.769670.smt2" config-id="1778" config-name="default" job-space-id="45185" job-space-path="AUFLIRA/FFT" solver-id="1257" solver-name="CVC4 f7118b2"/>
<JobPair bench-id="893304" bench-name="smtlib.769670.smt2" config-id="1815" config-name="default" job-space-id="45185" job-space-path="AUFLIRA/FFT" solver-id="1286" solver-name="Z3-4.3.2.a054b099c1d6-x64-debian-6.0.6-SMT-COMP-2014"/>
<JobPair bench-id="349066" bench-name="smtlibdd385f.smt2" config-id="1778" config-name="default" job-space-id="45179" job-space-path="AUFLIRA/why" solver-id="1257" solver-name="CVC4 f7118b2"/>
<JobPair bench-id="349066" bench-name="smtlibdd385f.smt2" config-id="1815" config-name="default" job-space-id="45179" job-space-path="AUFLIRA/why" solver-id="1286" solver-name="Z3-4.3.2.a054b099c1d6-x64-debian-6.0.6-SMT-COMP-2014"/>
<JobPair bench-id="893305" bench-name="smtlib.608910.smt2" config-id="1778" config-name="default" job-space-id="45185" job-space-path="AUFLIRA/FFT" solver-id="1257" solver-name="CVC4 f7118b2"/>
<JobPair bench-id="893305" bench-name="smtlib.608910.smt2" config-id="1815" config-name="default" job-space-id="45185" job-space-path="AUFLIRA/FFT" solver-id="1286" solver-name="Z3-4.3.2.a054b099c1d6-x64-debian-6.0.6-SMT-COMP-2014"/>
<JobPair bench-id="349219" bench-name="smtlibfced23.smt2" config-id="1778" config-name="default" job-space-id="45179" job-space-path="AUFLIRA/why" solver-id="1257" solver-name="CVC4 f7118b2"/>
<JobPair bench-id="349219" bench-name="smtlibfced23.smt2" config-id="1815" config-name="default" job-space-id="45179" job-space-path="AUFLIRA/why" solver-id="1286" solver-name="Z3-4.3.2.a054b099c1d6-x64-debian-6.0.6-SMT-COMP-2014"/>
<JobPair bench-id="893306" bench-name="smtlib.910025.smt2" config-id="1778" config-name="default" job-space-id="45185" job-space-path="AUFLIRA/FFT" solver-id="1257" solver-name="CVC4 f7118b2"/>
<JobPair bench-id="893306" bench-name="smtlib.910025.smt2" config-id="1815" config-name="default" job-space-id="45185" job-space-path="AUFLIRA/FFT" solver-id="1286" solver-name="Z3-4.3.2.a054b099c1d6-x64-debian-6.0.6-SMT-COMP-2014"/>
<JobPair bench-id="893307" bench-name="smtlib.839277.smt2" config-id="1778" config-name="default" job-space-id="45185" job-space-path="AUFLIRA/FFT" solver-id="1257" solver-name="CVC4 f7118b2"/>
<JobPair bench-id="893307" bench-name="smtlib.839277.smt2" config-id="1815" config-name="default" job-space-id="45185" job-space-path="AUFLIRA/FFT" solver-id="1286" solver-name="Z3-4.3.2.a054b099c1d6-x64-debian-6.0.6-SMT-COMP-2014"/>
<JobPair bench-id="893308" bench-name="smtlib.807743.smt2" config-id="1778" config-name="default" job-space-id="45185" job-space-path="AUFLIRA/FFT" solver-id="1257" solver-name="CVC4 f7118b2"/>
<JobPair bench-id="893308" bench-name="smtlib.807743.smt2" config-id="1815" config-name="default" job-space-id="45185" job-space-path="AUFLIRA/FFT" solver-id="1286" solver-name="Z3-4.3.2.a054b099c1d6-x64-debian-6.0.6-SMT-COMP-2014"/>
<JobPair bench-id="893309" bench-name="smtlib.757001.smt2" config-id="1778" config-name="default" job-space-id="45185" job-space-path="AUFLIRA/FFT" solver-id="1257" solver-name="CVC4 f7118b2"/>
<JobPair bench-id="893309" bench-name="smtlib.757001.smt2" config-id="1815" config-name="default" job-space-id="45185" job-space-path="AUFLIRA/FFT" solver-id="1286" solver-name="Z3-4.3.2.a054b099c1d6-x64-debian-6.0.6-SMT-COMP-2014"/>
<JobPair bench-id="893310" bench-name="smtlib.715261.smt2" config-id="1778" config-name="default" job-space-id="45185" job-space-path="AUFLIRA/FFT" solver-id="1257" solver-name="CVC4 f7118b2"/>
<JobPair bench-id="893310" bench-name="smtlib.715261.smt2" config-id="1815" config-name="default" job-space-id="45185" job-space-path="AUFLIRA/FFT" solver-id="1286" solver-name="Z3-4.3.2.a054b099c1d6-x64-debian-6.0.6-SMT-COMP-2014"/>
<JobPair bench-id="893311" bench-name="smtlib.819564.smt2" config-id="1778" config-name="default" job-space-id="45185" job-space-path="AUFLIRA/FFT" solver-id="1257" solver-name="CVC4 f7118b2"/>
<JobPair bench-id="893311" bench-name="smtlib.819564.smt2" config-id="1815" config-name="default" job-space-id="45185" job-space-path="AUFLIRA/FFT" solver-id="1286" solver-name="Z3-4.3.2.a054b099c1d6-x64-debian-6.0.6-SMT-COMP-2014"/>
<JobPair bench-id="893312" bench-name="smtlib.819950.smt2" config-id="1778" config-name="default" job-space-id="45185" job-space-path="AUFLIRA/FFT" solver-id="1257" solver-name="CVC4 f7118b2"/>
<JobPair bench-id="893312" bench-name="smtlib.819950.smt2" config-id="1815" config-name="default" job-space-id="45185" job-space-path="AUFLIRA/FFT" solver-id="1286" solver-name="Z3-4.3.2.a054b099c1d6-x64-debian-6.0.6-SMT-COMP-2014"/>
<JobPair bench-id="893313" bench-name="smtlib.790915.smt2" config-id="1778" config-name="default" job-space-id="45185" job-space-path="AUFLIRA/FFT" solver-id="1257" solver-name="CVC4 f7118b2"/>
<JobPair bench-id="893313" bench-name="smtlib.790915.smt2" config-id="1815" config-name="default" job-space-id="45185" job-space-path="AUFLIRA/FFT" solver-id="1286" solver-name="Z3-4.3.2.a054b099c1d6-x64-debian-6.0.6-SMT-COMP-2014"/>
<JobPair bench-id="893314" bench-name="smtlib.847295.smt2" config-id="1778" config-name="default" job-space-id="45185" job-space-path="AUFLIRA/FFT" solver-id="1257" solver-name="CVC4 f7118b2"/>
<JobPair bench-id="893314" bench-name="smtlib.847295.smt2" config-id="1815" config-name="default" job-space-id="45185" job-space-path="AUFLIRA/FFT" solver-id="1286" solver-name="Z3-4.3.2.a054b099c1d6-x64-debian-6.0.6-SMT-COMP-2014"/>
<JobPair bench-id="893315" bench-name="smtlib.708311.smt2" config-id="1778" config-name="default" job-space-id="45185" job-space-path="AUFLIRA/FFT" solver-id="1257" solver-name="CVC4 f7118b2"/>
<JobPair bench-id="893315" bench-name="smtlib.708311.smt2" config-id="1815" config-name="default" job-space-id="45185" job-space-path="AUFLIRA/FFT" solver-id="1286" solver-name="Z3-4.3.2.a054b099c1d6-x64-debian-6.0.6-SMT-COMP-2014"/>
<JobPair bench-id="893316" bench-name="smtlib.947473.smt2" config-id="1778" config-name="default" job-space-id="45185" job-space-path="AUFLIRA/FFT" solver-id="1257" solver-name="CVC4 f7118b2"/>
<JobPair bench-id="893316" bench-name="smtlib.947473.smt2" config-id="1815" config-name="default" job-space-id="45185" job-space-path="AUFLIRA/FFT" solver-id="1286" solver-name="Z3-4.3.2.a054b099c1d6-x64-debian-6.0.6-SMT-COMP-2014"/>
<JobPair bench-id="893317" bench-name="smtlib.807408.smt2" config-id="1778" config-name="default" job-space-id="45185" job-space-path="AUFLIRA/FFT" solver-id="1257" solver-name="CVC4 f7118b2"/>
<JobPair bench-id="893317" bench-name="smtlib.807408.smt2" config-id="1815" config-name="default" job-space-id="45185" job-space-path="AUFLIRA/FFT" solver-id="1286" solver-name="Z3-4.3.2.a054b099c1d6-x64-debian-6.0.6-SMT-COMP-2014"/>
<JobPair bench-id="893318" bench-name="smtlib.862596.smt2" config-id="1778" config-name="default" job-space-id="45185" job-space-path="AUFLIRA/FFT" solver-id="1257" solver-name="CVC4 f7118b2"/>
<JobPair bench-id="893318" bench-name="smtlib.862596.smt2" config-id="1815" config-name="default" job-space-id="45185" job-space-path="AUFLIRA/FFT" solver-id="1286" solver-name="Z3-4.3.2.a054b099c1d6-x64-debian-6.0.6-SMT-COMP-2014"/>
<JobPair bench-id="893319" bench-name="smtlib.752395.smt2" config-id="1778" config-name="default" job-space-id="45185" job-space-path="AUFLIRA/FFT" solver-id="1257" solver-name="CVC4 f7118b2"/>
<JobPair bench-id="893319" bench-name="smtlib.752395.smt2" config-id="1815" config-name="default" job-space-id="45185" job-space-path="AUFLIRA/FFT" solver-id="1286" solver-name="Z3-4.3.2.a054b099c1d6-x64-debian-6.0.6-SMT-COMP-2014"/>
<JobPair bench-id="893320" bench-name="smtlib.614216.smt2" config-id="1778" config-name="default" job-space-id="45185" job-space-path="AUFLIRA/FFT" solver-id="1257" solver-name="CVC4 f7118b2"/>
<JobPair bench-id="893320" bench-name="smtlib.614216.smt2" config-id="1815" config-name="default" job-space-id="45185" job-space-path="AUFLIRA/FFT" solver-id="1286" solver-name="Z3-4.3.2.a054b099c1d6-x64-debian-6.0.6-SMT-COMP-2014"/>
<JobPair bench-id="893321" bench-name="smtlib.666029.smt2" config-id="1778" config-name="default" job-space-id="45185" job-space-path="AUFLIRA/FFT" solver-id="1257" solver-name="CVC4 f7118b2"/>
<JobPair bench-id="893321" bench-name="smtlib.666029.smt2" config-id="1815" config-name="default" job-space-id="45185" job-space-path="AUFLIRA/FFT" solver-id="1286" solver-name="Z3-4.3.2.a054b099c1d6-x64-debian-6.0.6-SMT-COMP-2014"/>
<JobPair bench-id="893322" bench-name="smtlib.839647.smt2" config-id="1778" config-name="default" job-space-id="45185" job-space-path="AUFLIRA/FFT" solver-id="1257" solver-name="CVC4 f7118b2"/>
<JobPair bench-id="893322" bench-name="smtlib.839647.smt2" config-id="1815" config-name="default" job-space-id="45185" job-space-path="AUFLIRA/FFT" solver-id="1286" solver-name="Z3-4.3.2.a054b099c1d6-x64-debian-6.0.6-SMT-COMP-2014"/>
<JobPair bench-id="893323" bench-name="smtlib.870533.smt2" config-id="1778" config-name="default" job-space-id="45185" job-space-path="AUFLIRA/FFT" solver-id="1257" solver-name="CVC4 f7118b2"/>
<JobPair bench-id="893323" bench-name="smtlib.870533.smt2" config-id="1815" config-name="default" job-space-id="45185" job-space-path="AUFLIRA/FFT" solver-id="1286" solver-name="Z3-4.3.2.a054b099c1d6-x64-debian-6.0.6-SMT-COMP-2014"/>
<JobPair bench-id="893324" bench-name="smtlib.765447.smt2" config-id="1778" config-name="default" job-space-id="45185" job-space-path="AUFLIRA/FFT" solver-id="1257" solver-name="CVC4 f7118b2"/>
<JobPair bench-id="893324" bench-name="smtlib.765447.smt2" config-id="1815" config-name="default" job-space-id="45185" job-space-path="AUFLIRA/FFT" solver-id="1286" solver-name="Z3-4.3.2.a054b099c1d6-x64-debian-6.0.6-SMT-COMP-2014"/>
<JobPair bench-id="893325" bench-name="smtlib.823849.smt2" config-id="1778" config-name="default" job-space-id="45185" job-space-path="AUFLIRA/FFT" solver-id="1257" solver-name="CVC4 f7118b2"/>
<JobPair bench-id="893325" bench-name="smtlib.823849.smt2" config-id="1815" config-name="default" job-space-id="45185" job-space-path="AUFLIRA/FFT" solver-id="1286" solver-name="Z3-4.3.2.a054b099c1d6-x64-debian-6.0.6-SMT-COMP-2014"/>
<JobPair bench-id="893326" bench-name="smtlib.874497.smt2" config-id="1778" config-name="default" job-space-id="45185" job-space-path="AUFLIRA/FFT" solver-id="1257" solver-name="CVC4 f7118b2"/>
<JobPair bench-id="893326" bench-name="smtlib.874497.smt2" config-id="1815" config-name="default" job-space-id="45185" job-space-path="AUFLIRA/FFT" solver-id="1286" solver-name="Z3-4.3.2.a054b099c1d6-x64-debian-6.0.6-SMT-COMP-2014"/>
<JobPair bench-id="893327" bench-name="smtlib.657874.smt2" config-id="1778" config-name="default" job-space-id="45185" job-space-path="AUFLIRA/FFT" solver-id="1257" solver-name="CVC4 f7118b2"/>
<JobPair bench-id="893327" bench-name="smtlib.657874.smt2" config-id="1815" config-name="default" job-space-id="45185" job-space-path="AUFLIRA/FFT" solver-id="1286" solver-name="Z3-4.3.2.a054b099c1d6-x64-debian-6.0.6-SMT-COMP-2014"/>
<JobPair bench-id="893328" bench-name="smtlib.761224.smt2" config-id="1778" config-name="default" job-space-id="45185" job-space-path="AUFLIRA/FFT" solver-id="1257" solver-name="CVC4 f7118b2"/>
<JobPair bench-id="893328" bench-name="smtlib.761224.smt2" config-id="1815" config-name="default" job-space-id="45185" job-space-path="AUFLIRA/FFT" solver-id="1286" solver-name="Z3-4.3.2.a054b099c1d6-x64-debian-6.0.6-SMT-COMP-2014"/>
<JobPair bench-id="893329" bench-name="smtlib.715376.smt2" config-id="1778" config-name="default" job-space-id="45185" job-space-path="AUFLIRA/FFT" solver-id="1257" solver-name="CVC4 f7118b2"/>
<JobPair bench-id="893329" bench-name="smtlib.715376.smt2" config-id="1815" config-name="default" job-space-id="45185" job-space-path="AUFLIRA/FFT" solver-id="1286" solver-name="Z3-4.3.2.a054b099c1d6-x64-debian-6.0.6-SMT-COMP-2014"/>
<JobPair bench-id="893330" bench-name="smtlib.919037.smt2" config-id="1778" config-name="default" job-space-id="45185" job-space-path="AUFLIRA/FFT" solver-id="1257" solver-name="CVC4 f7118b2"/>
<JobPair bench-id="893330" bench-name="smtlib.919037.smt2" config-id="1815" config-name="default" job-space-id="45185" job-space-path="AUFLIRA/FFT" solver-id="1286" solver-name="Z3-4.3.2.a054b099c1d6-x64-debian-6.0.6-SMT-COMP-2014"/>
<JobPair bench-id="893331" bench-name="smtlib.613529.smt2" config-id="1778" config-name="default" job-space-id="45185" job-space-path="AUFLIRA/FFT" solver-id="1257" solver-name="CVC4 f7118b2"/>
<JobPair bench-id="893331" bench-name="smtlib.613529.smt2" config-id="1815" config-name="default" job-space-id="45185" job-space-path="AUFLIRA/FFT" solver-id="1286" solver-name="Z3-4.3.2.a054b099c1d6-x64-debian-6.0.6-SMT-COMP-2014"/>
<JobPair bench-id="893332" bench-name="smtlib.609556.smt2" config-id="1778" config-name="default" job-space-id="45185" job-space-path="AUFLIRA/FFT" solver-id="1257" solver-name="CVC4 f7118b2"/>
<JobPair bench-id="893332" bench-name="smtlib.609556.smt2" config-id="1815" config-name="default" job-space-id="45185" job-space-path="AUFLIRA/FFT" solver-id="1286" solver-name="Z3-4.3.2.a054b099c1d6-x64-debian-6.0.6-SMT-COMP-2014"/>
<JobPair bench-id="893333" bench-name="smtlib.944582.smt2" config-id="1778" config-name="default" job-space-id="45185" job-space-path="AUFLIRA/FFT" solver-id="1257" solver-name="CVC4 f7118b2"/>
<JobPair bench-id="893333" bench-name="smtlib.944582.smt2" config-id="1815" config-name="default" job-space-id="45185" job-space-path="AUFLIRA/FFT" solver-id="1286" solver-name="Z3-4.3.2.a054b099c1d6-x64-debian-6.0.6-SMT-COMP-2014"/>
<JobPair bench-id="893334" bench-name="smtlib.862942.smt2" config-id="1778" config-name="default" job-space-id="45185" job-space-path="AUFLIRA/FFT" solver-id="1257" solver-name="CVC4 f7118b2"/>
<JobPair bench-id="893334" bench-name="smtlib.862942.smt2" config-id="1815" config-name="default" job-space-id="45185" job-space-path="AUFLIRA/FFT" solver-id="1286" solver-name="Z3-4.3.2.a054b099c1d6-x64-debian-6.0.6-SMT-COMP-2014"/>
<JobPair bench-id="893335" bench-name="smtlib.782172.smt2" config-id="1778" config-name="default" job-space-id="45185" job-space-path="AUFLIRA/FFT" solver-id="1257" solver-name="CVC4 f7118b2"/>
<JobPair bench-id="893335" bench-name="smtlib.782172.smt2" config-id="1815" config-name="default" job-space-id="45185" job-space-path="AUFLIRA/FFT" solver-id="1286" solver-name="Z3-4.3.2.a054b099c1d6-x64-debian-6.0.6-SMT-COMP-2014"/>
<JobPair bench-id="893336" bench-name="smtlib.795122.smt2" config-id="1778" config-name="default" job-space-id="45185" job-space-path="AUFLIRA/FFT" solver-id="1257" solver-name="CVC4 f7118b2"/>
<JobPair bench-id="893336" bench-name="smtlib.795122.smt2" config-id="1815" config-name="default" job-space-id="45185" job-space-path="AUFLIRA/FFT" solver-id="1286" solver-name="Z3-4.3.2.a054b099c1d6-x64-debian-6.0.6-SMT-COMP-2014"/>
<JobPair bench-id="893337" bench-name="smtlib.782559.smt2" config-id="1778" config-name="default" job-space-id="45185" job-space-path="AUFLIRA/FFT" solver-id="1257" solver-name="CVC4 f7118b2"/>
<JobPair bench-id="893337" bench-name="smtlib.782559.smt2" config-id="1815" config-name="default" job-space-id="45185" job-space-path="AUFLIRA/FFT" solver-id="1286" solver-name="Z3-4.3.2.a054b099c1d6-x64-debian-6.0.6-SMT-COMP-2014"/>
<JobPair bench-id="893338" bench-name="smtlib.882425.smt2" config-id="1778" config-name="default" job-space-id="45185" job-space-path="AUFLIRA/FFT" solver-id="1257" solver-name="CVC4 f7118b2"/>
<JobPair bench-id="893338" bench-name="smtlib.882425.smt2" config-id="1815" config-name="default" job-space-id="45185" job-space-path="AUFLIRA/FFT" solver-id="1286" solver-name="Z3-4.3.2.a054b099c1d6-x64-debian-6.0.6-SMT-COMP-2014"/>
<JobPair bench-id="893339" bench-name="smtlib.790569.smt2" config-id="1778" config-name="default" job-space-id="45185" job-space-path="AUFLIRA/FFT" solver-id="1257" solver-name="CVC4 f7118b2"/>
<JobPair bench-id="893339" bench-name="smtlib.790569.smt2" config-id="1815" config-name="default" job-space-id="45185" job-space-path="AUFLIRA/FFT" solver-id="1286" solver-name="Z3-4.3.2.a054b099c1d6-x64-debian-6.0.6-SMT-COMP-2014"/>
<JobPair bench-id="893340" bench-name="smtlib.913678.smt2" config-id="1778" config-name="default" job-space-id="45185" job-space-path="AUFLIRA/FFT" solver-id="1257" solver-name="CVC4 f7118b2"/>
<JobPair bench-id="893340" bench-name="smtlib.913678.smt2" config-id="1815" config-name="default" job-space-id="45185" job-space-path="AUFLIRA/FFT" solver-id="1286" solver-name="Z3-4.3.2.a054b099c1d6-x64-debian-6.0.6-SMT-COMP-2014"/>
<JobPair bench-id="893341" bench-name="smtlib.609936.smt2" config-id="1778" config-name="default" job-space-id="45185" job-space-path="AUFLIRA/FFT" solver-id="1257" solver-name="CVC4 f7118b2"/>
<JobPair bench-id="893341" bench-name="smtlib.609936.smt2" config-id="1815" config-name="default" job-space-id="45185" job-space-path="AUFLIRA/FFT" solver-id="1286" solver-name="Z3-4.3.2.a054b099c1d6-x64-debian-6.0.6-SMT-COMP-2014"/>
<JobPair bench-id="893342" bench-name="z3.707379.smt2" config-id="1778" config-name="default" job-space-id="45185" job-space-path="AUFLIRA/FFT" solver-id="1257" solver-name="CVC4 f7118b2"/>
<JobPair bench-id="893342" bench-name="z3.707379.smt2" config-id="1815" config-name="default" job-space-id="45185" job-space-path="AUFLIRA/FFT" solver-id="1286" solver-name="Z3-4.3.2.a054b099c1d6-x64-debian-6.0.6-SMT-COMP-2014"/>
<JobPair bench-id="893343" bench-name="smtlib.756643.smt2" config-id="1778" config-name="default" job-space-id="45185" job-space-path="AUFLIRA/FFT" solver-id="1257" solver-name="CVC4 f7118b2"/>
<JobPair bench-id="893343" bench-name="smtlib.756643.smt2" config-id="1815" config-name="default" job-space-id="45185" job-space-path="AUFLIRA/FFT" solver-id="1286" solver-name="Z3-4.3.2.a054b099c1d6-x64-debian-6.0.6-SMT-COMP-2014"/>
<JobPair bench-id="893345" bench-name="smtlib.955738.smt2" config-id="1778" config-name="default" job-space-id="45185" job-space-path="AUFLIRA/FFT" solver-id="1257" solver-name="CVC4 f7118b2"/>
<JobPair bench-id="893345" bench-name="smtlib.955738.smt2" config-id="1815" config-name="default" job-space-id="45185" job-space-path="AUFLIRA/FFT" solver-id="1286" solver-name="Z3-4.3.2.a054b099c1d6-x64-debian-6.0.6-SMT-COMP-2014"/>
<JobPair bench-id="893346" bench-name="smtlib.811950.smt2" config-id="1778" config-name="default" job-space-id="45185" job-space-path="AUFLIRA/FFT" solver-id="1257" solver-name="CVC4 f7118b2"/>
<JobPair bench-id="893346" bench-name="smtlib.811950.smt2" config-id="1815" config-name="default" job-space-id="45185" job-space-path="AUFLIRA/FFT" solver-id="1286" solver-name="Z3-4.3.2.a054b099c1d6-x64-debian-6.0.6-SMT-COMP-2014"/>
<JobPair bench-id="893347" bench-name="smtlib.918671.smt2" config-id="1778" config-name="default" job-space-id="45185" job-space-path="AUFLIRA/FFT" solver-id="1257" solver-name="CVC4 f7118b2"/>
<JobPair bench-id="893347" bench-name="smtlib.918671.smt2" config-id="1815" config-name="default" job-space-id="45185" job-space-path="AUFLIRA/FFT" solver-id="1286" solver-name="Z3-4.3.2.a054b099c1d6-x64-debian-6.0.6-SMT-COMP-2014"/>
<JobPair bench-id="893348" bench-name="smtlib.777801.smt2" config-id="1778" config-name="default" job-space-id="45185" job-space-path="AUFLIRA/FFT" solver-id="1257" solver-name="CVC4 f7118b2"/>
<JobPair bench-id="893348" bench-name="smtlib.777801.smt2" config-id="1815" config-name="default" job-space-id="45185" job-space-path="AUFLIRA/FFT" solver-id="1286" solver-name="Z3-4.3.2.a054b099c1d6-x64-debian-6.0.6-SMT-COMP-2014"/>
<JobPair bench-id="893349" bench-name="smtlib.831561.smt2" config-id="1778" config-name="default" job-space-id="45185" job-space-path="AUFLIRA/FFT" solver-id="1257" solver-name="CVC4 f7118b2"/>
<JobPair bench-id="893349" bench-name="smtlib.831561.smt2" config-id="1815" config-name="default" job-space-id="45185" job-space-path="AUFLIRA/FFT" solver-id="1286" solver-name="Z3-4.3.2.a054b099c1d6-x64-debian-6.0.6-SMT-COMP-2014"/>
<JobPair bench-id="893350" bench-name="smtlib.619215.smt2" config-id="1778" config-name="default" job-space-id="45185" job-space-path="AUFLIRA/FFT" solver-id="1257" solver-name="CVC4 f7118b2"/>
<JobPair bench-id="893350" bench-name="smtlib.619215.smt2" config-id="1815" config-name="default" job-space-id="45185" job-space-path="AUFLIRA/FFT" solver-id="1286" solver-name="Z3-4.3.2.a054b099c1d6-x64-debian-6.0.6-SMT-COMP-2014"/>
<JobPair bench-id="893351" bench-name="smtlib.786957.smt2" config-id="1778" config-name="default" job-space-id="45185" job-space-path="AUFLIRA/FFT" solver-id="1257" solver-name="CVC4 f7118b2"/>
<JobPair bench-id="893351" bench-name="smtlib.786957.smt2" config-id="1815" config-name="default" job-space-id="45185" job-space-path="AUFLIRA/FFT" solver-id="1286" solver-name="Z3-4.3.2.a054b099c1d6-x64-debian-6.0.6-SMT-COMP-2014"/>
<JobPair bench-id="893352" bench-name="smtlib.878807.smt2" config-id="1778" config-name="default" job-space-id="45185" job-space-path="AUFLIRA/FFT" solver-id="1257" solver-name="CVC4 f7118b2"/>
<JobPair bench-id="893352" bench-name="smtlib.878807.smt2" config-id="1815" config-name="default" job-space-id="45185" job-space-path="AUFLIRA/FFT" solver-id="1286" solver-name="Z3-4.3.2.a054b099c1d6-x64-debian-6.0.6-SMT-COMP-2014"/>
<JobPair bench-id="893353" bench-name="smtlib.922994.smt2" config-id="1778" config-name="default" job-space-id="45185" job-space-path="AUFLIRA/FFT" solver-id="1257" solver-name="CVC4 f7118b2"/>
<JobPair bench-id="893353" bench-name="smtlib.922994.smt2" config-id="1815" config-name="default" job-space-id="45185" job-space-path="AUFLIRA/FFT" solver-id="1286" solver-name="Z3-4.3.2.a054b099c1d6-x64-debian-6.0.6-SMT-COMP-2014"/>
<JobPair bench-id="893354" bench-name="smtlib.859164.smt2" config-id="1778" config-name="default" job-space-id="45185" job-space-path="AUFLIRA/FFT" solver-id="1257" solver-name="CVC4 f7118b2"/>
<JobPair bench-id="893354" bench-name="smtlib.859164.smt2" config-id="1815" config-name="default" job-space-id="45185" job-space-path="AUFLIRA/FFT" solver-id="1286" solver-name="Z3-4.3.2.a054b099c1d6-x64-debian-6.0.6-SMT-COMP-2014"/>
<JobPair bench-id="893355" bench-name="smtlib.760866.smt2" config-id="1778" config-name="default" job-space-id="45185" job-space-path="AUFLIRA/FFT" solver-id="1257" solver-name="CVC4 f7118b2"/>
<JobPair bench-id="893355" bench-name="smtlib.760866.smt2" config-id="1815" config-name="default" job-space-id="45185" job-space-path="AUFLIRA/FFT" solver-id="1286" solver-name="Z3-4.3.2.a054b099c1d6-x64-debian-6.0.6-SMT-COMP-2014"/>
<JobPair bench-id="893356" bench-name="smtlib.708210.smt2" config-id="1778" config-name="default" job-space-id="45185" job-space-path="AUFLIRA/FFT" solver-id="1257" solver-name="CVC4 f7118b2"/>
<JobPair bench-id="893356" bench-name="smtlib.708210.smt2" config-id="1815" config-name="default" job-space-id="45185" job-space-path="AUFLIRA/FFT" solver-id="1286" solver-name="Z3-4.3.2.a054b099c1d6-x64-debian-6.0.6-SMT-COMP-2014"/>
<JobPair bench-id="893357" bench-name="smtlib.614580.smt2" config-id="1778" config-name="default" job-space-id="45185" job-space-path="AUFLIRA/FFT" solver-id="1257" solver-name="CVC4 f7118b2"/>
<JobPair bench-id="893357" bench-name="smtlib.614580.smt2" config-id="1815" config-name="default" job-space-id="45185" job-space-path="AUFLIRA/FFT" solver-id="1286" solver-name="Z3-4.3.2.a054b099c1d6-x64-debian-6.0.6-SMT-COMP-2014"/>
<JobPair bench-id="893358" bench-name="smtlib.914714.smt2" config-id="1778" config-name="default" job-space-id="45185" job-space-path="AUFLIRA/FFT" solver-id="1257" solver-name="CVC4 f7118b2"/>
<JobPair bench-id="893358" bench-name="smtlib.914714.smt2" config-id="1815" config-name="default" job-space-id="45185" job-space-path="AUFLIRA/FFT" solver-id="1286" solver-name="Z3-4.3.2.a054b099c1d6-x64-debian-6.0.6-SMT-COMP-2014"/>
<JobPair bench-id="893359" bench-name="smtlib.712662.smt2" config-id="1778" config-name="default" job-space-id="45185" job-space-path="AUFLIRA/FFT" solver-id="1257" solver-name="CVC4 f7118b2"/>
<JobPair bench-id="893359" bench-name="smtlib.712662.smt2" config-id="1815" config-name="default" job-space-id="45185" job-space-path="AUFLIRA/FFT" solver-id="1286" solver-name="Z3-4.3.2.a054b099c1d6-x64-debian-6.0.6-SMT-COMP-2014"/>
<JobPair bench-id="893360" bench-name="smtlib.866915.smt2" config-id="1778" config-name="default" job-space-id="45185" job-space-path="AUFLIRA/FFT" solver-id="1257" solver-name="CVC4 f7118b2"/>
<JobPair bench-id="893360" bench-name="smtlib.866915.smt2" config-id="1815" config-name="default" job-space-id="45185" job-space-path="AUFLIRA/FFT" solver-id="1286" solver-name="Z3-4.3.2.a054b099c1d6-x64-debian-6.0.6-SMT-COMP-2014"/>
<JobPair bench-id="893361" bench-name="smtlib.765089.smt2" config-id="1778" config-name="default" job-space-id="45185" job-space-path="AUFLIRA/FFT" solver-id="1257" solver-name="CVC4 f7118b2"/>
<JobPair bench-id="893361" bench-name="smtlib.765089.smt2" config-id="1815" config-name="default" job-space-id="45185" job-space-path="AUFLIRA/FFT" solver-id="1286" solver-name="Z3-4.3.2.a054b099c1d6-x64-debian-6.0.6-SMT-COMP-2014"/>
<JobPair bench-id="893362" bench-name="smtlib.752778.smt2" config-id="1778" config-name="default" job-space-id="45185" job-space-path="AUFLIRA/FFT" solver-id="1257" solver-name="CVC4 f7118b2"/>
<JobPair bench-id="893362" bench-name="smtlib.752778.smt2" config-id="1815" config-name="default" job-space-id="45185" job-space-path="AUFLIRA/FFT" solver-id="1286" solver-name="Z3-4.3.2.a054b099c1d6-x64-debian-6.0.6-SMT-COMP-2014"/>
<JobPair bench-id="893363" bench-name="z3.707278.smt2" config-id="1778" config-name="default" job-space-id="45185" job-space-path="AUFLIRA/FFT" solver-id="1257" solver-name="CVC4 f7118b2"/>
<JobPair bench-id="893363" bench-name="z3.707278.smt2" config-id="1815" config-name="default" job-space-id="45185" job-space-path="AUFLIRA/FFT" solver-id="1286" solver-name="Z3-4.3.2.a054b099c1d6-x64-debian-6.0.6-SMT-COMP-2014"/>
<JobPair bench-id="893364" bench-name="smtlib.633742.smt2" config-id="1778" config-name="default" job-space-id="45185" job-space-path="AUFLIRA/FFT" solver-id="1257" solver-name="CVC4 f7118b2"/>
<JobPair bench-id="893364" bench-name="smtlib.633742.smt2" config-id="1815" config-name="default" job-space-id="45185" job-space-path="AUFLIRA/FFT" solver-id="1286" solver-name="Z3-4.3.2.a054b099c1d6-x64-debian-6.0.6-SMT-COMP-2014"/>
<JobPair bench-id="893365" bench-name="smtlib.918001.smt2" config-id="1778" config-name="default" job-space-id="45185" job-space-path="AUFLIRA/FFT" solver-id="1257" solver-name="CVC4 f7118b2"/>
<JobPair bench-id="893365" bench-name="smtlib.918001.smt2" config-id="1815" config-name="default" job-space-id="45185" job-space-path="AUFLIRA/FFT" solver-id="1286" solver-name="Z3-4.3.2.a054b099c1d6-x64-debian-6.0.6-SMT-COMP-2014"/>
<JobPair bench-id="893366" bench-name="smtlib.923360.smt2" config-id="1778" config-name="default" job-space-id="45185" job-space-path="AUFLIRA/FFT" solver-id="1257" solver-name="CVC4 f7118b2"/>
<JobPair bench-id="893366" bench-name="smtlib.923360.smt2" config-id="1815" config-name="default" job-space-id="45185" job-space-path="AUFLIRA/FFT" solver-id="1286" solver-name="Z3-4.3.2.a054b099c1d6-x64-debian-6.0.6-SMT-COMP-2014"/>
</Job>
</tns:Jobs>
