pair id,benchmark,benchmark id,solver,solver id,configuration,configuration id,status,cpu time,wallclock time,memory usage,result,expected
21847480,UFIDL/boogie/Call_Foo-noinfer.smt2,830070,CVC4 f7118b2,1257,default,1778,complete,0.0,0.0,0.0,starexec-unknown,unknown
21847481,UFIDL/boogie/Call_Foo-noinfer.smt2,830070,Z3-4.3.2.a054b099c1d6-x64-debian-6.0.6-SMT-COMP-2014,1286,default,1815,complete,0.0,0.0,0.0,starexec-unknown,unknown
21847484,UFIDL/boogie/NestedVC_Q-vc_nested.smt2,830075,CVC4 f7118b2,1257,default,1778,complete,0.0,0.0,0.0,starexec-unknown,unknown
21847485,UFIDL/boogie/NestedVC_Q-vc_nested.smt2,830075,Z3-4.3.2.a054b099c1d6-x64-debian-6.0.6-SMT-COMP-2014,1286,default,1815,complete,0.0,0.0,0.0,starexec-unknown,unknown
21847488,UFIDL/boogie/Call_DifferentFormalNames-noinfer_2.smt2,830083,CVC4 f7118b2,1257,default,1778,complete,0.0,0.0,0.0,starexec-unknown,unknown
21847489,UFIDL/boogie/Call_DifferentFormalNames-noinfer_2.smt2,830083,Z3-4.3.2.a054b099c1d6-x64-debian-6.0.6-SMT-COMP-2014,1286,default,1815,complete,0.0,0.0,0.0,starexec-unknown,unknown
21847492,UFIDL/boogie/Call_DifferentFormalNames-noinfer_3.smt2,830094,CVC4 f7118b2,1257,default,1778,complete,0.0,0.0,0.0,starexec-unknown,unknown
21847493,UFIDL/boogie/Call_DifferentFormalNames-noinfer_3.smt2,830094,Z3-4.3.2.a054b099c1d6-x64-debian-6.0.6-SMT-COMP-2014,1286,default,1815,complete,0.0,0.0,0.0,starexec-unknown,unknown
21847482,UFIDL/sledgehammer/TypeSafe/z3.962319.smt2,905838,CVC4 f7118b2,1257,default,1778,complete,0.0,0.0,0.0,starexec-unknown,unknown
21847483,UFIDL/sledgehammer/TypeSafe/z3.962319.smt2,905838,Z3-4.3.2.a054b099c1d6-x64-debian-6.0.6-SMT-COMP-2014,1286,default,1815,complete,0.0,0.0,0.0,starexec-unknown,unknown
21847486,UFIDL/sledgehammer/TypeSafe/z3.976729.smt2,905839,CVC4 f7118b2,1257,default,1778,complete,0.0,0.0,0.0,starexec-unknown,unknown
21847487,UFIDL/sledgehammer/TypeSafe/z3.976729.smt2,905839,Z3-4.3.2.a054b099c1d6-x64-debian-6.0.6-SMT-COMP-2014,1286,default,1815,complete,0.0,0.0,0.0,starexec-unknown,unknown
21847490,UFIDL/sledgehammer/TypeSafe/smtlib.976791.smt2,905841,CVC4 f7118b2,1257,default,1778,complete,0.0,0.0,0.0,starexec-unknown,unknown
21847491,UFIDL/sledgehammer/TypeSafe/smtlib.976791.smt2,905841,Z3-4.3.2.a054b099c1d6-x64-debian-6.0.6-SMT-COMP-2014,1286,default,1815,complete,0.0,0.0,0.0,starexec-unknown,unknown
21847494,UFIDL/sledgehammer/TypeSafe/z3.976230.smt2,905843,CVC4 f7118b2,1257,default,1778,complete,0.0,0.0,0.0,starexec-unknown,unknown
21847495,UFIDL/sledgehammer/TypeSafe/z3.976230.smt2,905843,Z3-4.3.2.a054b099c1d6-x64-debian-6.0.6-SMT-COMP-2014,1286,default,1815,complete,0.0,0.0,0.0,starexec-unknown,unknown
21847496,UFIDL/sledgehammer/TypeSafe/z3.968844.smt2,905844,CVC4 f7118b2,1257,default,1778,complete,0.0,0.0,0.0,starexec-unknown,unknown
21847497,UFIDL/sledgehammer/TypeSafe/z3.968844.smt2,905844,Z3-4.3.2.a054b099c1d6-x64-debian-6.0.6-SMT-COMP-2014,1286,default,1815,complete,0.0,0.0,0.0,starexec-unknown,unknown
21847498,UFIDL/sledgehammer/TypeSafe/smtlib.968906.smt2,905845,CVC4 f7118b2,1257,default,1778,complete,0.0,0.0,0.0,starexec-unknown,unknown
21847499,UFIDL/sledgehammer/TypeSafe/smtlib.968906.smt2,905845,Z3-4.3.2.a054b099c1d6-x64-debian-6.0.6-SMT-COMP-2014,1286,default,1815,complete,0.0,0.0,0.0,starexec-unknown,unknown
21847500,UFIDL/sledgehammer/TypeSafe/smtlib.976292.smt2,905846,CVC4 f7118b2,1257,default,1778,complete,0.0,0.0,0.0,starexec-unknown,unknown
21847501,UFIDL/sledgehammer/TypeSafe/smtlib.976292.smt2,905846,Z3-4.3.2.a054b099c1d6-x64-debian-6.0.6-SMT-COMP-2014,1286,default,1815,complete,0.0,0.0,0.0,starexec-unknown,unknown
21847502,UFIDL/sledgehammer/TypeSafe/smtlib.962381.smt2,905848,CVC4 f7118b2,1257,default,1778,complete,0.0,0.0,0.0,starexec-unknown,unknown
21847503,UFIDL/sledgehammer/TypeSafe/smtlib.962381.smt2,905848,Z3-4.3.2.a054b099c1d6-x64-debian-6.0.6-SMT-COMP-2014,1286,default,1815,complete,0.0,0.0,0.0,starexec-unknown,unknown
