pair id,benchmark,benchmark id,solver,solver id,configuration,configuration id,status,cpu time,wallclock time,memory usage,result,expected
21636003,BV/wintersteiger/fmsd13/ranking/audio_ac97_rtstream.cpp.smt2,893007,CVC4 f7118b2,1257,default,1778,timeout (cpu),36000.0,35986.3,2.368078E7,starexec-unknown,unknown
21636004,BV/wintersteiger/fmsd13/ranking/audio_ac97_rtstream.cpp.smt2,893007,Z3-4.3.2.a054b099c1d6-x64-debian-6.0.6-SMT-COMP-2014,1286,default,1815,complete,0.014997,0.0270099,0.0,sat,unknown
21636007,BV/wintersteiger/fmsd13/ranking/network_ndis_coisdn_TpiParam.c.smt2,893008,CVC4 f7118b2,1257,default,1778,timeout (cpu),36000.1,35986.6,1.5397088E7,starexec-unknown,unknown
21636008,BV/wintersteiger/fmsd13/ranking/network_ndis_coisdn_TpiParam.c.smt2,893008,Z3-4.3.2.a054b099c1d6-x64-debian-6.0.6-SMT-COMP-2014,1286,default,1815,complete,0.033994,0.045208,106092.0,sat,unknown
21636011,BV/wintersteiger/fmsd13/ranking/ir_smscir_io.c.smt2,893009,CVC4 f7118b2,1257,default,1778,timeout (cpu),36000.1,35983.4,1.005474E7,starexec-unknown,unknown
21636012,BV/wintersteiger/fmsd13/ranking/ir_smscir_io.c.smt2,893009,Z3-4.3.2.a054b099c1d6-x64-debian-6.0.6-SMT-COMP-2014,1286,default,1815,timeout (cpu),36000.1,35986.4,629700.0,starexec-unknown,unknown
21636015,BV/wintersteiger/fmsd13/ranking/audio_fmsynth_miniport2.cpp.smt2,893010,CVC4 f7118b2,1257,default,1778,timeout (cpu),36000.0,35985.2,503704.0,starexec-unknown,unknown
21636016,BV/wintersteiger/fmsd13/ranking/audio_fmsynth_miniport2.cpp.smt2,893010,Z3-4.3.2.a054b099c1d6-x64-debian-6.0.6-SMT-COMP-2014,1286,default,1815,complete,0.011997,0.020136,0.0,sat,unknown
21636019,BV/wintersteiger/fmsd13/ranking/input_mouser_detect.c.smt2,893011,CVC4 f7118b2,1257,default,1778,complete,0.173972,0.191086,106092.0,starexec-unknown,unknown
21636020,BV/wintersteiger/fmsd13/ranking/input_mouser_detect.c.smt2,893011,Z3-4.3.2.a054b099c1d6-x64-debian-6.0.6-SMT-COMP-2014,1286,default,1815,complete,0.009997,0.0167959,0.0,sat,unknown
21636023,BV/wintersteiger/fmsd13/ranking/filesys_fastfat_allocsup.c.smt2,893012,CVC4 f7118b2,1257,default,1778,complete,16.5965,16.6333,302888.0,starexec-unknown,unknown
21636024,BV/wintersteiger/fmsd13/ranking/filesys_fastfat_allocsup.c.smt2,893012,Z3-4.3.2.a054b099c1d6-x64-debian-6.0.6-SMT-COMP-2014,1286,default,1815,complete,0.012997,0.0131729,0.0,sat,unknown
21636027,BV/wintersteiger/fmsd13/ranking/audio_ddksynth_csynth2.cpp.smt2,893013,CVC4 f7118b2,1257,default,1778,timeout (cpu),36000.0,35985.4,516304.0,starexec-unknown,unknown
21636028,BV/wintersteiger/fmsd13/ranking/audio_ddksynth_csynth2.cpp.smt2,893013,Z3-4.3.2.a054b099c1d6-x64-debian-6.0.6-SMT-COMP-2014,1286,default,1815,complete,0.010997,0.022887,0.0,sat,unknown
21636031,BV/wintersteiger/fmsd13/ranking/network_trans_sys_notify.c.smt2,893014,CVC4 f7118b2,1257,default,1778,complete,100.592,100.588,422016.0,unsat,unknown
21636032,BV/wintersteiger/fmsd13/ranking/network_trans_sys_notify.c.smt2,893014,Z3-4.3.2.a054b099c1d6-x64-debian-6.0.6-SMT-COMP-2014,1286,default,1815,complete,3.56146,3.57229,263356.0,unsat,unknown
21636035,BV/wintersteiger/fmsd13/ranking/kernel_agplib_intrface.c.smt2,893015,CVC4 f7118b2,1257,default,1778,complete,4.46532,4.49666,286872.0,starexec-unknown,unknown
21636036,BV/wintersteiger/fmsd13/ranking/kernel_agplib_intrface.c.smt2,893015,Z3-4.3.2.a054b099c1d6-x64-debian-6.0.6-SMT-COMP-2014,1286,default,1815,complete,0.011997,0.0130749,0.0,sat,unknown
21636039,BV/wintersteiger/fmsd13/ranking/audio_ac97_wavepcistream.cpp.smt2,893016,CVC4 f7118b2,1257,default,1778,timeout (cpu),36000.0,35982.9,3317932.0,starexec-unknown,unknown
21636040,BV/wintersteiger/fmsd13/ranking/audio_ac97_wavepcistream.cpp.smt2,893016,Z3-4.3.2.a054b099c1d6-x64-debian-6.0.6-SMT-COMP-2014,1286,default,1815,complete,66.3929,66.39,270180.0,unsat,unknown
21636043,BV/wintersteiger/fmsd13/ranking/kmdf_AMCC5933_sys_S5933DK1.c.smt2,893017,CVC4 f7118b2,1257,default,1778,complete,16.5125,16.5466,285124.0,starexec-unknown,unknown
21636044,BV/wintersteiger/fmsd13/ranking/kmdf_AMCC5933_sys_S5933DK1.c.smt2,893017,Z3-4.3.2.a054b099c1d6-x64-debian-6.0.6-SMT-COMP-2014,1286,default,1815,complete,0.130979,0.131224,106092.0,sat,unknown
21636047,BV/wintersteiger/fmsd13/ranking/filesys_cdfs_allocsup.c.smt2,893018,CVC4 f7118b2,1257,default,1778,timeout (cpu),36000.1,35984.7,8886224.0,starexec-unknown,unknown
21636048,BV/wintersteiger/fmsd13/ranking/filesys_cdfs_allocsup.c.smt2,893018,Z3-4.3.2.a054b099c1d6-x64-debian-6.0.6-SMT-COMP-2014,1286,default,1815,timeout (cpu),36000.1,35991.0,9.3614252E7,starexec-unknown,unknown
21636051,BV/wintersteiger/fmsd13/ranking/input_mouser_cseries.c.smt2,893019,CVC4 f7118b2,1257,default,1778,timeout (cpu),36000.0,35986.9,1.7491404E7,starexec-unknown,unknown
21636052,BV/wintersteiger/fmsd13/ranking/input_mouser_cseries.c.smt2,893019,Z3-4.3.2.a054b099c1d6-x64-debian-6.0.6-SMT-COMP-2014,1286,default,1815,complete,0.033994,0.0343231,106092.0,sat,unknown
21636055,BV/wintersteiger/fmsd13/ranking/mmedia_gsm610_gsm6103.c.smt2,893020,CVC4 f7118b2,1257,default,1778,complete,100.549,100.523,380560.0,unsat,unknown
21636056,BV/wintersteiger/fmsd13/ranking/mmedia_gsm610_gsm6103.c.smt2,893020,Z3-4.3.2.a054b099c1d6-x64-debian-6.0.6-SMT-COMP-2014,1286,default,1815,complete,1.43678,1.43719,257852.0,unsat,unknown
21636059,BV/wintersteiger/fmsd13/ranking/mmedia_gsm610_gsm610.c.smt2,893021,CVC4 f7118b2,1257,default,1778,timeout (cpu),36000.0,35994.5,2.2825424E7,starexec-unknown,unknown
21636060,BV/wintersteiger/fmsd13/ranking/mmedia_gsm610_gsm610.c.smt2,893021,Z3-4.3.2.a054b099c1d6-x64-debian-6.0.6-SMT-COMP-2014,1286,default,1815,complete,0.201968,0.205309,106092.0,sat,unknown
21636063,BV/wintersteiger/fmsd13/ranking/filesys_cdfs_namesup_noarray.c.smt2,893022,CVC4 f7118b2,1257,default,1778,timeout (cpu),36000.0,35985.7,2254880.0,starexec-unknown,unknown
21636064,BV/wintersteiger/fmsd13/ranking/filesys_cdfs_namesup_noarray.c.smt2,893022,Z3-4.3.2.a054b099c1d6-x64-debian-6.0.6-SMT-COMP-2014,1286,default,1815,complete,5.58215,5.58802,285272.0,unsat,unknown
21636067,BV/wintersteiger/fmsd13/ranking/kmdf_osrusbfx2_exe_dump.c.smt2,893023,CVC4 f7118b2,1257,default,1778,timeout (cpu),36000.1,35990.7,5437572.0,starexec-unknown,unknown
21636068,BV/wintersteiger/fmsd13/ranking/kmdf_osrusbfx2_exe_dump.c.smt2,893023,Z3-4.3.2.a054b099c1d6-x64-debian-6.0.6-SMT-COMP-2014,1286,default,1815,complete,3.62145,3.62971,257372.0,unsat,unknown
21636071,BV/wintersteiger/fmsd13/ranking/hid_hclient_ecdisp.c.smt2,893024,CVC4 f7118b2,1257,default,1778,timeout (cpu),36000.0,35983.2,2374872.0,starexec-unknown,unknown
21636072,BV/wintersteiger/fmsd13/ranking/hid_hclient_ecdisp.c.smt2,893024,Z3-4.3.2.a054b099c1d6-x64-debian-6.0.6-SMT-COMP-2014,1286,default,1815,complete,0.054991,0.0624819,106092.0,sat,unknown
21636075,BV/wintersteiger/fmsd13/ranking/filesys_fastfat_cachesup.c.smt2,893025,CVC4 f7118b2,1257,default,1778,timeout (cpu),36000.1,35985.6,2.2702176E7,starexec-unknown,unknown
21636076,BV/wintersteiger/fmsd13/ranking/filesys_fastfat_cachesup.c.smt2,893025,Z3-4.3.2.a054b099c1d6-x64-debian-6.0.6-SMT-COMP-2014,1286,default,1815,complete,0.013997,0.029157,0.0,sat,unknown
21636079,BV/wintersteiger/fmsd13/ranking/filesys_smbmrx_smbxchng.c.smt2,893026,CVC4 f7118b2,1257,default,1778,complete,0.177972,0.199546,106092.0,starexec-unknown,unknown
21636080,BV/wintersteiger/fmsd13/ranking/filesys_smbmrx_smbxchng.c.smt2,893026,Z3-4.3.2.a054b099c1d6-x64-debian-6.0.6-SMT-COMP-2014,1286,default,1815,complete,0.445931,0.455205,106092.0,unsat,unknown
21636083,BV/wintersteiger/fmsd13/ranking/audio_ac97_common.cpp.smt2,893027,CVC4 f7118b2,1257,default,1778,timeout (cpu),36000.0,35982.5,2.0264E7,starexec-unknown,unknown
21636084,BV/wintersteiger/fmsd13/ranking/audio_ac97_common.cpp.smt2,893027,Z3-4.3.2.a054b099c1d6-x64-debian-6.0.6-SMT-COMP-2014,1286,default,1815,complete,0.104983,0.116139,106092.0,sat,unknown
21636087,BV/wintersteiger/fmsd13/ranking/audio_gfxswap.xp_filter.cpp.smt2,893028,CVC4 f7118b2,1257,default,1778,timeout (cpu),36000.0,35986.1,1.8837312E7,starexec-unknown,unknown
21636088,BV/wintersteiger/fmsd13/ranking/audio_gfxswap.xp_filter.cpp.smt2,893028,Z3-4.3.2.a054b099c1d6-x64-debian-6.0.6-SMT-COMP-2014,1286,default,1815,complete,0.530919,0.534382,106092.0,unsat,unknown
21636091,BV/wintersteiger/fmsd13/ranking/kmdf_pcidrv_sys_hw_physet.c.smt2,893029,CVC4 f7118b2,1257,default,1778,complete,40.7048,40.7213,346292.0,sat,unknown
21636092,BV/wintersteiger/fmsd13/ranking/kmdf_pcidrv_sys_hw_physet.c.smt2,893029,Z3-4.3.2.a054b099c1d6-x64-debian-6.0.6-SMT-COMP-2014,1286,default,1815,complete,0.008998,0.0213109,0.0,sat,unknown
21636095,BV/wintersteiger/fmsd13/ranking/filesys_cdfs_namesup2.c.smt2,893030,CVC4 f7118b2,1257,default,1778,complete,14.5208,14.5428,343788.0,starexec-unknown,unknown
21636096,BV/wintersteiger/fmsd13/ranking/filesys_cdfs_namesup2.c.smt2,893030,Z3-4.3.2.a054b099c1d6-x64-debian-6.0.6-SMT-COMP-2014,1286,default,1815,complete,0.011997,0.0244759,0.0,sat,unknown
21636099,BV/wintersteiger/fmsd13/ranking/general_pcidrv_sys_hw_eeprom2.c.smt2,893031,CVC4 f7118b2,1257,default,1778,complete,93.3468,93.3602,304888.0,starexec-unknown,unknown
21636100,BV/wintersteiger/fmsd13/ranking/general_pcidrv_sys_hw_eeprom2.c.smt2,893031,Z3-4.3.2.a054b099c1d6-x64-debian-6.0.6-SMT-COMP-2014,1286,default,1815,complete,0.026994,0.0353821,0.0,sat,unknown
21636103,BV/wintersteiger/fmsd13/ranking/network_ndis_rtlnwifi_extsta_st_misc.c.smt2,893032,CVC4 f7118b2,1257,default,1778,complete,0.18997,0.214981,106092.0,starexec-unknown,unknown
21636104,BV/wintersteiger/fmsd13/ranking/network_ndis_rtlnwifi_extsta_st_misc.c.smt2,893032,Z3-4.3.2.a054b099c1d6-x64-debian-6.0.6-SMT-COMP-2014,1286,default,1815,complete,3.58245,3.59195,272472.0,sat,unknown
21636107,BV/wintersteiger/fmsd13/ranking/1394diag_isochapi.c.smt2,893033,CVC4 f7118b2,1257,default,1778,timeout (cpu),36000.0,35986.9,2448536.0,starexec-unknown,unknown
21636108,BV/wintersteiger/fmsd13/ranking/1394diag_isochapi.c.smt2,893033,Z3-4.3.2.a054b099c1d6-x64-debian-6.0.6-SMT-COMP-2014,1286,default,1815,complete,0.052991,0.0657169,106092.0,sat,unknown
21636111,BV/wintersteiger/fmsd13/ranking/input_pnpi8042_moudep.c.smt2,893034,CVC4 f7118b2,1257,default,1778,timeout (cpu),36000.1,35985.9,2448536.0,starexec-unknown,unknown
21636112,BV/wintersteiger/fmsd13/ranking/input_pnpi8042_moudep.c.smt2,893034,Z3-4.3.2.a054b099c1d6-x64-debian-6.0.6-SMT-COMP-2014,1286,default,1815,complete,0.053991,0.0625131,106092.0,sat,unknown
21636115,BV/wintersteiger/fmsd13/ranking/audio_fmsynth_miniport.cpp.smt2,893035,CVC4 f7118b2,1257,default,1778,complete,3.56046,3.57859,279056.0,starexec-unknown,unknown
21636116,BV/wintersteiger/fmsd13/ranking/audio_fmsynth_miniport.cpp.smt2,893035,Z3-4.3.2.a054b099c1d6-x64-debian-6.0.6-SMT-COMP-2014,1286,default,1815,complete,0.013997,0.0143029,0.0,sat,unknown
21636119,BV/wintersteiger/fmsd13/ranking/general_toaster_exe_notify_notify.c.smt2,893036,CVC4 f7118b2,1257,default,1778,timeout (cpu),36000.0,35987.2,1.8610936E7,starexec-unknown,unknown
21636120,BV/wintersteiger/fmsd13/ranking/general_toaster_exe_notify_notify.c.smt2,893036,Z3-4.3.2.a054b099c1d6-x64-debian-6.0.6-SMT-COMP-2014,1286,default,1815,complete,0.016996,0.0276809,0.0,sat,unknown
21636123,BV/wintersteiger/fmsd13/ranking/kmdf_usbsamp_sys_queue.c.smt2,893037,CVC4 f7118b2,1257,default,1778,timeout (cpu),36000.1,35982.7,1.7449152E7,starexec-unknown,unknown
21636124,BV/wintersteiger/fmsd13/ranking/kmdf_usbsamp_sys_queue.c.smt2,893037,Z3-4.3.2.a054b099c1d6-x64-debian-6.0.6-SMT-COMP-2014,1286,default,1815,timeout (cpu),36000.1,35985.6,478512.0,starexec-unknown,unknown
21636127,BV/wintersteiger/fmsd13/ranking/audio_sysfx_swap.cpp.smt2,893038,CVC4 f7118b2,1257,default,1778,timeout (cpu),36000.0,35986.7,1.8610168E7,starexec-unknown,unknown
21636128,BV/wintersteiger/fmsd13/ranking/audio_sysfx_swap.cpp.smt2,893038,Z3-4.3.2.a054b099c1d6-x64-debian-6.0.6-SMT-COMP-2014,1286,default,1815,complete,0.015997,0.026176,0.0,sat,unknown
21636131,BV/wintersteiger/fmsd13/ranking/network_ndis_rtlnwifi_hw_hw_ccmp.c.smt2,893039,CVC4 f7118b2,1257,default,1778,timeout (cpu),36000.0,35982.7,926248.0,starexec-unknown,unknown
21636132,BV/wintersteiger/fmsd13/ranking/network_ndis_rtlnwifi_hw_hw_ccmp.c.smt2,893039,Z3-4.3.2.a054b099c1d6-x64-debian-6.0.6-SMT-COMP-2014,1286,default,1815,complete,0.022996,0.0392329,0.0,sat,unknown
21636135,BV/wintersteiger/fmsd13/ranking/filesys_fastfat_easup.c.smt2,893040,CVC4 f7118b2,1257,default,1778,timeout (cpu),36000.1,35985.3,1167660.0,starexec-unknown,unknown
21636136,BV/wintersteiger/fmsd13/ranking/filesys_fastfat_easup.c.smt2,893040,Z3-4.3.2.a054b099c1d6-x64-debian-6.0.6-SMT-COMP-2014,1286,default,1815,complete,0.031994,0.046431,0.0,sat,unknown
21636139,BV/wintersteiger/fmsd13/ranking/filesys_cdfs_cddata.c.smt2,893041,CVC4 f7118b2,1257,default,1778,timeout (cpu),36000.0,35983.5,1.86103E7,starexec-unknown,unknown
21636140,BV/wintersteiger/fmsd13/ranking/filesys_cdfs_cddata.c.smt2,893041,Z3-4.3.2.a054b099c1d6-x64-debian-6.0.6-SMT-COMP-2014,1286,default,1815,complete,0.014996,0.0245501,0.0,sat,unknown
21636143,BV/wintersteiger/fmsd13/ranking/audio_ddksynth_csynth.cpp.smt2,893042,CVC4 f7118b2,1257,default,1778,timeout (cpu),36000.0,35983.1,6473184.0,starexec-unknown,unknown
21636144,BV/wintersteiger/fmsd13/ranking/audio_ddksynth_csynth.cpp.smt2,893042,Z3-4.3.2.a054b099c1d6-x64-debian-6.0.6-SMT-COMP-2014,1286,default,1815,complete,2.20266,2.21684,247676.0,unsat,unknown
21636147,BV/wintersteiger/fmsd13/ranking/AVStream_image.cpp.smt2,893043,CVC4 f7118b2,1257,default,1778,complete,42.4685,42.4867,546696.0,starexec-unknown,unknown
21636148,BV/wintersteiger/fmsd13/ranking/AVStream_image.cpp.smt2,893043,Z3-4.3.2.a054b099c1d6-x64-debian-6.0.6-SMT-COMP-2014,1286,default,1815,complete,0.022996,0.031047,0.0,sat,unknown
21636151,BV/wintersteiger/fmsd13/ranking/network_ndis_rtlnwifi_extsta_st_aplst.c.smt2,893044,CVC4 f7118b2,1257,default,1778,timeout (cpu),36000.1,35982.5,2470576.0,starexec-unknown,unknown
21636152,BV/wintersteiger/fmsd13/ranking/network_ndis_rtlnwifi_extsta_st_aplst.c.smt2,893044,Z3-4.3.2.a054b099c1d6-x64-debian-6.0.6-SMT-COMP-2014,1286,default,1815,timeout (cpu),36000.1,35982.0,587516.0,starexec-unknown,unknown
21636155,BV/wintersteiger/fmsd13/ranking/kmdf_osrusbfx2_exe_testapp.c.smt2,893045,CVC4 f7118b2,1257,default,1778,timeout (cpu),36000.1,35985.4,9261188.0,starexec-unknown,unknown
21636156,BV/wintersteiger/fmsd13/ranking/kmdf_osrusbfx2_exe_testapp.c.smt2,893045,Z3-4.3.2.a054b099c1d6-x64-debian-6.0.6-SMT-COMP-2014,1286,default,1815,complete,0.813876,0.822729,106092.0,unsat,unknown
21636159,BV/wintersteiger/fmsd13/ranking/mmedia_gsm610_gsm6102.c.smt2,893046,CVC4 f7118b2,1257,default,1778,complete,100.53,100.54,450524.0,unsat,unknown
21636160,BV/wintersteiger/fmsd13/ranking/mmedia_gsm610_gsm6102.c.smt2,893046,Z3-4.3.2.a054b099c1d6-x64-debian-6.0.6-SMT-COMP-2014,1286,default,1815,complete,0.007997,0.0170171,0.0,unsat,unknown
21636163,BV/wintersteiger/fmsd13/ranking/audio_ac97_wavepcistream3.cpp.smt2,893047,CVC4 f7118b2,1257,default,1778,complete,1083.73,1083.69,565472.0,unsat,unknown
21636164,BV/wintersteiger/fmsd13/ranking/audio_ac97_wavepcistream3.cpp.smt2,893047,Z3-4.3.2.a054b099c1d6-x64-debian-6.0.6-SMT-COMP-2014,1286,default,1815,complete,1.83972,1.84689,290784.0,unsat,unknown
21636167,BV/wintersteiger/fmsd13/ranking/audio_ddksynth_voice.cpp.smt2,893048,CVC4 f7118b2,1257,default,1778,timeout (cpu),36000.1,35985.9,7998240.0,starexec-unknown,unknown
21636168,BV/wintersteiger/fmsd13/ranking/audio_ddksynth_voice.cpp.smt2,893048,Z3-4.3.2.a054b099c1d6-x64-debian-6.0.6-SMT-COMP-2014,1286,default,1815,complete,0.020996,0.0322051,106092.0,unsat,unknown
21636171,BV/wintersteiger/fmsd13/ranking/filesys_filter_namelookup.c.smt2,893049,CVC4 f7118b2,1257,default,1778,timeout (cpu),36000.1,35986.8,1.7777004E7,starexec-unknown,unknown
21636172,BV/wintersteiger/fmsd13/ranking/filesys_filter_namelookup.c.smt2,893049,Z3-4.3.2.a054b099c1d6-x64-debian-6.0.6-SMT-COMP-2014,1286,default,1815,complete,0.015997,0.024591,0.0,sat,unknown
21636175,BV/wintersteiger/fmsd13/ranking/network_usbnwifi_mp_util.c.smt2,893050,CVC4 f7118b2,1257,default,1778,complete,0.19397,0.218312,106092.0,starexec-unknown,unknown
21636176,BV/wintersteiger/fmsd13/ranking/network_usbnwifi_mp_util.c.smt2,893050,Z3-4.3.2.a054b099c1d6-x64-debian-6.0.6-SMT-COMP-2014,1286,default,1815,complete,855.7,855.407,302424.0,unsat,unknown
21636179,BV/wintersteiger/fmsd13/ranking/hid_firefly_app_firefly.cpp.smt2,893051,CVC4 f7118b2,1257,default,1778,timeout (cpu),36000.1,35985.8,1.0580668E7,starexec-unknown,unknown
21636180,BV/wintersteiger/fmsd13/ranking/hid_firefly_app_firefly.cpp.smt2,893051,Z3-4.3.2.a054b099c1d6-x64-debian-6.0.6-SMT-COMP-2014,1286,default,1815,complete,29.9904,29.9875,467028.0,sat,unknown
21636183,BV/wintersteiger/fmsd13/ranking/network_irda_miniport_nscirda_settings.c.smt2,893052,CVC4 f7118b2,1257,default,1778,timeout (cpu),36000.0,35985.5,1317680.0,starexec-unknown,unknown
21636184,BV/wintersteiger/fmsd13/ranking/network_irda_miniport_nscirda_settings.c.smt2,893052,Z3-4.3.2.a054b099c1d6-x64-debian-6.0.6-SMT-COMP-2014,1286,default,1815,complete,7.45387,7.4656,251432.0,unsat,unknown
21636187,BV/wintersteiger/fmsd13/ranking/1394diag_ioctl.c.smt2,893053,CVC4 f7118b2,1257,default,1778,timeout (cpu),36000.1,35986.0,1261808.0,starexec-unknown,unknown
21636188,BV/wintersteiger/fmsd13/ranking/1394diag_ioctl.c.smt2,893053,Z3-4.3.2.a054b099c1d6-x64-debian-6.0.6-SMT-COMP-2014,1286,default,1815,timeout (cpu),36000.0,35991.9,608936.0,starexec-unknown,unknown
21636191,BV/wintersteiger/fmsd13/ranking/kmdf_pcidrv_sys_hw_nic_init.c.smt2,893054,CVC4 f7118b2,1257,default,1778,timeout (cpu),36000.0,35988.0,2.5430528E7,starexec-unknown,unknown
21636192,BV/wintersteiger/fmsd13/ranking/kmdf_pcidrv_sys_hw_nic_init.c.smt2,893054,Z3-4.3.2.a054b099c1d6-x64-debian-6.0.6-SMT-COMP-2014,1286,default,1815,complete,0.090985,0.108205,106092.0,sat,unknown
21636195,BV/wintersteiger/fmsd13/ranking/filesys_smbmrx_cvsndrcv.c.smt2,893055,CVC4 f7118b2,1257,default,1778,complete,0.935857,0.950001,106092.0,unsat,unknown
21636196,BV/wintersteiger/fmsd13/ranking/filesys_smbmrx_cvsndrcv.c.smt2,893055,Z3-4.3.2.a054b099c1d6-x64-debian-6.0.6-SMT-COMP-2014,1286,default,1815,complete,0.099984,0.111278,106092.0,unsat,unknown
21636199,BV/wintersteiger/fmsd13/ranking/network_ndis_e100bex_5x_kd_mp_dbg.c.smt2,893056,CVC4 f7118b2,1257,default,1778,timeout (cpu),36000.0,35986.0,4757676.0,starexec-unknown,unknown
21636200,BV/wintersteiger/fmsd13/ranking/network_ndis_e100bex_5x_kd_mp_dbg.c.smt2,893056,Z3-4.3.2.a054b099c1d6-x64-debian-6.0.6-SMT-COMP-2014,1286,default,1815,complete,4.87326,4.88016,368216.0,sat,unknown
21636203,BV/wintersteiger/fmsd13/ranking/audio_dmusuart_mpu.cpp.smt2,893057,CVC4 f7118b2,1257,default,1778,timeout (cpu),36000.1,35985.9,432620.0,starexec-unknown,unknown
21636204,BV/wintersteiger/fmsd13/ranking/audio_dmusuart_mpu.cpp.smt2,893057,Z3-4.3.2.a054b099c1d6-x64-debian-6.0.6-SMT-COMP-2014,1286,default,1815,complete,0.067989,0.0700491,0.0,sat,unknown
21636207,BV/wintersteiger/fmsd13/ranking/mmedia_imaadpcm_imaadpcm.c.smt2,893058,CVC4 f7118b2,1257,default,1778,timeout (cpu),36000.1,35986.8,1.7022112E7,starexec-unknown,unknown
21636208,BV/wintersteiger/fmsd13/ranking/mmedia_imaadpcm_imaadpcm.c.smt2,893058,Z3-4.3.2.a054b099c1d6-x64-debian-6.0.6-SMT-COMP-2014,1286,default,1815,complete,802.498,802.131,309536.0,unsat,unknown
21636211,BV/wintersteiger/fmsd13/ranking/audio_ac97_wavepcistream2.cpp.smt2,893059,CVC4 f7118b2,1257,default,1778,timeout (cpu),36000.1,35983.0,2.3184732E7,starexec-unknown,unknown
21636212,BV/wintersteiger/fmsd13/ranking/audio_ac97_wavepcistream2.cpp.smt2,893059,Z3-4.3.2.a054b099c1d6-x64-debian-6.0.6-SMT-COMP-2014,1286,default,1815,complete,0.132979,0.144252,106092.0,unsat,unknown
21636215,BV/wintersteiger/fmsd13/ranking/filesys_fastfat_write.c.smt2,893060,CVC4 f7118b2,1257,default,1778,complete,0.0,0.0,0.0,starexec-unknown,unknown
21636216,BV/wintersteiger/fmsd13/ranking/filesys_fastfat_write.c.smt2,893060,Z3-4.3.2.a054b099c1d6-x64-debian-6.0.6-SMT-COMP-2014,1286,default,1815,complete,4657.23,4655.31,435712.0,sat,unknown
21636219,BV/wintersteiger/fmsd13/ranking/kernel_agplib_init.c.smt2,893061,CVC4 f7118b2,1257,default,1778,complete,40.8048,40.8108,413684.0,sat,unknown
21636220,BV/wintersteiger/fmsd13/ranking/kernel_agplib_init.c.smt2,893061,Z3-4.3.2.a054b099c1d6-x64-debian-6.0.6-SMT-COMP-2014,1286,default,1815,complete,0.008998,0.0100499,0.0,sat,unknown
21636223,BV/wintersteiger/fmsd13/ranking/AVStream_hwsim.cpp.smt2,893062,CVC4 f7118b2,1257,default,1778,complete,0.0,0.0,0.0,starexec-unknown,unknown
21636224,BV/wintersteiger/fmsd13/ranking/AVStream_hwsim.cpp.smt2,893062,Z3-4.3.2.a054b099c1d6-x64-debian-6.0.6-SMT-COMP-2014,1286,default,1815,complete,0.142977,0.156158,106092.0,sat,unknown
21636227,BV/wintersteiger/fmsd13/ranking/general_pcidrv_sys_hw_eeprom.c.smt2,893063,CVC4 f7118b2,1257,default,1778,complete,23.4344,23.4489,368756.0,starexec-unknown,unknown
21636228,BV/wintersteiger/fmsd13/ranking/general_pcidrv_sys_hw_eeprom.c.smt2,893063,Z3-4.3.2.a054b099c1d6-x64-debian-6.0.6-SMT-COMP-2014,1286,default,1815,complete,0.109983,0.128535,106092.0,unsat,unknown
21636231,BV/wintersteiger/fmsd13/ranking/filesys_smbmrx_midatlas.c.smt2,893064,CVC4 f7118b2,1257,default,1778,complete,0.824873,0.85476,106092.0,starexec-unknown,unknown
21636232,BV/wintersteiger/fmsd13/ranking/filesys_smbmrx_midatlas.c.smt2,893064,Z3-4.3.2.a054b099c1d6-x64-debian-6.0.6-SMT-COMP-2014,1286,default,1815,complete,0.008998,0.0204699,0.0,unsat,unknown
21636235,BV/wintersteiger/fmsd13/ranking/kernel_uagp35_gart.c.smt2,893065,CVC4 f7118b2,1257,default,1778,complete,0.0,0.0,0.0,starexec-unknown,unknown
21636236,BV/wintersteiger/fmsd13/ranking/kernel_uagp35_gart.c.smt2,893065,Z3-4.3.2.a054b099c1d6-x64-debian-6.0.6-SMT-COMP-2014,1286,default,1815,complete,0.05499,0.069805,106092.0,sat,unknown
21636239,BV/wintersteiger/fmsd13/ranking/network_irda_miniport_nscirda_comm.c.smt2,893066,CVC4 f7118b2,1257,default,1778,complete,0.0,0.0,0.0,starexec-unknown,unknown
21636240,BV/wintersteiger/fmsd13/ranking/network_irda_miniport_nscirda_comm.c.smt2,893066,Z3-4.3.2.a054b099c1d6-x64-debian-6.0.6-SMT-COMP-2014,1286,default,1815,complete,2.87256,2.87269,293200.0,unsat,unknown
21636001,BV/wintersteiger/fmsd13/fixpoint/small-synabs-fixpoint-2.smt2,893067,CVC4 f7118b2,1257,default,1778,complete,0.008998,0.0191779,0.0,unsat,unknown
21636002,BV/wintersteiger/fmsd13/fixpoint/small-synabs-fixpoint-2.smt2,893067,Z3-4.3.2.a054b099c1d6-x64-debian-6.0.6-SMT-COMP-2014,1286,default,1815,complete,0.006998,0.015645,0.0,unsat,unknown
21636005,BV/wintersteiger/fmsd13/fixpoint/small-pipeline-fixpoint-3.smt2,893068,CVC4 f7118b2,1257,default,1778,timeout (cpu),36000.1,35985.2,1148344.0,starexec-unknown,unknown
21636006,BV/wintersteiger/fmsd13/fixpoint/small-pipeline-fixpoint-3.smt2,893068,Z3-4.3.2.a054b099c1d6-x64-debian-6.0.6-SMT-COMP-2014,1286,default,1815,complete,0.036993,0.0494921,106092.0,unsat,unknown
21636009,BV/wintersteiger/fmsd13/fixpoint/small-seq-fixpoint-2.smt2,893069,CVC4 f7118b2,1257,default,1778,complete,0.007998,0.0181411,0.0,unsat,unknown
21636010,BV/wintersteiger/fmsd13/fixpoint/small-seq-fixpoint-2.smt2,893069,Z3-4.3.2.a054b099c1d6-x64-debian-6.0.6-SMT-COMP-2014,1286,default,1815,complete,0.005998,0.00779109,0.0,unsat,unknown
21636013,BV/wintersteiger/fmsd13/fixpoint/small-swap1-fixpoint-7.smt2,893070,CVC4 f7118b2,1257,default,1778,complete,0.111982,0.137345,106092.0,sat,unknown
21636014,BV/wintersteiger/fmsd13/fixpoint/small-swap1-fixpoint-7.smt2,893070,Z3-4.3.2.a054b099c1d6-x64-debian-6.0.6-SMT-COMP-2014,1286,default,1815,complete,0.009997,0.018757,0.0,sat,unknown
21636017,BV/wintersteiger/fmsd13/fixpoint/cache-coherence-3-fixpoint-2.smt2,893071,CVC4 f7118b2,1257,default,1778,timeout (cpu),36000.1,35986.0,3833076.0,starexec-unknown,unknown
21636018,BV/wintersteiger/fmsd13/fixpoint/cache-coherence-3-fixpoint-2.smt2,893071,Z3-4.3.2.a054b099c1d6-x64-debian-6.0.6-SMT-COMP-2014,1286,default,1815,complete,0.52092,0.522197,106092.0,unsat,unknown
21636021,BV/wintersteiger/fmsd13/fixpoint/itc-b13-fixpoint-10.smt2,893072,CVC4 f7118b2,1257,default,1778,complete,535.032,534.896,279684.0,starexec-unknown,unknown
21636022,BV/wintersteiger/fmsd13/fixpoint/itc-b13-fixpoint-10.smt2,893072,Z3-4.3.2.a054b099c1d6-x64-debian-6.0.6-SMT-COMP-2014,1286,default,1815,complete,0.292954,0.304018,106092.0,sat,unknown
21636025,BV/wintersteiger/fmsd13/fixpoint/small-dyn-partition-fixpoint-10.smt2,893073,CVC4 f7118b2,1257,default,1778,complete,20.5339,20.5418,256688.0,unsat,unknown
21636026,BV/wintersteiger/fmsd13/fixpoint/small-dyn-partition-fixpoint-10.smt2,893073,Z3-4.3.2.a054b099c1d6-x64-debian-6.0.6-SMT-COMP-2014,1286,default,1815,complete,0.013997,0.0218779,0.0,unsat,unknown
21636029,BV/wintersteiger/fmsd13/fixpoint/small-seq-fixpoint-1.smt2,893074,CVC4 f7118b2,1257,default,1778,complete,0.006998,0.0152801,0.0,unsat,unknown
21636030,BV/wintersteiger/fmsd13/fixpoint/small-seq-fixpoint-1.smt2,893074,Z3-4.3.2.a054b099c1d6-x64-debian-6.0.6-SMT-COMP-2014,1286,default,1815,complete,0.005998,0.014762,0.0,unsat,unknown
21636033,BV/wintersteiger/fmsd13/fixpoint/usb-phy-fixpoint-1.smt2,893075,CVC4 f7118b2,1257,default,1778,timeout (cpu),36000.1,35988.6,5.689072E7,starexec-unknown,unknown
21636034,BV/wintersteiger/fmsd13/fixpoint/usb-phy-fixpoint-1.smt2,893075,Z3-4.3.2.a054b099c1d6-x64-debian-6.0.6-SMT-COMP-2014,1286,default,1815,complete,0.053991,0.0668729,106092.0,unsat,unknown
21636037,BV/wintersteiger/fmsd13/fixpoint/small-seq-fixpoint-10.smt2,893076,CVC4 f7118b2,1257,default,1778,complete,0.014997,0.02716,0.0,unsat,unknown
21636038,BV/wintersteiger/fmsd13/fixpoint/small-seq-fixpoint-10.smt2,893076,Z3-4.3.2.a054b099c1d6-x64-debian-6.0.6-SMT-COMP-2014,1286,default,1815,complete,0.009997,0.0174961,0.0,unsat,unknown
21636041,BV/wintersteiger/fmsd13/fixpoint/small-dyn-partition-fixpoint-9.smt2,893077,CVC4 f7118b2,1257,default,1778,complete,20.3129,20.3195,259380.0,unsat,unknown
21636042,BV/wintersteiger/fmsd13/fixpoint/small-dyn-partition-fixpoint-9.smt2,893077,Z3-4.3.2.a054b099c1d6-x64-debian-6.0.6-SMT-COMP-2014,1286,default,1815,complete,0.012997,0.0209091,106092.0,unsat,unknown
21636045,BV/wintersteiger/fmsd13/fixpoint/ethernet-fixpoint-3.smt2,893078,CVC4 f7118b2,1257,default,1778,complete,122.436,122.433,274712.0,unsat,unknown
21636046,BV/wintersteiger/fmsd13/fixpoint/ethernet-fixpoint-3.smt2,893078,Z3-4.3.2.a054b099c1d6-x64-debian-6.0.6-SMT-COMP-2014,1286,default,1815,complete,1.60176,1.61383,255384.0,unsat,unknown
21636049,BV/wintersteiger/fmsd13/fixpoint/small-swap1-fixpoint-10.smt2,893079,CVC4 f7118b2,1257,default,1778,complete,0.148976,0.165891,106092.0,sat,unknown
21636050,BV/wintersteiger/fmsd13/fixpoint/small-swap1-fixpoint-10.smt2,893079,Z3-4.3.2.a054b099c1d6-x64-debian-6.0.6-SMT-COMP-2014,1286,default,1815,complete,0.011998,0.013677,0.0,sat,unknown
21636053,BV/wintersteiger/fmsd13/fixpoint/usb-phy-fixpoint-4.smt2,893080,CVC4 f7118b2,1257,default,1778,timeout (cpu),36000.0,35989.7,2694072.0,starexec-unknown,unknown
21636054,BV/wintersteiger/fmsd13/fixpoint/usb-phy-fixpoint-4.smt2,893080,Z3-4.3.2.a054b099c1d6-x64-debian-6.0.6-SMT-COMP-2014,1286,default,1815,complete,2.23866,2.23854,255164.0,unsat,unknown
21636057,BV/wintersteiger/fmsd13/fixpoint/AR-fixpoint-4.smt2,893081,CVC4 f7118b2,1257,default,1778,complete,0.008997,0.0123551,0.0,unsat,unknown
21636058,BV/wintersteiger/fmsd13/fixpoint/AR-fixpoint-4.smt2,893081,Z3-4.3.2.a054b099c1d6-x64-debian-6.0.6-SMT-COMP-2014,1286,default,1815,complete,0.008998,0.0125699,0.0,unsat,unknown
21636061,BV/wintersteiger/fmsd13/fixpoint/small-equiv-fixpoint-1.smt2,893082,CVC4 f7118b2,1257,default,1778,timeout (cpu),36000.0,35987.7,1806788.0,starexec-unknown,unknown
21636062,BV/wintersteiger/fmsd13/fixpoint/small-equiv-fixpoint-1.smt2,893082,Z3-4.3.2.a054b099c1d6-x64-debian-6.0.6-SMT-COMP-2014,1286,default,1815,complete,0.006998,0.00803003,0.0,sat,unknown
21636065,BV/wintersteiger/fmsd13/fixpoint/small-pipeline-fixpoint-10.smt2,893083,CVC4 f7118b2,1257,default,1778,timeout (cpu),36000.0,35985.3,7165336.0,starexec-unknown,unknown
21636066,BV/wintersteiger/fmsd13/fixpoint/small-pipeline-fixpoint-10.smt2,893083,Z3-4.3.2.a054b099c1d6-x64-debian-6.0.6-SMT-COMP-2014,1286,default,1815,timeout (cpu),36000.0,35988.8,926116.0,starexec-unknown,unknown
21636069,BV/wintersteiger/fmsd13/fixpoint/small-swap1-fixpoint-2.smt2,893084,CVC4 f7118b2,1257,default,1778,complete,0.068988,0.091822,106092.0,sat,unknown
21636070,BV/wintersteiger/fmsd13/fixpoint/small-swap1-fixpoint-2.smt2,893084,Z3-4.3.2.a054b099c1d6-x64-debian-6.0.6-SMT-COMP-2014,1286,default,1815,complete,0.006998,0.0144309,0.0,sat,unknown
21636073,BV/wintersteiger/fmsd13/fixpoint/cache-coherence-3-fixpoint-3.smt2,893085,CVC4 f7118b2,1257,default,1778,timeout (cpu),36000.0,35984.1,2599028.0,starexec-unknown,unknown
21636074,BV/wintersteiger/fmsd13/fixpoint/cache-coherence-3-fixpoint-3.smt2,893085,Z3-4.3.2.a054b099c1d6-x64-debian-6.0.6-SMT-COMP-2014,1286,default,1815,complete,1.18782,1.18869,257508.0,unsat,unknown
21636077,BV/wintersteiger/fmsd13/fixpoint/AR-fixpoint-10.smt2,893086,CVC4 f7118b2,1257,default,1778,complete,0.013997,0.027243,0.0,unsat,unknown
21636078,BV/wintersteiger/fmsd13/fixpoint/AR-fixpoint-10.smt2,893086,Z3-4.3.2.a054b099c1d6-x64-debian-6.0.6-SMT-COMP-2014,1286,default,1815,complete,0.009997,0.0114381,106092.0,unsat,unknown
21636081,BV/wintersteiger/fmsd13/fixpoint/AR-fixpoint-7.smt2,893087,CVC4 f7118b2,1257,default,1778,complete,0.010998,0.0221969,0.0,unsat,unknown
21636082,BV/wintersteiger/fmsd13/fixpoint/AR-fixpoint-7.smt2,893087,Z3-4.3.2.a054b099c1d6-x64-debian-6.0.6-SMT-COMP-2014,1286,default,1815,complete,0.009997,0.018205,0.0,unsat,unknown
21636085,BV/wintersteiger/fmsd13/fixpoint/sdlx-fixpoint-6.smt2,893088,CVC4 f7118b2,1257,default,1778,complete,667.663,667.546,269588.0,starexec-unknown,unknown
21636086,BV/wintersteiger/fmsd13/fixpoint/sdlx-fixpoint-6.smt2,893088,Z3-4.3.2.a054b099c1d6-x64-debian-6.0.6-SMT-COMP-2014,1286,default,1815,timeout (cpu),36000.0,35985.3,4357476.0,starexec-unknown,unknown
21636089,BV/wintersteiger/fmsd13/fixpoint/small-synabs-fixpoint-10.smt2,893089,CVC4 f7118b2,1257,default,1778,complete,0.026995,0.037848,0.0,unsat,unknown
21636090,BV/wintersteiger/fmsd13/fixpoint/small-synabs-fixpoint-10.smt2,893089,Z3-4.3.2.a054b099c1d6-x64-debian-6.0.6-SMT-COMP-2014,1286,default,1815,complete,0.013997,0.0228131,0.0,unsat,unknown
21636093,BV/wintersteiger/fmsd13/fixpoint/small-bug1-fixpoint-7.smt2,893090,CVC4 f7118b2,1257,default,1778,complete,20.1929,20.1927,329244.0,sat,unknown
21636094,BV/wintersteiger/fmsd13/fixpoint/small-bug1-fixpoint-7.smt2,893090,Z3-4.3.2.a054b099c1d6-x64-debian-6.0.6-SMT-COMP-2014,1286,default,1815,complete,0.012997,0.0223129,0.0,sat,unknown
21636097,BV/wintersteiger/fmsd13/fixpoint/small-bug1-fixpoint-2.smt2,893091,CVC4 f7118b2,1257,default,1778,complete,0.043992,0.056838,106092.0,sat,unknown
21636098,BV/wintersteiger/fmsd13/fixpoint/small-bug1-fixpoint-2.smt2,893091,Z3-4.3.2.a054b099c1d6-x64-debian-6.0.6-SMT-COMP-2014,1286,default,1815,complete,0.007997,0.020141,0.0,sat,unknown
21636101,BV/wintersteiger/fmsd13/fixpoint/small-dyn-partition-fixpoint-8.smt2,893092,CVC4 f7118b2,1257,default,1778,complete,20.2209,20.2306,265056.0,unsat,unknown
21636102,BV/wintersteiger/fmsd13/fixpoint/small-dyn-partition-fixpoint-8.smt2,893092,Z3-4.3.2.a054b099c1d6-x64-debian-6.0.6-SMT-COMP-2014,1286,default,1815,complete,0.010997,0.02064,106092.0,unsat,unknown
21636105,BV/wintersteiger/fmsd13/fixpoint/small-swap2-fixpoint-2.smt2,893093,CVC4 f7118b2,1257,default,1778,complete,0.006998,0.0101171,0.0,unsat,unknown
21636106,BV/wintersteiger/fmsd13/fixpoint/small-swap2-fixpoint-2.smt2,893093,Z3-4.3.2.a054b099c1d6-x64-debian-6.0.6-SMT-COMP-2014,1286,default,1815,complete,0.006998,0.018497,0.0,unsat,unknown
21636109,BV/wintersteiger/fmsd13/fixpoint/small-synabs-fixpoint-7.smt2,893094,CVC4 f7118b2,1257,default,1778,complete,0.017996,0.030146,0.0,unsat,unknown
21636110,BV/wintersteiger/fmsd13/fixpoint/small-synabs-fixpoint-7.smt2,893094,Z3-4.3.2.a054b099c1d6-x64-debian-6.0.6-SMT-COMP-2014,1286,default,1815,complete,0.010997,0.0230309,106092.0,unsat,unknown
21636113,BV/wintersteiger/fmsd13/fixpoint/cache-coherence-2-fixpoint-4.smt2,893095,CVC4 f7118b2,1257,default,1778,timeout (cpu),36000.0,35986.1,5416584.0,starexec-unknown,unknown
21636114,BV/wintersteiger/fmsd13/fixpoint/cache-coherence-2-fixpoint-4.smt2,893095,Z3-4.3.2.a054b099c1d6-x64-debian-6.0.6-SMT-COMP-2014,1286,default,1815,complete,1.03084,1.03908,253536.0,unsat,unknown
21636117,BV/wintersteiger/fmsd13/fixpoint/small-swap2-fixpoint-3.smt2,893096,CVC4 f7118b2,1257,default,1778,complete,0.075988,0.098049,106092.0,sat,unknown
21636118,BV/wintersteiger/fmsd13/fixpoint/small-swap2-fixpoint-3.smt2,893096,Z3-4.3.2.a054b099c1d6-x64-debian-6.0.6-SMT-COMP-2014,1286,default,1815,complete,0.006998,0.0154981,0.0,sat,unknown
21636121,BV/wintersteiger/fmsd13/fixpoint/small-equiv-fixpoint-6.smt2,893097,CVC4 f7118b2,1257,default,1778,timeout (cpu),36000.1,35982.4,1983256.0,starexec-unknown,unknown
21636122,BV/wintersteiger/fmsd13/fixpoint/small-equiv-fixpoint-6.smt2,893097,Z3-4.3.2.a054b099c1d6-x64-debian-6.0.6-SMT-COMP-2014,1286,default,1815,timeout (cpu),36000.0,35987.3,1.3488096E7,starexec-unknown,unknown
21636125,BV/wintersteiger/fmsd13/fixpoint/small-synabs-fixpoint-6.smt2,893098,CVC4 f7118b2,1257,default,1778,complete,0.016997,0.0303269,106092.0,unsat,unknown
21636126,BV/wintersteiger/fmsd13/fixpoint/small-synabs-fixpoint-6.smt2,893098,Z3-4.3.2.a054b099c1d6-x64-debian-6.0.6-SMT-COMP-2014,1286,default,1815,complete,0.010997,0.0255269,0.0,unsat,unknown
21636129,BV/wintersteiger/fmsd13/fixpoint/small-pipeline-fixpoint-6.smt2,893099,CVC4 f7118b2,1257,default,1778,timeout (cpu),36000.1,35982.5,3692852.0,starexec-unknown,unknown
21636130,BV/wintersteiger/fmsd13/fixpoint/small-pipeline-fixpoint-6.smt2,893099,Z3-4.3.2.a054b099c1d6-x64-debian-6.0.6-SMT-COMP-2014,1286,default,1815,timeout (cpu),36000.0,35984.7,812628.0,starexec-unknown,unknown
21636133,BV/wintersteiger/fmsd13/fixpoint/small-bug1-fixpoint-3.smt2,893100,CVC4 f7118b2,1257,default,1778,complete,0.094984,0.10873,106092.0,sat,unknown
21636134,BV/wintersteiger/fmsd13/fixpoint/small-bug1-fixpoint-3.smt2,893100,Z3-4.3.2.a054b099c1d6-x64-debian-6.0.6-SMT-COMP-2014,1286,default,1815,complete,0.008997,0.0183361,0.0,sat,unknown
21636137,BV/wintersteiger/fmsd13/fixpoint/itc-b13-fixpoint-5.smt2,893101,CVC4 f7118b2,1257,default,1778,complete,493.795,493.692,341780.0,starexec-unknown,unknown
21636138,BV/wintersteiger/fmsd13/fixpoint/itc-b13-fixpoint-5.smt2,893101,Z3-4.3.2.a054b099c1d6-x64-debian-6.0.6-SMT-COMP-2014,1286,default,1815,complete,0.086986,0.0882781,0.0,sat,unknown
21636141,BV/wintersteiger/fmsd13/fixpoint/small-bug1-fixpoint-10.smt2,893102,CVC4 f7118b2,1257,default,1778,complete,20.4359,20.4485,319688.0,sat,unknown
21636142,BV/wintersteiger/fmsd13/fixpoint/small-bug1-fixpoint-10.smt2,893102,Z3-4.3.2.a054b099c1d6-x64-debian-6.0.6-SMT-COMP-2014,1286,default,1815,complete,0.018996,0.028322,106092.0,sat,unknown
21636145,BV/wintersteiger/fmsd13/fixpoint/sdlx-fixpoint-9.smt2,893103,CVC4 f7118b2,1257,default,1778,complete,14377.5,14371.4,264084.0,starexec-unknown,unknown
21636146,BV/wintersteiger/fmsd13/fixpoint/sdlx-fixpoint-9.smt2,893103,Z3-4.3.2.a054b099c1d6-x64-debian-6.0.6-SMT-COMP-2014,1286,default,1815,timeout (cpu),36000.1,35985.3,1792132.0,starexec-unknown,unknown
21636149,BV/wintersteiger/fmsd13/fixpoint/small-bug1-fixpoint-1.smt2,893104,CVC4 f7118b2,1257,default,1778,complete,0.035993,0.0502831,0.0,sat,unknown
21636150,BV/wintersteiger/fmsd13/fixpoint/small-bug1-fixpoint-1.smt2,893104,Z3-4.3.2.a054b099c1d6-x64-debian-6.0.6-SMT-COMP-2014,1286,default,1815,complete,0.005998,0.0147779,0.0,sat,unknown
21636153,BV/wintersteiger/fmsd13/fixpoint/small-pipeline-fixpoint-8.smt2,893105,CVC4 f7118b2,1257,default,1778,timeout (cpu),36000.0,35987.8,5494376.0,starexec-unknown,unknown
21636154,BV/wintersteiger/fmsd13/fixpoint/small-pipeline-fixpoint-8.smt2,893105,Z3-4.3.2.a054b099c1d6-x64-debian-6.0.6-SMT-COMP-2014,1286,default,1815,timeout (cpu),36000.1,35985.1,893820.0,starexec-unknown,unknown
21636157,BV/wintersteiger/fmsd13/fixpoint/small-swap1-fixpoint-5.smt2,893106,CVC4 f7118b2,1257,default,1778,complete,0.096984,0.116731,106092.0,sat,unknown
21636158,BV/wintersteiger/fmsd13/fixpoint/small-swap1-fixpoint-5.smt2,893106,Z3-4.3.2.a054b099c1d6-x64-debian-6.0.6-SMT-COMP-2014,1286,default,1815,complete,0.007998,0.017559,0.0,sat,unknown
21636161,BV/wintersteiger/fmsd13/fixpoint/ethernet-fixpoint-2.smt2,893107,CVC4 f7118b2,1257,default,1778,complete,121.115,121.109,273084.0,unsat,unknown
21636162,BV/wintersteiger/fmsd13/fixpoint/ethernet-fixpoint-2.smt2,893107,Z3-4.3.2.a054b099c1d6-x64-debian-6.0.6-SMT-COMP-2014,1286,default,1815,complete,0.589909,0.597458,106092.0,unsat,unknown
21636165,BV/wintersteiger/fmsd13/fixpoint/small-pipeline-fixpoint-4.smt2,893108,CVC4 f7118b2,1257,default,1778,timeout (cpu),36000.0,35985.0,2002256.0,starexec-unknown,unknown
21636166,BV/wintersteiger/fmsd13/fixpoint/small-pipeline-fixpoint-4.smt2,893108,Z3-4.3.2.a054b099c1d6-x64-debian-6.0.6-SMT-COMP-2014,1286,default,1815,timeout (cpu),36000.0,35985.3,1031752.0,starexec-unknown,unknown
21636169,BV/wintersteiger/fmsd13/fixpoint/small-equiv-fixpoint-10.smt2,893109,CVC4 f7118b2,1257,default,1778,timeout (cpu),36000.1,35985.6,1983892.0,starexec-unknown,unknown
21636170,BV/wintersteiger/fmsd13/fixpoint/small-equiv-fixpoint-10.smt2,893109,Z3-4.3.2.a054b099c1d6-x64-debian-6.0.6-SMT-COMP-2014,1286,default,1815,memout,1008.97,1009.01,1.04863472E8,starexec-unknown,unknown
21636173,BV/wintersteiger/fmsd13/fixpoint/small-swap2-fixpoint-1.smt2,893110,CVC4 f7118b2,1257,default,1778,complete,0.005998,0.017079,0.0,unsat,unknown
21636174,BV/wintersteiger/fmsd13/fixpoint/small-swap2-fixpoint-1.smt2,893110,Z3-4.3.2.a054b099c1d6-x64-debian-6.0.6-SMT-COMP-2014,1286,default,1815,complete,0.006998,0.0147119,0.0,unsat,unknown
21636177,BV/wintersteiger/fmsd13/fixpoint/small-pipeline-fixpoint-1.smt2,893111,CVC4 f7118b2,1257,default,1778,timeout (cpu),36000.1,35985.9,301992.0,starexec-unknown,unknown
21636178,BV/wintersteiger/fmsd13/fixpoint/small-pipeline-fixpoint-1.smt2,893111,Z3-4.3.2.a054b099c1d6-x64-debian-6.0.6-SMT-COMP-2014,1286,default,1815,complete,0.008998,0.021287,0.0,unsat,unknown
21636181,BV/wintersteiger/fmsd13/fixpoint/pi-bus-fixpoint-1.smt2,893112,CVC4 f7118b2,1257,default,1778,timeout (cpu),36000.0,35984.5,493332.0,starexec-unknown,unknown
21636182,BV/wintersteiger/fmsd13/fixpoint/pi-bus-fixpoint-1.smt2,893112,Z3-4.3.2.a054b099c1d6-x64-debian-6.0.6-SMT-COMP-2014,1286,default,1815,complete,0.116981,0.118663,106092.0,unsat,unknown
21636185,BV/wintersteiger/fmsd13/fixpoint/small-swap2-fixpoint-5.smt2,893113,CVC4 f7118b2,1257,default,1778,complete,0.096984,0.117478,106092.0,sat,unknown
21636186,BV/wintersteiger/fmsd13/fixpoint/small-swap2-fixpoint-5.smt2,893113,Z3-4.3.2.a054b099c1d6-x64-debian-6.0.6-SMT-COMP-2014,1286,default,1815,complete,0.006998,0.0103051,0.0,sat,unknown
21636189,BV/wintersteiger/fmsd13/fixpoint/itc-b13-fixpoint-3.smt2,893114,CVC4 f7118b2,1257,default,1778,complete,491.953,491.977,451416.0,starexec-unknown,unknown
21636190,BV/wintersteiger/fmsd13/fixpoint/itc-b13-fixpoint-3.smt2,893114,Z3-4.3.2.a054b099c1d6-x64-debian-6.0.6-SMT-COMP-2014,1286,default,1815,complete,0.039993,0.0527231,0.0,sat,unknown
21636193,BV/wintersteiger/fmsd13/fixpoint/itc-b13-fixpoint-7.smt2,893115,CVC4 f7118b2,1257,default,1778,complete,497.489,497.35,300240.0,starexec-unknown,unknown
21636194,BV/wintersteiger/fmsd13/fixpoint/itc-b13-fixpoint-7.smt2,893115,Z3-4.3.2.a054b099c1d6-x64-debian-6.0.6-SMT-COMP-2014,1286,default,1815,complete,0.157975,0.158679,106092.0,sat,unknown
21636197,BV/wintersteiger/fmsd13/fixpoint/small-synabs-fixpoint-8.smt2,893116,CVC4 f7118b2,1257,default,1778,complete,0.020996,0.0340421,0.0,unsat,unknown
21636198,BV/wintersteiger/fmsd13/fixpoint/small-synabs-fixpoint-8.smt2,893116,Z3-4.3.2.a054b099c1d6-x64-debian-6.0.6-SMT-COMP-2014,1286,default,1815,complete,0.011997,0.0207651,0.0,unsat,unknown
21636201,BV/wintersteiger/fmsd13/fixpoint/small-dyn-partition-fixpoint-3.smt2,893117,CVC4 f7118b2,1257,default,1778,complete,0.052991,0.068339,0.0,unsat,unknown
21636202,BV/wintersteiger/fmsd13/fixpoint/small-dyn-partition-fixpoint-3.smt2,893117,Z3-4.3.2.a054b099c1d6-x64-debian-6.0.6-SMT-COMP-2014,1286,default,1815,complete,0.006998,0.016051,0.0,unsat,unknown
21636205,BV/wintersteiger/fmsd13/fixpoint/small-swap2-fixpoint-7.smt2,893118,CVC4 f7118b2,1257,default,1778,complete,0.113982,0.131921,106092.0,sat,unknown
21636206,BV/wintersteiger/fmsd13/fixpoint/small-swap2-fixpoint-7.smt2,893118,Z3-4.3.2.a054b099c1d6-x64-debian-6.0.6-SMT-COMP-2014,1286,default,1815,complete,0.007998,0.0217989,0.0,sat,unknown
21636209,BV/wintersteiger/fmsd13/fixpoint/small-dyn-partition-fixpoint-7.smt2,893119,CVC4 f7118b2,1257,default,1778,complete,20.1549,20.1683,264972.0,unsat,unknown
21636210,BV/wintersteiger/fmsd13/fixpoint/small-dyn-partition-fixpoint-7.smt2,893119,Z3-4.3.2.a054b099c1d6-x64-debian-6.0.6-SMT-COMP-2014,1286,default,1815,complete,0.010997,0.0193279,0.0,unsat,unknown
21636213,BV/wintersteiger/fmsd13/fixpoint/AR-fixpoint-2.smt2,893120,CVC4 f7118b2,1257,default,1778,complete,0.006998,0.0198251,0.0,unsat,unknown
21636214,BV/wintersteiger/fmsd13/fixpoint/AR-fixpoint-2.smt2,893120,Z3-4.3.2.a054b099c1d6-x64-debian-6.0.6-SMT-COMP-2014,1286,default,1815,complete,0.008998,0.0166281,0.0,unsat,unknown
21636217,BV/wintersteiger/fmsd13/fixpoint/small-equiv-fixpoint-9.smt2,893121,CVC4 f7118b2,1257,default,1778,complete,0.0,0.0,0.0,starexec-unknown,unknown
21636218,BV/wintersteiger/fmsd13/fixpoint/small-equiv-fixpoint-9.smt2,893121,Z3-4.3.2.a054b099c1d6-x64-debian-6.0.6-SMT-COMP-2014,1286,default,1815,complete,712.05,711.934,1.03284552E8,starexec-unknown,unknown
21636221,BV/wintersteiger/fmsd13/fixpoint/cache-coherence-2-fixpoint-2.smt2,893122,CVC4 f7118b2,1257,default,1778,complete,0.0,0.0,0.0,starexec-unknown,unknown
21636222,BV/wintersteiger/fmsd13/fixpoint/cache-coherence-2-fixpoint-2.smt2,893122,Z3-4.3.2.a054b099c1d6-x64-debian-6.0.6-SMT-COMP-2014,1286,default,1815,complete,0.235963,0.246901,106092.0,unsat,unknown
21636225,BV/wintersteiger/fmsd13/fixpoint/small-swap1-fixpoint-3.smt2,893123,CVC4 f7118b2,1257,default,1778,complete,0.077987,0.0920591,106092.0,sat,unknown
21636226,BV/wintersteiger/fmsd13/fixpoint/small-swap1-fixpoint-3.smt2,893123,Z3-4.3.2.a054b099c1d6-x64-debian-6.0.6-SMT-COMP-2014,1286,default,1815,complete,0.006998,0.019469,0.0,sat,unknown
21636229,BV/wintersteiger/fmsd13/fixpoint/itc-b13-fixpoint-8.smt2,893124,CVC4 f7118b2,1257,default,1778,complete,501.592,501.436,285276.0,starexec-unknown,unknown
21636230,BV/wintersteiger/fmsd13/fixpoint/itc-b13-fixpoint-8.smt2,893124,Z3-4.3.2.a054b099c1d6-x64-debian-6.0.6-SMT-COMP-2014,1286,default,1815,complete,0.19197,0.207017,106092.0,sat,unknown
21636233,BV/wintersteiger/fmsd13/fixpoint/small-equiv-fixpoint-5.smt2,893125,CVC4 f7118b2,1257,default,1778,complete,0.0,0.0,0.0,starexec-unknown,unknown
21636234,BV/wintersteiger/fmsd13/fixpoint/small-equiv-fixpoint-5.smt2,893125,Z3-4.3.2.a054b099c1d6-x64-debian-6.0.6-SMT-COMP-2014,1286,default,1815,complete,0.0,0.0,0.0,starexec-unknown,unknown
21636237,BV/wintersteiger/fmsd13/fixpoint/small-synabs-fixpoint-9.smt2,893126,CVC4 f7118b2,1257,default,1778,complete,0.023996,0.034545,0.0,unsat,unknown
21636238,BV/wintersteiger/fmsd13/fixpoint/small-synabs-fixpoint-9.smt2,893126,Z3-4.3.2.a054b099c1d6-x64-debian-6.0.6-SMT-COMP-2014,1286,default,1815,complete,0.012997,0.0215509,0.0,unsat,unknown
21636241,BV/wintersteiger/fmsd13/fixpoint/small-swap1-fixpoint-8.smt2,893127,CVC4 f7118b2,1257,default,1778,complete,0.126979,0.14354,106092.0,sat,unknown
21636242,BV/wintersteiger/fmsd13/fixpoint/small-swap1-fixpoint-8.smt2,893127,Z3-4.3.2.a054b099c1d6-x64-debian-6.0.6-SMT-COMP-2014,1286,default,1815,complete,0.010997,0.015982,0.0,sat,unknown
21636243,BV/wintersteiger/fmsd13/fixpoint/cache-coherence-2-fixpoint-5.smt2,893128,CVC4 f7118b2,1257,default,1778,complete,0.0,0.0,0.0,starexec-unknown,unknown
21636244,BV/wintersteiger/fmsd13/fixpoint/cache-coherence-2-fixpoint-5.smt2,893128,Z3-4.3.2.a054b099c1d6-x64-debian-6.0.6-SMT-COMP-2014,1286,default,1815,complete,1.64875,1.65582,260076.0,unsat,unknown
21636245,BV/wintersteiger/fmsd13/fixpoint/pi-bus-fixpoint-2.smt2,893129,CVC4 f7118b2,1257,default,1778,complete,655.273,655.095,311264.0,starexec-unknown,unknown
21636246,BV/wintersteiger/fmsd13/fixpoint/pi-bus-fixpoint-2.smt2,893129,Z3-4.3.2.a054b099c1d6-x64-debian-6.0.6-SMT-COMP-2014,1286,default,1815,complete,0.685895,0.696675,106092.0,unsat,unknown
21636247,BV/wintersteiger/fmsd13/fixpoint/itc-b13-fixpoint-4.smt2,893130,CVC4 f7118b2,1257,default,1778,complete,492.745,492.679,375924.0,starexec-unknown,unknown
21636248,BV/wintersteiger/fmsd13/fixpoint/itc-b13-fixpoint-4.smt2,893130,Z3-4.3.2.a054b099c1d6-x64-debian-6.0.6-SMT-COMP-2014,1286,default,1815,complete,0.06399,0.073098,0.0,sat,unknown
21636249,BV/wintersteiger/fmsd13/fixpoint/small-pipeline-fixpoint-2.smt2,893131,CVC4 f7118b2,1257,default,1778,complete,0.0,0.0,0.0,starexec-unknown,unknown
21636250,BV/wintersteiger/fmsd13/fixpoint/small-pipeline-fixpoint-2.smt2,893131,Z3-4.3.2.a054b099c1d6-x64-debian-6.0.6-SMT-COMP-2014,1286,default,1815,complete,0.021995,0.0323861,0.0,unsat,unknown
21636251,BV/wintersteiger/fmsd13/fixpoint/pi-bus-fixpoint-3.smt2,893132,CVC4 f7118b2,1257,default,1778,complete,675.801,675.665,324196.0,starexec-unknown,unknown
21636252,BV/wintersteiger/fmsd13/fixpoint/pi-bus-fixpoint-3.smt2,893132,Z3-4.3.2.a054b099c1d6-x64-debian-6.0.6-SMT-COMP-2014,1286,default,1815,complete,1.61575,1.62583,260444.0,unsat,unknown
21636253,BV/wintersteiger/fmsd13/fixpoint/small-synabs-fixpoint-4.smt2,893133,CVC4 f7118b2,1257,default,1778,complete,0.011997,0.0226621,0.0,unsat,unknown
21636254,BV/wintersteiger/fmsd13/fixpoint/small-synabs-fixpoint-4.smt2,893133,Z3-4.3.2.a054b099c1d6-x64-debian-6.0.6-SMT-COMP-2014,1286,default,1815,complete,0.008998,0.0169049,0.0,unsat,unknown
21636255,BV/wintersteiger/fmsd13/fixpoint/small-synabs-fixpoint-5.smt2,893134,CVC4 f7118b2,1257,default,1778,complete,0.013997,0.0247649,0.0,unsat,unknown
21636256,BV/wintersteiger/fmsd13/fixpoint/small-synabs-fixpoint-5.smt2,893134,Z3-4.3.2.a054b099c1d6-x64-debian-6.0.6-SMT-COMP-2014,1286,default,1815,complete,0.008998,0.0191911,0.0,unsat,unknown
21636257,BV/wintersteiger/fmsd13/fixpoint/small-pipeline-fixpoint-5.smt2,893135,CVC4 f7118b2,1257,default,1778,complete,0.0,0.0,0.0,starexec-unknown,unknown
21636258,BV/wintersteiger/fmsd13/fixpoint/small-pipeline-fixpoint-5.smt2,893135,Z3-4.3.2.a054b099c1d6-x64-debian-6.0.6-SMT-COMP-2014,1286,default,1815,complete,0.0,0.0,0.0,starexec-unknown,unknown
21636259,BV/wintersteiger/fmsd13/fixpoint/small-bug1-fixpoint-9.smt2,893136,CVC4 f7118b2,1257,default,1778,complete,20.2929,20.3035,328420.0,sat,unknown
21636260,BV/wintersteiger/fmsd13/fixpoint/small-bug1-fixpoint-9.smt2,893136,Z3-4.3.2.a054b099c1d6-x64-debian-6.0.6-SMT-COMP-2014,1286,default,1815,complete,0.016996,0.025502,0.0,sat,unknown
21636261,BV/wintersteiger/fmsd13/fixpoint/ethernet-fixpoint-1.smt2,893137,CVC4 f7118b2,1257,default,1778,complete,120.426,120.413,284020.0,unsat,unknown
21636262,BV/wintersteiger/fmsd13/fixpoint/ethernet-fixpoint-1.smt2,893137,Z3-4.3.2.a054b099c1d6-x64-debian-6.0.6-SMT-COMP-2014,1286,default,1815,complete,0.143977,0.154785,106092.0,unsat,unknown
21636263,BV/wintersteiger/fmsd13/fixpoint/small-seq-fixpoint-7.smt2,893138,CVC4 f7118b2,1257,default,1778,complete,0.009997,0.021551,0.0,unsat,unknown
21636264,BV/wintersteiger/fmsd13/fixpoint/small-seq-fixpoint-7.smt2,893138,Z3-4.3.2.a054b099c1d6-x64-debian-6.0.6-SMT-COMP-2014,1286,default,1815,complete,0.007998,0.013771,0.0,unsat,unknown
21636265,BV/wintersteiger/fmsd13/fixpoint/cache-coherence-2-fixpoint-6.smt2,893139,CVC4 f7118b2,1257,default,1778,complete,0.0,0.0,0.0,starexec-unknown,unknown
21636266,BV/wintersteiger/fmsd13/fixpoint/cache-coherence-2-fixpoint-6.smt2,893139,Z3-4.3.2.a054b099c1d6-x64-debian-6.0.6-SMT-COMP-2014,1286,default,1815,complete,2.75858,2.77979,267148.0,unsat,unknown
21636267,BV/wintersteiger/fmsd13/fixpoint/small-equiv-fixpoint-8.smt2,893140,CVC4 f7118b2,1257,default,1778,complete,0.0,0.0,0.0,starexec-unknown,unknown
21636268,BV/wintersteiger/fmsd13/fixpoint/small-equiv-fixpoint-8.smt2,893140,Z3-4.3.2.a054b099c1d6-x64-debian-6.0.6-SMT-COMP-2014,1286,default,1815,complete,0.0,0.0,0.0,starexec-unknown,unknown
21636269,BV/wintersteiger/fmsd13/fixpoint/small-seq-fixpoint-5.smt2,893141,CVC4 f7118b2,1257,default,1778,complete,0.009997,0.023002,0.0,unsat,unknown
21636270,BV/wintersteiger/fmsd13/fixpoint/small-seq-fixpoint-5.smt2,893141,Z3-4.3.2.a054b099c1d6-x64-debian-6.0.6-SMT-COMP-2014,1286,default,1815,complete,0.006998,0.0160371,0.0,unsat,unknown
21636271,BV/wintersteiger/fmsd13/fixpoint/small-swap1-fixpoint-9.smt2,893142,CVC4 f7118b2,1257,default,1778,complete,0.140978,0.17075,106092.0,sat,unknown
21636272,BV/wintersteiger/fmsd13/fixpoint/small-swap1-fixpoint-9.smt2,893142,Z3-4.3.2.a054b099c1d6-x64-debian-6.0.6-SMT-COMP-2014,1286,default,1815,complete,0.012997,0.0205031,0.0,sat,unknown
21636273,BV/wintersteiger/fmsd13/fixpoint/sdlx-fixpoint-4.smt2,893143,CVC4 f7118b2,1257,default,1778,complete,119.968,119.968,266348.0,starexec-unknown,unknown
21636274,BV/wintersteiger/fmsd13/fixpoint/sdlx-fixpoint-4.smt2,893143,Z3-4.3.2.a054b099c1d6-x64-debian-6.0.6-SMT-COMP-2014,1286,default,1815,complete,0.0,0.0,0.0,starexec-unknown,unknown
21636275,BV/wintersteiger/fmsd13/fixpoint/AR-fixpoint-1.smt2,893144,CVC4 f7118b2,1257,default,1778,complete,0.006998,0.0209501,0.0,unsat,unknown
21636276,BV/wintersteiger/fmsd13/fixpoint/AR-fixpoint-1.smt2,893144,Z3-4.3.2.a054b099c1d6-x64-debian-6.0.6-SMT-COMP-2014,1286,default,1815,complete,0.007998,0.0190139,0.0,unsat,unknown
21636277,BV/wintersteiger/fmsd13/fixpoint/small-pipeline-fixpoint-7.smt2,893145,CVC4 f7118b2,1257,default,1778,complete,0.0,0.0,0.0,starexec-unknown,unknown
21636278,BV/wintersteiger/fmsd13/fixpoint/small-pipeline-fixpoint-7.smt2,893145,Z3-4.3.2.a054b099c1d6-x64-debian-6.0.6-SMT-COMP-2014,1286,default,1815,complete,0.0,0.0,0.0,starexec-unknown,unknown
21636279,BV/wintersteiger/fmsd13/fixpoint/itc-b13-fixpoint-2.smt2,893146,CVC4 f7118b2,1257,default,1778,complete,491.636,491.674,625752.0,starexec-unknown,unknown
21636280,BV/wintersteiger/fmsd13/fixpoint/itc-b13-fixpoint-2.smt2,893146,Z3-4.3.2.a054b099c1d6-x64-debian-6.0.6-SMT-COMP-2014,1286,default,1815,complete,0.022995,0.035309,0.0,unsat,unknown
21636281,BV/wintersteiger/fmsd13/fixpoint/small-dyn-partition-fixpoint-2.smt2,893147,CVC4 f7118b2,1257,default,1778,complete,0.026995,0.0320149,0.0,unsat,unknown
21636282,BV/wintersteiger/fmsd13/fixpoint/small-dyn-partition-fixpoint-2.smt2,893147,Z3-4.3.2.a054b099c1d6-x64-debian-6.0.6-SMT-COMP-2014,1286,default,1815,complete,0.007997,0.0187,0.0,unsat,unknown
21636283,BV/wintersteiger/fmsd13/fixpoint/small-synabs-fixpoint-1.smt2,893148,CVC4 f7118b2,1257,default,1778,complete,0.007998,0.0178581,0.0,unsat,unknown
21636284,BV/wintersteiger/fmsd13/fixpoint/small-synabs-fixpoint-1.smt2,893148,Z3-4.3.2.a054b099c1d6-x64-debian-6.0.6-SMT-COMP-2014,1286,default,1815,complete,0.005998,0.0186991,0.0,unsat,unknown
21636285,BV/wintersteiger/fmsd13/fixpoint/small-swap1-fixpoint-6.smt2,893149,CVC4 f7118b2,1257,default,1778,complete,0.097984,0.125216,106092.0,sat,unknown
21636286,BV/wintersteiger/fmsd13/fixpoint/small-swap1-fixpoint-6.smt2,893149,Z3-4.3.2.a054b099c1d6-x64-debian-6.0.6-SMT-COMP-2014,1286,default,1815,complete,0.008997,0.0212301,0.0,sat,unknown
21636287,BV/wintersteiger/fmsd13/fixpoint/usb-phy-fixpoint-2.smt2,893150,CVC4 f7118b2,1257,default,1778,complete,0.0,0.0,0.0,starexec-unknown,unknown
21636288,BV/wintersteiger/fmsd13/fixpoint/usb-phy-fixpoint-2.smt2,893150,Z3-4.3.2.a054b099c1d6-x64-debian-6.0.6-SMT-COMP-2014,1286,default,1815,complete,0.361944,0.377549,106092.0,unsat,unknown
21636289,BV/wintersteiger/fmsd13/fixpoint/small-swap2-fixpoint-9.smt2,893151,CVC4 f7118b2,1257,default,1778,complete,0.141977,0.161819,106092.0,sat,unknown
21636290,BV/wintersteiger/fmsd13/fixpoint/small-swap2-fixpoint-9.smt2,893151,Z3-4.3.2.a054b099c1d6-x64-debian-6.0.6-SMT-COMP-2014,1286,default,1815,complete,0.008997,0.0101651,0.0,sat,unknown
21636291,BV/wintersteiger/fmsd13/fixpoint/small-swap1-fixpoint-1.smt2,893152,CVC4 f7118b2,1257,default,1778,complete,0.006998,0.0217269,0.0,unsat,unknown
21636292,BV/wintersteiger/fmsd13/fixpoint/small-swap1-fixpoint-1.smt2,893152,Z3-4.3.2.a054b099c1d6-x64-debian-6.0.6-SMT-COMP-2014,1286,default,1815,complete,0.005998,0.0185789,0.0,unsat,unknown
21636293,BV/wintersteiger/fmsd13/fixpoint/small-seq-fixpoint-3.smt2,893153,CVC4 f7118b2,1257,default,1778,complete,0.007998,0.020675,0.0,unsat,unknown
21636294,BV/wintersteiger/fmsd13/fixpoint/small-seq-fixpoint-3.smt2,893153,Z3-4.3.2.a054b099c1d6-x64-debian-6.0.6-SMT-COMP-2014,1286,default,1815,complete,0.005998,0.00765301,0.0,unsat,unknown
21636295,BV/wintersteiger/fmsd13/fixpoint/small-swap2-fixpoint-8.smt2,893154,CVC4 f7118b2,1257,default,1778,complete,0.12598,0.142755,106092.0,sat,unknown
21636296,BV/wintersteiger/fmsd13/fixpoint/small-swap2-fixpoint-8.smt2,893154,Z3-4.3.2.a054b099c1d6-x64-debian-6.0.6-SMT-COMP-2014,1286,default,1815,complete,0.007998,0.00952403,0.0,sat,unknown
21636297,BV/wintersteiger/fmsd13/fixpoint/sdlx-fixpoint-1.smt2,893155,CVC4 f7118b2,1257,default,1778,complete,50.6423,50.6412,451924.0,unsat,unknown
21636298,BV/wintersteiger/fmsd13/fixpoint/sdlx-fixpoint-1.smt2,893155,Z3-4.3.2.a054b099c1d6-x64-debian-6.0.6-SMT-COMP-2014,1286,default,1815,complete,0.020996,0.029114,0.0,unsat,unknown
21636299,BV/wintersteiger/fmsd13/fixpoint/small-bug1-fixpoint-6.smt2,893156,CVC4 f7118b2,1257,default,1778,complete,20.1689,20.1817,330696.0,sat,unknown
21636300,BV/wintersteiger/fmsd13/fixpoint/small-bug1-fixpoint-6.smt2,893156,Z3-4.3.2.a054b099c1d6-x64-debian-6.0.6-SMT-COMP-2014,1286,default,1815,complete,0.011998,0.0129899,0.0,sat,unknown
21636301,BV/wintersteiger/fmsd13/fixpoint/small-equiv-fixpoint-3.smt2,893157,CVC4 f7118b2,1257,default,1778,complete,0.0,0.0,0.0,starexec-unknown,unknown
21636302,BV/wintersteiger/fmsd13/fixpoint/small-equiv-fixpoint-3.smt2,893157,Z3-4.3.2.a054b099c1d6-x64-debian-6.0.6-SMT-COMP-2014,1286,default,1815,complete,0.0,0.0,0.0,starexec-unknown,unknown
21636303,BV/wintersteiger/fmsd13/fixpoint/AR-fixpoint-3.smt2,893158,CVC4 f7118b2,1257,default,1778,complete,0.007998,0.023422,0.0,unsat,unknown
21636304,BV/wintersteiger/fmsd13/fixpoint/AR-fixpoint-3.smt2,893158,Z3-4.3.2.a054b099c1d6-x64-debian-6.0.6-SMT-COMP-2014,1286,default,1815,complete,0.007997,0.0165419,0.0,unsat,unknown
21636305,BV/wintersteiger/fmsd13/fixpoint/small-swap2-fixpoint-10.smt2,893159,CVC4 f7118b2,1257,default,1778,complete,0.156975,0.175634,106092.0,sat,unknown
21636306,BV/wintersteiger/fmsd13/fixpoint/small-swap2-fixpoint-10.smt2,893159,Z3-4.3.2.a054b099c1d6-x64-debian-6.0.6-SMT-COMP-2014,1286,default,1815,complete,0.008997,0.0182119,106092.0,sat,unknown
21636307,BV/wintersteiger/fmsd13/fixpoint/small-dyn-partition-fixpoint-4.smt2,893160,CVC4 f7118b2,1257,default,1778,complete,0.231964,0.246109,106092.0,unsat,unknown
21636308,BV/wintersteiger/fmsd13/fixpoint/small-dyn-partition-fixpoint-4.smt2,893160,Z3-4.3.2.a054b099c1d6-x64-debian-6.0.6-SMT-COMP-2014,1286,default,1815,complete,0.007998,0.0167101,0.0,unsat,unknown
21636309,BV/wintersteiger/fmsd13/fixpoint/AR-fixpoint-9.smt2,893161,CVC4 f7118b2,1257,default,1778,complete,0.012998,0.0157611,0.0,unsat,unknown
21636310,BV/wintersteiger/fmsd13/fixpoint/AR-fixpoint-9.smt2,893161,Z3-4.3.2.a054b099c1d6-x64-debian-6.0.6-SMT-COMP-2014,1286,default,1815,complete,0.009997,0.011127,0.0,unsat,unknown
21636311,BV/wintersteiger/fmsd13/fixpoint/small-swap1-fixpoint-4.smt2,893162,CVC4 f7118b2,1257,default,1778,complete,0.080986,0.106657,106092.0,sat,unknown
21636312,BV/wintersteiger/fmsd13/fixpoint/small-swap1-fixpoint-4.smt2,893162,Z3-4.3.2.a054b099c1d6-x64-debian-6.0.6-SMT-COMP-2014,1286,default,1815,complete,0.007998,0.0163701,0.0,sat,unknown
21636313,BV/wintersteiger/fmsd13/fixpoint/small-bug1-fixpoint-8.smt2,893163,CVC4 f7118b2,1257,default,1778,complete,20.2219,20.2371,335616.0,sat,unknown
21636314,BV/wintersteiger/fmsd13/fixpoint/small-bug1-fixpoint-8.smt2,893163,Z3-4.3.2.a054b099c1d6-x64-debian-6.0.6-SMT-COMP-2014,1286,default,1815,complete,0.014997,0.0237101,16180.0,sat,unknown
21636315,BV/wintersteiger/fmsd13/fixpoint/AR-fixpoint-6.smt2,893164,CVC4 f7118b2,1257,default,1778,complete,0.009997,0.0127781,0.0,unsat,unknown
21636316,BV/wintersteiger/fmsd13/fixpoint/AR-fixpoint-6.smt2,893164,Z3-4.3.2.a054b099c1d6-x64-debian-6.0.6-SMT-COMP-2014,1286,default,1815,complete,0.008998,0.00980888,0.0,unsat,unknown
21636317,BV/wintersteiger/fmsd13/fixpoint/AR-fixpoint-5.smt2,893165,CVC4 f7118b2,1257,default,1778,complete,0.009997,0.0118859,0.0,unsat,unknown
21636318,BV/wintersteiger/fmsd13/fixpoint/AR-fixpoint-5.smt2,893165,Z3-4.3.2.a054b099c1d6-x64-debian-6.0.6-SMT-COMP-2014,1286,default,1815,complete,0.007998,0.00933812,0.0,unsat,unknown
21636319,BV/wintersteiger/fmsd13/fixpoint/cache-coherence-2-fixpoint-3.smt2,893166,CVC4 f7118b2,1257,default,1778,complete,0.0,0.0,0.0,starexec-unknown,unknown
21636320,BV/wintersteiger/fmsd13/fixpoint/cache-coherence-2-fixpoint-3.smt2,893166,Z3-4.3.2.a054b099c1d6-x64-debian-6.0.6-SMT-COMP-2014,1286,default,1815,complete,0.565913,0.565625,106092.0,unsat,unknown
21636321,BV/wintersteiger/fmsd13/fixpoint/cache-coherence-3-fixpoint-1.smt2,893167,CVC4 f7118b2,1257,default,1778,complete,599.074,598.925,279520.0,unsat,unknown
21636322,BV/wintersteiger/fmsd13/fixpoint/cache-coherence-3-fixpoint-1.smt2,893167,Z3-4.3.2.a054b099c1d6-x64-debian-6.0.6-SMT-COMP-2014,1286,default,1815,complete,0.108983,0.120489,106092.0,unsat,unknown
21636323,BV/wintersteiger/fmsd13/fixpoint/sdlx-fixpoint-3.smt2,893168,CVC4 f7118b2,1257,default,1778,complete,11.8542,11.8973,261060.0,starexec-unknown,unknown
21636324,BV/wintersteiger/fmsd13/fixpoint/sdlx-fixpoint-3.smt2,893168,Z3-4.3.2.a054b099c1d6-x64-debian-6.0.6-SMT-COMP-2014,1286,default,1815,complete,0.211967,0.230568,106092.0,unsat,unknown
21636325,BV/wintersteiger/fmsd13/fixpoint/cache-coherence-2-fixpoint-1.smt2,893169,CVC4 f7118b2,1257,default,1778,complete,126.717,126.706,280584.0,unsat,unknown
21636326,BV/wintersteiger/fmsd13/fixpoint/cache-coherence-2-fixpoint-1.smt2,893169,Z3-4.3.2.a054b099c1d6-x64-debian-6.0.6-SMT-COMP-2014,1286,default,1815,complete,0.054991,0.062787,106092.0,unsat,unknown
21636327,BV/wintersteiger/fmsd13/fixpoint/usb-phy-fixpoint-3.smt2,893170,CVC4 f7118b2,1257,default,1778,complete,0.0,0.0,0.0,starexec-unknown,unknown
21636328,BV/wintersteiger/fmsd13/fixpoint/usb-phy-fixpoint-3.smt2,893170,Z3-4.3.2.a054b099c1d6-x64-debian-6.0.6-SMT-COMP-2014,1286,default,1815,complete,0.981849,0.981524,106092.0,unsat,unknown
21636329,BV/wintersteiger/fmsd13/fixpoint/small-pipeline-fixpoint-9.smt2,893171,CVC4 f7118b2,1257,default,1778,complete,0.0,0.0,0.0,starexec-unknown,unknown
21636330,BV/wintersteiger/fmsd13/fixpoint/small-pipeline-fixpoint-9.smt2,893171,Z3-4.3.2.a054b099c1d6-x64-debian-6.0.6-SMT-COMP-2014,1286,default,1815,complete,0.0,0.0,0.0,starexec-unknown,unknown
21636331,BV/wintersteiger/fmsd13/fixpoint/small-seq-fixpoint-6.smt2,893172,CVC4 f7118b2,1257,default,1778,complete,0.009997,0.0170279,0.0,unsat,unknown
21636332,BV/wintersteiger/fmsd13/fixpoint/small-seq-fixpoint-6.smt2,893172,Z3-4.3.2.a054b099c1d6-x64-debian-6.0.6-SMT-COMP-2014,1286,default,1815,complete,0.007997,0.016262,0.0,unsat,unknown
21636333,BV/wintersteiger/fmsd13/fixpoint/itc-b13-fixpoint-9.smt2,893173,CVC4 f7118b2,1257,default,1778,complete,510.221,510.112,275860.0,starexec-unknown,unknown
21636334,BV/wintersteiger/fmsd13/fixpoint/itc-b13-fixpoint-9.smt2,893173,Z3-4.3.2.a054b099c1d6-x64-debian-6.0.6-SMT-COMP-2014,1286,default,1815,complete,0.240963,0.259426,106092.0,sat,unknown
21636335,BV/wintersteiger/fmsd13/fixpoint/small-synabs-fixpoint-3.smt2,893174,CVC4 f7118b2,1257,default,1778,complete,0.010997,0.0217661,0.0,unsat,unknown
21636336,BV/wintersteiger/fmsd13/fixpoint/small-synabs-fixpoint-3.smt2,893174,Z3-4.3.2.a054b099c1d6-x64-debian-6.0.6-SMT-COMP-2014,1286,default,1815,complete,0.007998,0.00878204,0.0,unsat,unknown
21636337,BV/wintersteiger/fmsd13/fixpoint/small-equiv-fixpoint-2.smt2,893175,CVC4 f7118b2,1257,default,1778,complete,0.0,0.0,0.0,starexec-unknown,unknown
21636338,BV/wintersteiger/fmsd13/fixpoint/small-equiv-fixpoint-2.smt2,893175,Z3-4.3.2.a054b099c1d6-x64-debian-6.0.6-SMT-COMP-2014,1286,default,1815,complete,0.0,0.0,0.0,starexec-unknown,unknown
21636339,BV/wintersteiger/fmsd13/fixpoint/small-equiv-fixpoint-4.smt2,893176,CVC4 f7118b2,1257,default,1778,complete,0.0,0.0,0.0,starexec-unknown,unknown
21636340,BV/wintersteiger/fmsd13/fixpoint/small-equiv-fixpoint-4.smt2,893176,Z3-4.3.2.a054b099c1d6-x64-debian-6.0.6-SMT-COMP-2014,1286,default,1815,complete,0.0,0.0,0.0,starexec-unknown,unknown
21636341,BV/wintersteiger/fmsd13/fixpoint/small-swap2-fixpoint-6.smt2,893177,CVC4 f7118b2,1257,default,1778,complete,0.103983,0.133012,106092.0,sat,unknown
21636342,BV/wintersteiger/fmsd13/fixpoint/small-swap2-fixpoint-6.smt2,893177,Z3-4.3.2.a054b099c1d6-x64-debian-6.0.6-SMT-COMP-2014,1286,default,1815,complete,0.007998,0.022933,0.0,sat,unknown
21636343,BV/wintersteiger/fmsd13/fixpoint/small-seq-fixpoint-4.smt2,893178,CVC4 f7118b2,1257,default,1778,complete,0.007998,0.018961,0.0,unsat,unknown
21636344,BV/wintersteiger/fmsd13/fixpoint/small-seq-fixpoint-4.smt2,893178,Z3-4.3.2.a054b099c1d6-x64-debian-6.0.6-SMT-COMP-2014,1286,default,1815,complete,0.006998,0.015724,106092.0,unsat,unknown
21636345,BV/wintersteiger/fmsd13/fixpoint/small-dyn-partition-fixpoint-5.smt2,893179,CVC4 f7118b2,1257,default,1778,complete,1.72774,1.74161,262864.0,unsat,unknown
21636346,BV/wintersteiger/fmsd13/fixpoint/small-dyn-partition-fixpoint-5.smt2,893179,Z3-4.3.2.a054b099c1d6-x64-debian-6.0.6-SMT-COMP-2014,1286,default,1815,complete,0.008997,0.017368,0.0,unsat,unknown
21636347,BV/wintersteiger/fmsd13/fixpoint/sdlx-fixpoint-8.smt2,893180,CVC4 f7118b2,1257,default,1778,complete,2550.54,2549.58,264576.0,starexec-unknown,unknown
21636348,BV/wintersteiger/fmsd13/fixpoint/sdlx-fixpoint-8.smt2,893180,Z3-4.3.2.a054b099c1d6-x64-debian-6.0.6-SMT-COMP-2014,1286,default,1815,complete,0.0,0.0,0.0,starexec-unknown,unknown
21636349,BV/wintersteiger/fmsd13/fixpoint/small-bug1-fixpoint-4.smt2,893181,CVC4 f7118b2,1257,default,1778,complete,0.608907,0.630135,106092.0,sat,unknown
21636350,BV/wintersteiger/fmsd13/fixpoint/small-bug1-fixpoint-4.smt2,893181,Z3-4.3.2.a054b099c1d6-x64-debian-6.0.6-SMT-COMP-2014,1286,default,1815,complete,0.009998,0.0193309,0.0,sat,unknown
21636351,BV/wintersteiger/fmsd13/fixpoint/sdlx-fixpoint-5.smt2,893182,CVC4 f7118b2,1257,default,1778,complete,505.45,505.392,271672.0,starexec-unknown,unknown
21636352,BV/wintersteiger/fmsd13/fixpoint/sdlx-fixpoint-5.smt2,893182,Z3-4.3.2.a054b099c1d6-x64-debian-6.0.6-SMT-COMP-2014,1286,default,1815,complete,188.484,188.5,647672.0,unsat,unknown
21636353,BV/wintersteiger/fmsd13/fixpoint/small-swap2-fixpoint-4.smt2,893183,CVC4 f7118b2,1257,default,1778,complete,0.081986,0.111415,106092.0,sat,unknown
21636354,BV/wintersteiger/fmsd13/fixpoint/small-swap2-fixpoint-4.smt2,893183,Z3-4.3.2.a054b099c1d6-x64-debian-6.0.6-SMT-COMP-2014,1286,default,1815,complete,0.008998,0.01997,0.0,sat,unknown
21636355,BV/wintersteiger/fmsd13/fixpoint/sdlx-fixpoint-10.smt2,893184,CVC4 f7118b2,1257,default,1778,complete,0.0,0.0,0.0,starexec-unknown,unknown
21636356,BV/wintersteiger/fmsd13/fixpoint/sdlx-fixpoint-10.smt2,893184,Z3-4.3.2.a054b099c1d6-x64-debian-6.0.6-SMT-COMP-2014,1286,default,1815,complete,0.0,0.0,0.0,starexec-unknown,unknown
21636357,BV/wintersteiger/fmsd13/fixpoint/small-seq-fixpoint-8.smt2,893185,CVC4 f7118b2,1257,default,1778,complete,0.010997,0.0146789,0.0,unsat,unknown
21636358,BV/wintersteiger/fmsd13/fixpoint/small-seq-fixpoint-8.smt2,893185,Z3-4.3.2.a054b099c1d6-x64-debian-6.0.6-SMT-COMP-2014,1286,default,1815,complete,0.007997,0.016894,106092.0,unsat,unknown
21636359,BV/wintersteiger/fmsd13/fixpoint/small-bug1-fixpoint-5.smt2,893186,CVC4 f7118b2,1257,default,1778,complete,5.64814,5.66051,285028.0,sat,unknown
21636360,BV/wintersteiger/fmsd13/fixpoint/small-bug1-fixpoint-5.smt2,893186,Z3-4.3.2.a054b099c1d6-x64-debian-6.0.6-SMT-COMP-2014,1286,default,1815,complete,0.009997,0.012163,0.0,sat,unknown
21636361,BV/wintersteiger/fmsd13/fixpoint/itc-b13-fixpoint-6.smt2,893187,CVC4 f7118b2,1257,default,1778,complete,495.387,495.313,314180.0,starexec-unknown,unknown
21636362,BV/wintersteiger/fmsd13/fixpoint/itc-b13-fixpoint-6.smt2,893187,Z3-4.3.2.a054b099c1d6-x64-debian-6.0.6-SMT-COMP-2014,1286,default,1815,complete,0.118981,0.127019,106092.0,sat,unknown
21636363,BV/wintersteiger/fmsd13/fixpoint/sdlx-fixpoint-2.smt2,893188,CVC4 f7118b2,1257,default,1778,complete,2.79057,2.81774,254612.0,starexec-unknown,unknown
21636364,BV/wintersteiger/fmsd13/fixpoint/sdlx-fixpoint-2.smt2,893188,Z3-4.3.2.a054b099c1d6-x64-debian-6.0.6-SMT-COMP-2014,1286,default,1815,complete,0.068988,0.076902,106092.0,unsat,unknown
21636365,BV/wintersteiger/fmsd13/fixpoint/ethernet-fixpoint-4.smt2,893189,CVC4 f7118b2,1257,default,1778,complete,141.242,141.237,293604.0,unsat,unknown
21636366,BV/wintersteiger/fmsd13/fixpoint/ethernet-fixpoint-4.smt2,893189,Z3-4.3.2.a054b099c1d6-x64-debian-6.0.6-SMT-COMP-2014,1286,default,1815,complete,4.17437,4.17344,265052.0,unsat,unknown
21636367,BV/wintersteiger/fmsd13/fixpoint/usb-phy-fixpoint-5.smt2,893190,CVC4 f7118b2,1257,default,1778,complete,0.0,0.0,0.0,starexec-unknown,unknown
21636368,BV/wintersteiger/fmsd13/fixpoint/usb-phy-fixpoint-5.smt2,893190,Z3-4.3.2.a054b099c1d6-x64-debian-6.0.6-SMT-COMP-2014,1286,default,1815,complete,4.01839,4.03271,262204.0,unsat,unknown
21636369,BV/wintersteiger/fmsd13/fixpoint/sdlx-fixpoint-7.smt2,893191,CVC4 f7118b2,1257,default,1778,complete,1234.29,1233.8,272568.0,starexec-unknown,unknown
21636370,BV/wintersteiger/fmsd13/fixpoint/sdlx-fixpoint-7.smt2,893191,Z3-4.3.2.a054b099c1d6-x64-debian-6.0.6-SMT-COMP-2014,1286,default,1815,complete,0.0,0.0,0.0,starexec-unknown,unknown
21636371,BV/wintersteiger/fmsd13/fixpoint/small-dyn-partition-fixpoint-1.smt2,893192,CVC4 f7118b2,1257,default,1778,complete,0.010998,0.0246841,0.0,unsat,unknown
21636372,BV/wintersteiger/fmsd13/fixpoint/small-dyn-partition-fixpoint-1.smt2,893192,Z3-4.3.2.a054b099c1d6-x64-debian-6.0.6-SMT-COMP-2014,1286,default,1815,complete,0.005998,0.0146181,0.0,unsat,unknown
21636373,BV/wintersteiger/fmsd13/fixpoint/small-equiv-fixpoint-7.smt2,893193,CVC4 f7118b2,1257,default,1778,complete,0.0,0.0,0.0,starexec-unknown,unknown
21636374,BV/wintersteiger/fmsd13/fixpoint/small-equiv-fixpoint-7.smt2,893193,Z3-4.3.2.a054b099c1d6-x64-debian-6.0.6-SMT-COMP-2014,1286,default,1815,complete,0.0,0.0,0.0,starexec-unknown,unknown
21636375,BV/wintersteiger/fmsd13/fixpoint/itc-b13-fixpoint-1.smt2,893194,CVC4 f7118b2,1257,default,1778,complete,20.3889,20.4033,312532.0,unsat,unknown
21636376,BV/wintersteiger/fmsd13/fixpoint/itc-b13-fixpoint-1.smt2,893194,Z3-4.3.2.a054b099c1d6-x64-debian-6.0.6-SMT-COMP-2014,1286,default,1815,complete,0.010997,0.018528,0.0,unsat,unknown
21636377,BV/wintersteiger/fmsd13/fixpoint/small-dyn-partition-fixpoint-6.smt2,893195,CVC4 f7118b2,1257,default,1778,complete,15.0427,15.053,266908.0,unsat,unknown
21636378,BV/wintersteiger/fmsd13/fixpoint/small-dyn-partition-fixpoint-6.smt2,893195,Z3-4.3.2.a054b099c1d6-x64-debian-6.0.6-SMT-COMP-2014,1286,default,1815,complete,0.009997,0.0182979,0.0,unsat,unknown
21636379,BV/wintersteiger/fmsd13/fixpoint/small-seq-fixpoint-9.smt2,893196,CVC4 f7118b2,1257,default,1778,complete,0.012997,0.0158839,0.0,unsat,unknown
21636380,BV/wintersteiger/fmsd13/fixpoint/small-seq-fixpoint-9.smt2,893196,Z3-4.3.2.a054b099c1d6-x64-debian-6.0.6-SMT-COMP-2014,1286,default,1815,complete,0.008998,0.0173649,0.0,unsat,unknown
21636381,BV/wintersteiger/fmsd13/fixpoint/AR-fixpoint-8.smt2,893197,CVC4 f7118b2,1257,default,1778,complete,0.011997,0.014799,0.0,unsat,unknown
21636382,BV/wintersteiger/fmsd13/fixpoint/AR-fixpoint-8.smt2,893197,Z3-4.3.2.a054b099c1d6-x64-debian-6.0.6-SMT-COMP-2014,1286,default,1815,complete,0.009997,0.0108061,0.0,unsat,unknown
