pair id,benchmark,benchmark id,solver,solver id,configuration,configuration id,status,cpu time,wallclock time,memory usage,result,expected
21638592,NRA/keymaera/bouncing-ball-inv-node6576.smt2,894390,CVC4 f7118b2,1257,default,1778,complete,0.007998,0.023754,106092.0,unsat,unknown
21638593,NRA/keymaera/bouncing-ball-inv-node6576.smt2,894390,Z3-4.3.2.a054b099c1d6-x64-debian-6.0.6-SMT-COMP-2014,1286,default,1815,complete,0.014997,0.0231121,0.0,unsat,unknown
21638594,NRA/keymaera/bouncing-ball-node5810.smt2,894509,CVC4 f7118b2,1257,default,1778,complete,0.007998,0.0193829,0.0,unsat,unknown
21638595,NRA/keymaera/bouncing-ball-node5810.smt2,894509,Z3-4.3.2.a054b099c1d6-x64-debian-6.0.6-SMT-COMP-2014,1286,default,1815,complete,0.505922,0.514029,106092.0,unsat,unknown
21638596,NRA/keymaera/bouncing-ball-simple-node5965.smt2,894547,CVC4 f7118b2,1257,default,1778,complete,0.006998,0.0175139,0.0,unsat,unknown
21638597,NRA/keymaera/bouncing-ball-simple-node5965.smt2,894547,Z3-4.3.2.a054b099c1d6-x64-debian-6.0.6-SMT-COMP-2014,1286,default,1815,complete,0.012997,0.0134451,0.0,unsat,unknown
21638598,NRA/keymaera/bouncing-ball-inv-node6638.smt2,894566,CVC4 f7118b2,1257,default,1778,complete,0.024996,0.037135,0.0,unsat,unknown
21638599,NRA/keymaera/bouncing-ball-inv-node6638.smt2,894566,Z3-4.3.2.a054b099c1d6-x64-debian-6.0.6-SMT-COMP-2014,1286,default,1815,complete,0.016997,0.0176069,106092.0,unsat,unknown
21638600,NRA/keymaera/vsl.proof-node2735.smt2,894586,CVC4 f7118b2,1257,default,1778,complete,0.022995,0.0346719,106092.0,unsat,unknown
21638601,NRA/keymaera/vsl.proof-node2735.smt2,894586,Z3-4.3.2.a054b099c1d6-x64-debian-6.0.6-SMT-COMP-2014,1286,default,1815,complete,0.019996,0.0342221,0.0,unsat,unknown
21638602,NRA/keymaera/dynamic_reaction_to_static_bounds.proof-node849.smt2,894646,CVC4 f7118b2,1257,default,1778,complete,0.053991,0.072346,106092.0,starexec-unknown,unknown
21638603,NRA/keymaera/dynamic_reaction_to_static_bounds.proof-node849.smt2,894646,Z3-4.3.2.a054b099c1d6-x64-debian-6.0.6-SMT-COMP-2014,1286,default,1815,complete,0.015997,0.024089,0.0,unsat,unknown
21638604,NRA/keymaera/ETCS-d-braking-node2220.smt2,894660,CVC4 f7118b2,1257,default,1778,complete,0.055991,0.071686,106092.0,starexec-unknown,unknown
21638605,NRA/keymaera/ETCS-d-braking-node2220.smt2,894660,Z3-4.3.2.a054b099c1d6-x64-debian-6.0.6-SMT-COMP-2014,1286,default,1815,complete,0.034993,0.04236,0.0,starexec-unknown,unknown
21638606,NRA/keymaera/binary_driver-2007-10-09-node8746.smt2,894754,CVC4 f7118b2,1257,default,1778,complete,0.054991,0.0706911,0.0,unsat,unknown
21638607,NRA/keymaera/binary_driver-2007-10-09-node8746.smt2,894754,Z3-4.3.2.a054b099c1d6-x64-debian-6.0.6-SMT-COMP-2014,1286,default,1815,complete,1.3458,1.3577,265584.0,unsat,unknown
21638608,NRA/keymaera/binary_driver-2007-10-09-node14895.smt2,894819,CVC4 f7118b2,1257,default,1778,complete,0.007998,0.0219589,0.0,unsat,unknown
21638609,NRA/keymaera/binary_driver-2007-10-09-node14895.smt2,894819,Z3-4.3.2.a054b099c1d6-x64-debian-6.0.6-SMT-COMP-2014,1286,default,1815,complete,0.014997,0.022579,0.0,unsat,unknown
21638610,NRA/keymaera/vsl.proof-node1351.smt2,894848,CVC4 f7118b2,1257,default,1778,complete,0.049991,0.067418,0.0,starexec-unknown,unknown
21638611,NRA/keymaera/vsl.proof-node1351.smt2,894848,Z3-4.3.2.a054b099c1d6-x64-debian-6.0.6-SMT-COMP-2014,1286,default,1815,complete,0.016997,0.024806,0.0,unsat,unknown
21638612,NRA/keymaera/bouncing-ball-inv-node6573.smt2,895074,CVC4 f7118b2,1257,default,1778,complete,0.007998,0.0103511,0.0,unsat,unknown
21638613,NRA/keymaera/bouncing-ball-inv-node6573.smt2,895074,Z3-4.3.2.a054b099c1d6-x64-debian-6.0.6-SMT-COMP-2014,1286,default,1815,complete,0.014997,0.0153559,0.0,unsat,unknown
21638614,NRA/keymaera/bouncing-ball-node5809.smt2,895077,CVC4 f7118b2,1257,default,1778,complete,0.062989,0.077926,0.0,starexec-unknown,unknown
21638615,NRA/keymaera/bouncing-ball-node5809.smt2,895077,Z3-4.3.2.a054b099c1d6-x64-debian-6.0.6-SMT-COMP-2014,1286,default,1815,complete,1.92971,1.93718,245164.0,unsat,unknown
21638616,NRA/keymaera/vsl.proof-node3106.smt2,895292,CVC4 f7118b2,1257,default,1778,complete,0.06299,0.075436,106092.0,unsat,unknown
21638617,NRA/keymaera/vsl.proof-node3106.smt2,895292,Z3-4.3.2.a054b099c1d6-x64-debian-6.0.6-SMT-COMP-2014,1286,default,1815,complete,0.065989,0.0738659,0.0,unsat,unknown
21638618,NRA/keymaera/binary_driver-2007-10-09-node10279.smt2,895359,CVC4 f7118b2,1257,default,1778,complete,0.007998,0.0185781,0.0,unsat,unknown
21638619,NRA/keymaera/binary_driver-2007-10-09-node10279.smt2,895359,Z3-4.3.2.a054b099c1d6-x64-debian-6.0.6-SMT-COMP-2014,1286,default,1815,complete,0.014997,0.023154,0.0,unsat,unknown
21638620,NRA/keymaera/bouncing-ball-node5857.smt2,895460,CVC4 f7118b2,1257,default,1778,complete,0.006998,0.0181121,0.0,unsat,unknown
21638621,NRA/keymaera/bouncing-ball-node5857.smt2,895460,Z3-4.3.2.a054b099c1d6-x64-debian-6.0.6-SMT-COMP-2014,1286,default,1815,complete,0.014997,0.023126,0.0,unsat,unknown
21638622,NRA/keymaera/bouncing-ball-simple-node5964.smt2,895496,CVC4 f7118b2,1257,default,1778,complete,0.05899,0.084489,106092.0,starexec-unknown,unknown
21638623,NRA/keymaera/bouncing-ball-simple-node5964.smt2,895496,Z3-4.3.2.a054b099c1d6-x64-debian-6.0.6-SMT-COMP-2014,1286,default,1815,complete,0.022995,0.0307159,0.0,unsat,unknown
21638624,NRA/keymaera/vsli-alert.proof-node2416.smt2,895501,CVC4 f7118b2,1257,default,1778,complete,0.075988,0.086181,106092.0,unsat,unknown
21638625,NRA/keymaera/vsli-alert.proof-node2416.smt2,895501,Z3-4.3.2.a054b099c1d6-x64-debian-6.0.6-SMT-COMP-2014,1286,default,1815,complete,0.033993,0.0418649,0.0,unsat,unknown
21638626,NRA/keymaera/bouncing-ball-inv-node6637.smt2,895610,CVC4 f7118b2,1257,default,1778,complete,0.006998,0.0181691,106092.0,unsat,unknown
21638627,NRA/keymaera/bouncing-ball-inv-node6637.smt2,895610,Z3-4.3.2.a054b099c1d6-x64-debian-6.0.6-SMT-COMP-2014,1286,default,1815,complete,0.014997,0.0231099,0.0,unsat,unknown
21638628,NRA/keymaera/ETCS-d-braking-node1346.smt2,895643,CVC4 f7118b2,1257,default,1778,timeout (cpu),36000.1,35981.6,344816.0,starexec-unknown,unknown
21638629,NRA/keymaera/ETCS-d-braking-node1346.smt2,895643,Z3-4.3.2.a054b099c1d6-x64-debian-6.0.6-SMT-COMP-2014,1286,default,1815,complete,0.029995,0.0432219,0.0,starexec-unknown,unknown
21638630,NRA/keymaera/bouncing-ball-inv-node6247.smt2,895719,CVC4 f7118b2,1257,default,1778,complete,0.008997,0.019785,0.0,unsat,unknown
21638631,NRA/keymaera/bouncing-ball-inv-node6247.smt2,895719,Z3-4.3.2.a054b099c1d6-x64-debian-6.0.6-SMT-COMP-2014,1286,default,1815,complete,0.022996,0.030323,0.0,unsat,unknown
21638632,NRA/keymaera/bouncing-ball-simple-node5586.smt2,895756,CVC4 f7118b2,1257,default,1778,complete,0.006998,0.0185991,0.0,unsat,unknown
21638633,NRA/keymaera/bouncing-ball-simple-node5586.smt2,895756,Z3-4.3.2.a054b099c1d6-x64-debian-6.0.6-SMT-COMP-2014,1286,default,1815,complete,0.022995,0.0305779,0.0,unsat,unknown
21638634,NRA/keymaera/bouncing-ball-simple-node5920.smt2,895770,CVC4 f7118b2,1257,default,1778,complete,0.005998,0.0173021,0.0,unsat,unknown
21638635,NRA/keymaera/bouncing-ball-simple-node5920.smt2,895770,Z3-4.3.2.a054b099c1d6-x64-debian-6.0.6-SMT-COMP-2014,1286,default,1815,complete,0.012997,0.013334,0.0,unsat,unknown
21638636,NRA/keymaera/bouncing-ball-node6060.smt2,895775,CVC4 f7118b2,1257,default,1778,complete,0.082987,0.099451,106092.0,starexec-unknown,unknown
21638637,NRA/keymaera/bouncing-ball-node6060.smt2,895775,Z3-4.3.2.a054b099c1d6-x64-debian-6.0.6-SMT-COMP-2014,1286,default,1815,complete,98.454,98.426,259748.0,starexec-unknown,unknown
21638638,NRA/keymaera/binary_driver-2007-10-09-node13791.smt2,895790,CVC4 f7118b2,1257,default,1778,complete,0.006998,0.018187,0.0,unsat,unknown
21638639,NRA/keymaera/binary_driver-2007-10-09-node13791.smt2,895790,Z3-4.3.2.a054b099c1d6-x64-debian-6.0.6-SMT-COMP-2014,1286,default,1815,complete,0.014997,0.0226821,106092.0,unsat,unknown
21638640,NRA/keymaera/dynamic_reaction_to_static_bounds.proof-node839.smt2,895831,CVC4 f7118b2,1257,default,1778,complete,0.051991,0.061089,106092.0,starexec-unknown,unknown
21638641,NRA/keymaera/dynamic_reaction_to_static_bounds.proof-node839.smt2,895831,Z3-4.3.2.a054b099c1d6-x64-debian-6.0.6-SMT-COMP-2014,1286,default,1815,complete,0.021996,0.022535,106092.0,starexec-unknown,unknown
21638642,NRA/keymaera/bouncing-ball-simple-node5587.smt2,895863,CVC4 f7118b2,1257,default,1778,complete,0.082986,0.102804,0.0,starexec-unknown,unknown
21638643,NRA/keymaera/bouncing-ball-simple-node5587.smt2,895863,Z3-4.3.2.a054b099c1d6-x64-debian-6.0.6-SMT-COMP-2014,1286,default,1815,complete,0.026995,0.0359901,0.0,starexec-unknown,unknown
21638644,NRA/keymaera/bouncing-ball-inv-node6249.smt2,895937,CVC4 f7118b2,1257,default,1778,complete,0.009998,0.017861,0.0,unsat,unknown
21638645,NRA/keymaera/bouncing-ball-inv-node6249.smt2,895937,Z3-4.3.2.a054b099c1d6-x64-debian-6.0.6-SMT-COMP-2014,1286,default,1815,complete,0.025995,0.0370229,0.0,unsat,unknown
21638646,NRA/keymaera/bouncing-ball-simple-node5980.smt2,895949,CVC4 f7118b2,1257,default,1778,complete,0.007998,0.0196481,0.0,unsat,unknown
21638647,NRA/keymaera/bouncing-ball-simple-node5980.smt2,895949,Z3-4.3.2.a054b099c1d6-x64-debian-6.0.6-SMT-COMP-2014,1286,default,1815,complete,0.020996,0.0293479,0.0,unsat,unknown
21638648,NRA/keymaera/vsl.proof-node2761.smt2,896040,CVC4 f7118b2,1257,default,1778,complete,0.213966,0.232607,106092.0,starexec-unknown,unknown
21638649,NRA/keymaera/vsl.proof-node2761.smt2,896040,Z3-4.3.2.a054b099c1d6-x64-debian-6.0.6-SMT-COMP-2014,1286,default,1815,complete,16.7505,16.7439,255448.0,unsat,unknown
21638650,NRA/keymaera/binary_driver-2007-10-09-node11383.smt2,896115,CVC4 f7118b2,1257,default,1778,complete,0.007998,0.01399,0.0,unsat,unknown
21638651,NRA/keymaera/binary_driver-2007-10-09-node11383.smt2,896115,Z3-4.3.2.a054b099c1d6-x64-debian-6.0.6-SMT-COMP-2014,1286,default,1815,complete,0.017997,0.027853,0.0,unsat,unknown
21638652,NRA/keymaera/binary_driver-2007-10-09-node8745.smt2,896125,CVC4 f7118b2,1257,default,1778,complete,0.209967,0.227411,106092.0,starexec-unknown,unknown
21638653,NRA/keymaera/binary_driver-2007-10-09-node8745.smt2,896125,Z3-4.3.2.a054b099c1d6-x64-debian-6.0.6-SMT-COMP-2014,1286,default,1815,complete,2.31465,2.32398,258720.0,unsat,unknown
21638654,NRA/keymaera/bouncing-ball-simple-node5917.smt2,896138,CVC4 f7118b2,1257,default,1778,complete,0.007998,0.0196321,0.0,unsat,unknown
21638655,NRA/keymaera/bouncing-ball-simple-node5917.smt2,896138,Z3-4.3.2.a054b099c1d6-x64-debian-6.0.6-SMT-COMP-2014,1286,default,1815,complete,0.016997,0.0254609,0.0,unsat,unknown
21638656,NRA/keymaera/bouncing-ball-node5840.smt2,896152,CVC4 f7118b2,1257,default,1778,complete,0.080986,0.0959451,106092.0,starexec-unknown,unknown
21638657,NRA/keymaera/bouncing-ball-node5840.smt2,896152,Z3-4.3.2.a054b099c1d6-x64-debian-6.0.6-SMT-COMP-2014,1286,default,1815,complete,20.2789,20.2688,253248.0,unsat,unknown
21638658,NRA/keymaera/vsli.proof-node2308.smt2,896204,CVC4 f7118b2,1257,default,1778,complete,0.658898,0.668556,106092.0,starexec-unknown,unknown
21638659,NRA/keymaera/vsli.proof-node2308.smt2,896204,Z3-4.3.2.a054b099c1d6-x64-debian-6.0.6-SMT-COMP-2014,1286,default,1815,complete,212.592,212.533,411816.0,unsat,unknown
21638660,NRA/keymaera/bouncing-ball-inv-node6575.smt2,896237,CVC4 f7118b2,1257,default,1778,complete,0.009997,0.0207341,0.0,unsat,unknown
21638661,NRA/keymaera/bouncing-ball-inv-node6575.smt2,896237,Z3-4.3.2.a054b099c1d6-x64-debian-6.0.6-SMT-COMP-2014,1286,default,1815,complete,0.016997,0.0278209,0.0,unsat,unknown
21638662,NRA/keymaera/binary_driver-2007-10-09-node12553.smt2,896272,CVC4 f7118b2,1257,default,1778,complete,0.05599,0.060531,106092.0,unsat,unknown
21638663,NRA/keymaera/binary_driver-2007-10-09-node12553.smt2,896272,Z3-4.3.2.a054b099c1d6-x64-debian-6.0.6-SMT-COMP-2014,1286,default,1815,complete,0.020996,0.0211299,0.0,unsat,unknown
21638664,NRA/keymaera/binary_driver-2007-10-09-node11384.smt2,896308,CVC4 f7118b2,1257,default,1778,complete,0.05899,0.077009,0.0,starexec-unknown,unknown
21638665,NRA/keymaera/binary_driver-2007-10-09-node11384.smt2,896308,Z3-4.3.2.a054b099c1d6-x64-debian-6.0.6-SMT-COMP-2014,1286,default,1815,complete,0.033994,0.0424941,106092.0,unsat,unknown
21638666,NRA/keymaera/bouncing-ball-inv-node6248.smt2,896371,CVC4 f7118b2,1257,default,1778,complete,0.098984,0.115388,106092.0,starexec-unknown,unknown
21638667,NRA/keymaera/bouncing-ball-inv-node6248.smt2,896371,Z3-4.3.2.a054b099c1d6-x64-debian-6.0.6-SMT-COMP-2014,1286,default,1815,complete,0.046992,0.0474051,0.0,starexec-unknown,unknown
21638668,NRA/keymaera/bouncing-ball-inv-node6622.smt2,896397,CVC4 f7118b2,1257,default,1778,complete,0.082986,0.091092,106092.0,starexec-unknown,unknown
21638669,NRA/keymaera/bouncing-ball-inv-node6622.smt2,896397,Z3-4.3.2.a054b099c1d6-x64-debian-6.0.6-SMT-COMP-2014,1286,default,1815,complete,0.039993,0.0479479,106092.0,unsat,unknown
21638670,NRA/keymaera/vsli.proof-node2282.smt2,896407,CVC4 f7118b2,1257,default,1778,complete,0.115981,0.128075,106092.0,unsat,unknown
21638671,NRA/keymaera/vsli.proof-node2282.smt2,896407,Z3-4.3.2.a054b099c1d6-x64-debian-6.0.6-SMT-COMP-2014,1286,default,1815,complete,0.049991,0.058401,106092.0,unsat,unknown
21638672,NRA/keymaera/bouncing-ball-node5839.smt2,896434,CVC4 f7118b2,1257,default,1778,complete,0.007998,0.028764,0.0,unsat,unknown
21638673,NRA/keymaera/bouncing-ball-node5839.smt2,896434,Z3-4.3.2.a054b099c1d6-x64-debian-6.0.6-SMT-COMP-2014,1286,default,1815,complete,0.016997,0.024296,0.0,unsat,unknown
21638674,NRA/keymaera/bouncing-ball-inv-node6606.smt2,896488,CVC4 f7118b2,1257,default,1778,complete,0.007998,0.010889,0.0,unsat,unknown
21638675,NRA/keymaera/bouncing-ball-inv-node6606.smt2,896488,Z3-4.3.2.a054b099c1d6-x64-debian-6.0.6-SMT-COMP-2014,1286,default,1815,complete,0.015997,0.015916,0.0,unsat,unknown
21638676,NRA/keymaera/binary_driver-2007-10-09-node13792.smt2,896496,CVC4 f7118b2,1257,default,1778,complete,0.05999,0.0714001,106092.0,unsat,unknown
21638677,NRA/keymaera/binary_driver-2007-10-09-node13792.smt2,896496,Z3-4.3.2.a054b099c1d6-x64-debian-6.0.6-SMT-COMP-2014,1286,default,1815,complete,0.019996,0.0281449,0.0,unsat,unknown
21638678,NRA/keymaera/vsl.proof-node1748.smt2,896498,CVC4 f7118b2,1257,default,1778,complete,0.227964,0.244639,106092.0,starexec-unknown,unknown
21638679,NRA/keymaera/vsl.proof-node1748.smt2,896498,Z3-4.3.2.a054b099c1d6-x64-debian-6.0.6-SMT-COMP-2014,1286,default,1815,complete,52.813,52.795,276540.0,unsat,unknown
21638680,NRA/keymaera/bouncing-ball-node5841.smt2,896511,CVC4 f7118b2,1257,default,1778,complete,0.007998,0.0196701,0.0,unsat,unknown
21638681,NRA/keymaera/bouncing-ball-node5841.smt2,896511,Z3-4.3.2.a054b099c1d6-x64-debian-6.0.6-SMT-COMP-2014,1286,default,1815,complete,2.45063,2.45993,245104.0,unsat,unknown
21638682,NRA/keymaera/bouncing-ball-simple-node5981.smt2,896532,CVC4 f7118b2,1257,default,1778,complete,0.05999,0.0683709,106092.0,starexec-unknown,unknown
21638683,NRA/keymaera/bouncing-ball-simple-node5981.smt2,896532,Z3-4.3.2.a054b099c1d6-x64-debian-6.0.6-SMT-COMP-2014,1286,default,1815,complete,0.026995,0.027493,106092.0,starexec-unknown,unknown
21638684,NRA/keymaera/bouncing-ball-simple-node5918.smt2,896556,CVC4 f7118b2,1257,default,1778,complete,0.05799,0.074363,106092.0,starexec-unknown,unknown
21638685,NRA/keymaera/bouncing-ball-simple-node5918.smt2,896556,Z3-4.3.2.a054b099c1d6-x64-debian-6.0.6-SMT-COMP-2014,1286,default,1815,complete,0.022995,0.0304779,106092.0,unsat,unknown
21638686,NRA/keymaera/dynamic_reaction_to_static_bounds.proof-node829.smt2,896561,CVC4 f7118b2,1257,default,1778,complete,0.055991,0.0718399,106092.0,starexec-unknown,unknown
21638687,NRA/keymaera/dynamic_reaction_to_static_bounds.proof-node829.smt2,896561,Z3-4.3.2.a054b099c1d6-x64-debian-6.0.6-SMT-COMP-2014,1286,default,1815,complete,0.018996,0.0268309,0.0,unsat,unknown
21638688,NRA/keymaera/bouncing-ball-node5856.smt2,896602,CVC4 f7118b2,1257,default,1778,complete,0.006998,0.017902,0.0,unsat,unknown
21638689,NRA/keymaera/bouncing-ball-node5856.smt2,896602,Z3-4.3.2.a054b099c1d6-x64-debian-6.0.6-SMT-COMP-2014,1286,default,1815,complete,0.014997,0.022813,0.0,unsat,unknown
21638690,NRA/keymaera/bouncing-ball-simple-node5919.smt2,896603,CVC4 f7118b2,1257,default,1778,complete,0.007998,0.0107501,0.0,unsat,unknown
21638691,NRA/keymaera/bouncing-ball-simple-node5919.smt2,896603,Z3-4.3.2.a054b099c1d6-x64-debian-6.0.6-SMT-COMP-2014,1286,default,1815,complete,0.018996,0.026544,0.0,unsat,unknown
21638692,NRA/keymaera/vsl.proof-node2228.smt2,896897,CVC4 f7118b2,1257,default,1778,complete,0.236963,0.244173,106092.0,starexec-unknown,unknown
21638693,NRA/keymaera/vsl.proof-node2228.smt2,896897,Z3-4.3.2.a054b099c1d6-x64-debian-6.0.6-SMT-COMP-2014,1286,default,1815,complete,64.4752,64.456,354768.0,starexec-unknown,unknown
21638694,NRA/keymaera/bouncing-ball-simple-node5982.smt2,896917,CVC4 f7118b2,1257,default,1778,complete,0.007998,0.018506,0.0,unsat,unknown
21638695,NRA/keymaera/bouncing-ball-simple-node5982.smt2,896917,Z3-4.3.2.a054b099c1d6-x64-debian-6.0.6-SMT-COMP-2014,1286,default,1815,complete,0.021995,0.0317181,0.0,unsat,unknown
21638696,NRA/keymaera/binary_driver-2007-10-09-node12552.smt2,896987,CVC4 f7118b2,1257,default,1778,complete,0.006998,0.0110321,0.0,unsat,unknown
21638697,NRA/keymaera/binary_driver-2007-10-09-node12552.smt2,896987,Z3-4.3.2.a054b099c1d6-x64-debian-6.0.6-SMT-COMP-2014,1286,default,1815,complete,0.017996,0.0292869,0.0,unsat,unknown
21638698,NRA/keymaera/vsl.proof-node1722.smt2,897113,CVC4 f7118b2,1257,default,1778,complete,0.052991,0.065296,0.0,unsat,unknown
21638699,NRA/keymaera/vsl.proof-node1722.smt2,897113,Z3-4.3.2.a054b099c1d6-x64-debian-6.0.6-SMT-COMP-2014,1286,default,1815,complete,0.018996,0.035882,0.0,unsat,unknown
21638700,NRA/keymaera/dynamic_reaction_to_static_bounds.proof-node819.smt2,897156,CVC4 f7118b2,1257,default,1778,complete,0.05699,0.0783489,0.0,starexec-unknown,unknown
21638701,NRA/keymaera/dynamic_reaction_to_static_bounds.proof-node819.smt2,897156,Z3-4.3.2.a054b099c1d6-x64-debian-6.0.6-SMT-COMP-2014,1286,default,1815,complete,0.021996,0.0300631,0.0,starexec-unknown,unknown
21638702,NRA/keymaera/vsl.proof-node1377.smt2,897179,CVC4 f7118b2,1257,default,1778,complete,0.088986,0.106187,106092.0,starexec-unknown,unknown
21638703,NRA/keymaera/vsl.proof-node1377.smt2,897179,Z3-4.3.2.a054b099c1d6-x64-debian-6.0.6-SMT-COMP-2014,1286,default,1815,complete,0.019996,0.0338829,0.0,unsat,unknown
21638704,NRA/keymaera/bouncing-ball-node6059.smt2,897239,CVC4 f7118b2,1257,default,1778,complete,0.008997,0.0236111,0.0,unsat,unknown
21638705,NRA/keymaera/bouncing-ball-node6059.smt2,897239,Z3-4.3.2.a054b099c1d6-x64-debian-6.0.6-SMT-COMP-2014,1286,default,1815,complete,27.0049,27.0052,256120.0,unsat,unknown
21638706,NRA/keymaera/bouncing-ball-inv-node6621.smt2,897399,CVC4 f7118b2,1257,default,1778,complete,0.007998,0.019197,0.0,unsat,unknown
21638707,NRA/keymaera/bouncing-ball-inv-node6621.smt2,897399,Z3-4.3.2.a054b099c1d6-x64-debian-6.0.6-SMT-COMP-2014,1286,default,1815,complete,0.016997,0.017642,0.0,unsat,unknown
21638708,NRA/keymaera/vsl.proof-node2202.smt2,897634,CVC4 f7118b2,1257,default,1778,complete,0.053991,0.067422,0.0,unsat,unknown
21638709,NRA/keymaera/vsl.proof-node2202.smt2,897634,Z3-4.3.2.a054b099c1d6-x64-debian-6.0.6-SMT-COMP-2014,1286,default,1815,complete,0.778881,0.786188,106092.0,unsat,unknown
21638710,NRA/keymaera/bouncing-ball-simple-node5963.smt2,897649,CVC4 f7118b2,1257,default,1778,complete,0.007998,0.0100399,0.0,unsat,unknown
21638711,NRA/keymaera/bouncing-ball-simple-node5963.smt2,897649,Z3-4.3.2.a054b099c1d6-x64-debian-6.0.6-SMT-COMP-2014,1286,default,1815,complete,0.014997,0.0245899,0.0,unsat,unknown
21638712,NRA/keymaera/bouncing-ball-inv-node6574.smt2,897661,CVC4 f7118b2,1257,default,1778,complete,0.023995,0.0363529,0.0,unsat,unknown
21638713,NRA/keymaera/bouncing-ball-inv-node6574.smt2,897661,Z3-4.3.2.a054b099c1d6-x64-debian-6.0.6-SMT-COMP-2014,1286,default,1815,complete,0.029994,0.037721,0.0,unsat,unknown
21638714,NRA/keymaera/bouncing-ball-node5808.smt2,897697,CVC4 f7118b2,1257,default,1778,complete,0.007998,0.0186189,0.0,unsat,unknown
21638715,NRA/keymaera/bouncing-ball-node5808.smt2,897697,Z3-4.3.2.a054b099c1d6-x64-debian-6.0.6-SMT-COMP-2014,1286,default,1815,complete,0.014997,0.0231639,0.0,unsat,unknown
21638716,NRA/keymaera/binary_driver-2007-10-09-node14896.smt2,897818,CVC4 f7118b2,1257,default,1778,complete,0.056991,0.0745561,106092.0,starexec-unknown,unknown
21638717,NRA/keymaera/binary_driver-2007-10-09-node14896.smt2,897818,Z3-4.3.2.a054b099c1d6-x64-debian-6.0.6-SMT-COMP-2014,1286,default,1815,complete,0.030995,0.04197,106092.0,unsat,unknown
21638718,NRA/keymaera/binary_driver-2007-10-09-node10280.smt2,897943,CVC4 f7118b2,1257,default,1778,complete,0.05399,0.067127,106092.0,unsat,unknown
21638719,NRA/keymaera/binary_driver-2007-10-09-node10280.smt2,897943,Z3-4.3.2.a054b099c1d6-x64-debian-6.0.6-SMT-COMP-2014,1286,default,1815,complete,0.019996,0.0285601,0.0,unsat,unknown
21638720,NRA/keymaera/bouncing-ball-inv-node6605.smt2,898037,CVC4 f7118b2,1257,default,1778,complete,0.008998,0.019675,0.0,unsat,unknown
21638721,NRA/keymaera/bouncing-ball-inv-node6605.smt2,898037,Z3-4.3.2.a054b099c1d6-x64-debian-6.0.6-SMT-COMP-2014,1286,default,1815,complete,0.022995,0.033916,106092.0,unsat,unknown
21638722,NRA/keymaera/vsli-alert.proof-node2442.smt2,898078,CVC4 f7118b2,1257,default,1778,complete,0.32495,0.342227,106092.0,starexec-unknown,unknown
21638723,NRA/keymaera/vsli-alert.proof-node2442.smt2,898078,Z3-4.3.2.a054b099c1d6-x64-debian-6.0.6-SMT-COMP-2014,1286,default,1815,complete,1261.01,1260.61,375468.0,unsat,unknown
