<?xml version="1.0" encoding="UTF-8"?><tns:Jobs xmlns:tns="https://www.starexec.org/starexec/public/batchJobSchema.xsd" xmlns:xsi="http://www.w3.org/2001/XMLSchema-instance" xsi:schemaLocation="https://www.starexec.org/starexec/public/batchJobSchema.xsd batchJobSchema.xsd">
<Job name="QF_RDL 06-25-2014 19.38">
<JobAttributes>
<description value="no description"/>
<queue-id value="-1"/>
<start-paused value="false"/>
<cpu-timeout value="36000"/>
<wallclock-timeout value="36000"/>
<mem-limit value="100.0"/>
<postproc-id value="111"/>
</JobAttributes>
<JobPair bench-id="407958" bench-name="cooking01.smt2" config-id="1778" config-name="default" job-space-id="46433" job-space-path="QF_RDL/SMT-Temporal-Planning-Benchmarks" solver-id="1257" solver-name="CVC4 f7118b2"/>
<JobPair bench-id="407958" bench-name="cooking01.smt2" config-id="1815" config-name="default" job-space-id="46433" job-space-path="QF_RDL/SMT-Temporal-Planning-Benchmarks" solver-id="1286" solver-name="Z3-4.3.2.a054b099c1d6-x64-debian-6.0.6-SMT-COMP-2014"/>
<JobPair bench-id="407827" bench-name="abz7_600.smt2" config-id="1778" config-name="default" job-space-id="46432" job-space-path="QF_RDL/scheduling" solver-id="1257" solver-name="CVC4 f7118b2"/>
<JobPair bench-id="407827" bench-name="abz7_600.smt2" config-id="1815" config-name="default" job-space-id="46432" job-space-path="QF_RDL/scheduling" solver-id="1286" solver-name="Z3-4.3.2.a054b099c1d6-x64-debian-6.0.6-SMT-COMP-2014"/>
<JobPair bench-id="407959" bench-name="cooking02.smt2" config-id="1778" config-name="default" job-space-id="46433" job-space-path="QF_RDL/SMT-Temporal-Planning-Benchmarks" solver-id="1257" solver-name="CVC4 f7118b2"/>
<JobPair bench-id="407959" bench-name="cooking02.smt2" config-id="1815" config-name="default" job-space-id="46433" job-space-path="QF_RDL/SMT-Temporal-Planning-Benchmarks" solver-id="1286" solver-name="Z3-4.3.2.a054b099c1d6-x64-debian-6.0.6-SMT-COMP-2014"/>
<JobPair bench-id="407828" bench-name="abz7_667.smt2" config-id="1778" config-name="default" job-space-id="46432" job-space-path="QF_RDL/scheduling" solver-id="1257" solver-name="CVC4 f7118b2"/>
<JobPair bench-id="407828" bench-name="abz7_667.smt2" config-id="1815" config-name="default" job-space-id="46432" job-space-path="QF_RDL/scheduling" solver-id="1286" solver-name="Z3-4.3.2.a054b099c1d6-x64-debian-6.0.6-SMT-COMP-2014"/>
<JobPair bench-id="407960" bench-name="cooking03.smt2" config-id="1778" config-name="default" job-space-id="46433" job-space-path="QF_RDL/SMT-Temporal-Planning-Benchmarks" solver-id="1257" solver-name="CVC4 f7118b2"/>
<JobPair bench-id="407960" bench-name="cooking03.smt2" config-id="1815" config-name="default" job-space-id="46433" job-space-path="QF_RDL/SMT-Temporal-Planning-Benchmarks" solver-id="1286" solver-name="Z3-4.3.2.a054b099c1d6-x64-debian-6.0.6-SMT-COMP-2014"/>
<JobPair bench-id="407829" bench-name="abz7_670.smt2" config-id="1778" config-name="default" job-space-id="46432" job-space-path="QF_RDL/scheduling" solver-id="1257" solver-name="CVC4 f7118b2"/>
<JobPair bench-id="407829" bench-name="abz7_670.smt2" config-id="1815" config-name="default" job-space-id="46432" job-space-path="QF_RDL/scheduling" solver-id="1286" solver-name="Z3-4.3.2.a054b099c1d6-x64-debian-6.0.6-SMT-COMP-2014"/>
<JobPair bench-id="407961" bench-name="cooking04.smt2" config-id="1778" config-name="default" job-space-id="46433" job-space-path="QF_RDL/SMT-Temporal-Planning-Benchmarks" solver-id="1257" solver-name="CVC4 f7118b2"/>
<JobPair bench-id="407961" bench-name="cooking04.smt2" config-id="1815" config-name="default" job-space-id="46433" job-space-path="QF_RDL/SMT-Temporal-Planning-Benchmarks" solver-id="1286" solver-name="Z3-4.3.2.a054b099c1d6-x64-debian-6.0.6-SMT-COMP-2014"/>
<JobPair bench-id="407830" bench-name="abz7_691.smt2" config-id="1778" config-name="default" job-space-id="46432" job-space-path="QF_RDL/scheduling" solver-id="1257" solver-name="CVC4 f7118b2"/>
<JobPair bench-id="407830" bench-name="abz7_691.smt2" config-id="1815" config-name="default" job-space-id="46432" job-space-path="QF_RDL/scheduling" solver-id="1286" solver-name="Z3-4.3.2.a054b099c1d6-x64-debian-6.0.6-SMT-COMP-2014"/>
<JobPair bench-id="407962" bench-name="cooking05.smt2" config-id="1778" config-name="default" job-space-id="46433" job-space-path="QF_RDL/SMT-Temporal-Planning-Benchmarks" solver-id="1257" solver-name="CVC4 f7118b2"/>
<JobPair bench-id="407962" bench-name="cooking05.smt2" config-id="1815" config-name="default" job-space-id="46433" job-space-path="QF_RDL/SMT-Temporal-Planning-Benchmarks" solver-id="1286" solver-name="Z3-4.3.2.a054b099c1d6-x64-debian-6.0.6-SMT-COMP-2014"/>
<JobPair bench-id="407883" bench-name="swv11_2900.smt2" config-id="1778" config-name="default" job-space-id="46432" job-space-path="QF_RDL/scheduling" solver-id="1257" solver-name="CVC4 f7118b2"/>
<JobPair bench-id="407883" bench-name="swv11_2900.smt2" config-id="1815" config-name="default" job-space-id="46432" job-space-path="QF_RDL/scheduling" solver-id="1286" solver-name="Z3-4.3.2.a054b099c1d6-x64-debian-6.0.6-SMT-COMP-2014"/>
<JobPair bench-id="407963" bench-name="cooking06.smt2" config-id="1778" config-name="default" job-space-id="46433" job-space-path="QF_RDL/SMT-Temporal-Planning-Benchmarks" solver-id="1257" solver-name="CVC4 f7118b2"/>
<JobPair bench-id="407963" bench-name="cooking06.smt2" config-id="1815" config-name="default" job-space-id="46433" job-space-path="QF_RDL/SMT-Temporal-Planning-Benchmarks" solver-id="1286" solver-name="Z3-4.3.2.a054b099c1d6-x64-debian-6.0.6-SMT-COMP-2014"/>
<JobPair bench-id="407884" bench-name="swv11_2983.smt2" config-id="1778" config-name="default" job-space-id="46432" job-space-path="QF_RDL/scheduling" solver-id="1257" solver-name="CVC4 f7118b2"/>
<JobPair bench-id="407884" bench-name="swv11_2983.smt2" config-id="1815" config-name="default" job-space-id="46432" job-space-path="QF_RDL/scheduling" solver-id="1286" solver-name="Z3-4.3.2.a054b099c1d6-x64-debian-6.0.6-SMT-COMP-2014"/>
<JobPair bench-id="407964" bench-name="cooking07.smt2" config-id="1778" config-name="default" job-space-id="46433" job-space-path="QF_RDL/SMT-Temporal-Planning-Benchmarks" solver-id="1257" solver-name="CVC4 f7118b2"/>
<JobPair bench-id="407964" bench-name="cooking07.smt2" config-id="1815" config-name="default" job-space-id="46433" job-space-path="QF_RDL/SMT-Temporal-Planning-Benchmarks" solver-id="1286" solver-name="Z3-4.3.2.a054b099c1d6-x64-debian-6.0.6-SMT-COMP-2014"/>
<JobPair bench-id="407885" bench-name="swv11_2988.smt2" config-id="1778" config-name="default" job-space-id="46432" job-space-path="QF_RDL/scheduling" solver-id="1257" solver-name="CVC4 f7118b2"/>
<JobPair bench-id="407885" bench-name="swv11_2988.smt2" config-id="1815" config-name="default" job-space-id="46432" job-space-path="QF_RDL/scheduling" solver-id="1286" solver-name="Z3-4.3.2.a054b099c1d6-x64-debian-6.0.6-SMT-COMP-2014"/>
<JobPair bench-id="407965" bench-name="cooking08.smt2" config-id="1778" config-name="default" job-space-id="46433" job-space-path="QF_RDL/SMT-Temporal-Planning-Benchmarks" solver-id="1257" solver-name="CVC4 f7118b2"/>
<JobPair bench-id="407965" bench-name="cooking08.smt2" config-id="1815" config-name="default" job-space-id="46433" job-space-path="QF_RDL/SMT-Temporal-Planning-Benchmarks" solver-id="1286" solver-name="Z3-4.3.2.a054b099c1d6-x64-debian-6.0.6-SMT-COMP-2014"/>
<JobPair bench-id="407886" bench-name="swv11_2992.smt2" config-id="1778" config-name="default" job-space-id="46432" job-space-path="QF_RDL/scheduling" solver-id="1257" solver-name="CVC4 f7118b2"/>
<JobPair bench-id="407886" bench-name="swv11_2992.smt2" config-id="1815" config-name="default" job-space-id="46432" job-space-path="QF_RDL/scheduling" solver-id="1286" solver-name="Z3-4.3.2.a054b099c1d6-x64-debian-6.0.6-SMT-COMP-2014"/>
<JobPair bench-id="407966" bench-name="cooking09.smt2" config-id="1778" config-name="default" job-space-id="46433" job-space-path="QF_RDL/SMT-Temporal-Planning-Benchmarks" solver-id="1257" solver-name="CVC4 f7118b2"/>
<JobPair bench-id="407966" bench-name="cooking09.smt2" config-id="1815" config-name="default" job-space-id="46433" job-space-path="QF_RDL/SMT-Temporal-Planning-Benchmarks" solver-id="1286" solver-name="Z3-4.3.2.a054b099c1d6-x64-debian-6.0.6-SMT-COMP-2014"/>
<JobPair bench-id="407887" bench-name="swv11_3050.smt2" config-id="1778" config-name="default" job-space-id="46432" job-space-path="QF_RDL/scheduling" solver-id="1257" solver-name="CVC4 f7118b2"/>
<JobPair bench-id="407887" bench-name="swv11_3050.smt2" config-id="1815" config-name="default" job-space-id="46432" job-space-path="QF_RDL/scheduling" solver-id="1286" solver-name="Z3-4.3.2.a054b099c1d6-x64-debian-6.0.6-SMT-COMP-2014"/>
<JobPair bench-id="407967" bench-name="cooking10.smt2" config-id="1778" config-name="default" job-space-id="46433" job-space-path="QF_RDL/SMT-Temporal-Planning-Benchmarks" solver-id="1257" solver-name="CVC4 f7118b2"/>
<JobPair bench-id="407967" bench-name="cooking10.smt2" config-id="1815" config-name="default" job-space-id="46433" job-space-path="QF_RDL/SMT-Temporal-Planning-Benchmarks" solver-id="1286" solver-name="Z3-4.3.2.a054b099c1d6-x64-debian-6.0.6-SMT-COMP-2014"/>
<JobPair bench-id="407888" bench-name="swv12_2900.smt2" config-id="1778" config-name="default" job-space-id="46432" job-space-path="QF_RDL/scheduling" solver-id="1257" solver-name="CVC4 f7118b2"/>
<JobPair bench-id="407888" bench-name="swv12_2900.smt2" config-id="1815" config-name="default" job-space-id="46432" job-space-path="QF_RDL/scheduling" solver-id="1286" solver-name="Z3-4.3.2.a054b099c1d6-x64-debian-6.0.6-SMT-COMP-2014"/>
<JobPair bench-id="407968" bench-name="cooking11.smt2" config-id="1778" config-name="default" job-space-id="46433" job-space-path="QF_RDL/SMT-Temporal-Planning-Benchmarks" solver-id="1257" solver-name="CVC4 f7118b2"/>
<JobPair bench-id="407968" bench-name="cooking11.smt2" config-id="1815" config-name="default" job-space-id="46433" job-space-path="QF_RDL/SMT-Temporal-Planning-Benchmarks" solver-id="1286" solver-name="Z3-4.3.2.a054b099c1d6-x64-debian-6.0.6-SMT-COMP-2014"/>
<JobPair bench-id="407889" bench-name="swv12_2972.smt2" config-id="1778" config-name="default" job-space-id="46432" job-space-path="QF_RDL/scheduling" solver-id="1257" solver-name="CVC4 f7118b2"/>
<JobPair bench-id="407889" bench-name="swv12_2972.smt2" config-id="1815" config-name="default" job-space-id="46432" job-space-path="QF_RDL/scheduling" solver-id="1286" solver-name="Z3-4.3.2.a054b099c1d6-x64-debian-6.0.6-SMT-COMP-2014"/>
<JobPair bench-id="407969" bench-name="cooking12.smt2" config-id="1778" config-name="default" job-space-id="46433" job-space-path="QF_RDL/SMT-Temporal-Planning-Benchmarks" solver-id="1257" solver-name="CVC4 f7118b2"/>
<JobPair bench-id="407969" bench-name="cooking12.smt2" config-id="1815" config-name="default" job-space-id="46433" job-space-path="QF_RDL/SMT-Temporal-Planning-Benchmarks" solver-id="1286" solver-name="Z3-4.3.2.a054b099c1d6-x64-debian-6.0.6-SMT-COMP-2014"/>
<JobPair bench-id="407890" bench-name="swv12_2990.smt2" config-id="1778" config-name="default" job-space-id="46432" job-space-path="QF_RDL/scheduling" solver-id="1257" solver-name="CVC4 f7118b2"/>
<JobPair bench-id="407890" bench-name="swv12_2990.smt2" config-id="1815" config-name="default" job-space-id="46432" job-space-path="QF_RDL/scheduling" solver-id="1286" solver-name="Z3-4.3.2.a054b099c1d6-x64-debian-6.0.6-SMT-COMP-2014"/>
<JobPair bench-id="407970" bench-name="cooking13.smt2" config-id="1778" config-name="default" job-space-id="46433" job-space-path="QF_RDL/SMT-Temporal-Planning-Benchmarks" solver-id="1257" solver-name="CVC4 f7118b2"/>
<JobPair bench-id="407970" bench-name="cooking13.smt2" config-id="1815" config-name="default" job-space-id="46433" job-space-path="QF_RDL/SMT-Temporal-Planning-Benchmarks" solver-id="1286" solver-name="Z3-4.3.2.a054b099c1d6-x64-debian-6.0.6-SMT-COMP-2014"/>
<JobPair bench-id="407891" bench-name="swv12_3004.smt2" config-id="1778" config-name="default" job-space-id="46432" job-space-path="QF_RDL/scheduling" solver-id="1257" solver-name="CVC4 f7118b2"/>
<JobPair bench-id="407891" bench-name="swv12_3004.smt2" config-id="1815" config-name="default" job-space-id="46432" job-space-path="QF_RDL/scheduling" solver-id="1286" solver-name="Z3-4.3.2.a054b099c1d6-x64-debian-6.0.6-SMT-COMP-2014"/>
<JobPair bench-id="407971" bench-name="cooking14.smt2" config-id="1778" config-name="default" job-space-id="46433" job-space-path="QF_RDL/SMT-Temporal-Planning-Benchmarks" solver-id="1257" solver-name="CVC4 f7118b2"/>
<JobPair bench-id="407971" bench-name="cooking14.smt2" config-id="1815" config-name="default" job-space-id="46433" job-space-path="QF_RDL/SMT-Temporal-Planning-Benchmarks" solver-id="1286" solver-name="Z3-4.3.2.a054b099c1d6-x64-debian-6.0.6-SMT-COMP-2014"/>
<JobPair bench-id="407892" bench-name="swv12_3050.smt2" config-id="1778" config-name="default" job-space-id="46432" job-space-path="QF_RDL/scheduling" solver-id="1257" solver-name="CVC4 f7118b2"/>
<JobPair bench-id="407892" bench-name="swv12_3050.smt2" config-id="1815" config-name="default" job-space-id="46432" job-space-path="QF_RDL/scheduling" solver-id="1286" solver-name="Z3-4.3.2.a054b099c1d6-x64-debian-6.0.6-SMT-COMP-2014"/>
<JobPair bench-id="407972" bench-name="cooking15.smt2" config-id="1778" config-name="default" job-space-id="46433" job-space-path="QF_RDL/SMT-Temporal-Planning-Benchmarks" solver-id="1257" solver-name="CVC4 f7118b2"/>
<JobPair bench-id="407972" bench-name="cooking15.smt2" config-id="1815" config-name="default" job-space-id="46433" job-space-path="QF_RDL/SMT-Temporal-Planning-Benchmarks" solver-id="1286" solver-name="Z3-4.3.2.a054b099c1d6-x64-debian-6.0.6-SMT-COMP-2014"/>
<JobPair bench-id="407893" bench-name="swv13_3000.smt2" config-id="1778" config-name="default" job-space-id="46432" job-space-path="QF_RDL/scheduling" solver-id="1257" solver-name="CVC4 f7118b2"/>
<JobPair bench-id="407893" bench-name="swv13_3000.smt2" config-id="1815" config-name="default" job-space-id="46432" job-space-path="QF_RDL/scheduling" solver-id="1286" solver-name="Z3-4.3.2.a054b099c1d6-x64-debian-6.0.6-SMT-COMP-2014"/>
<JobPair bench-id="407973" bench-name="cooking16.smt2" config-id="1778" config-name="default" job-space-id="46433" job-space-path="QF_RDL/SMT-Temporal-Planning-Benchmarks" solver-id="1257" solver-name="CVC4 f7118b2"/>
<JobPair bench-id="407973" bench-name="cooking16.smt2" config-id="1815" config-name="default" job-space-id="46433" job-space-path="QF_RDL/SMT-Temporal-Planning-Benchmarks" solver-id="1286" solver-name="Z3-4.3.2.a054b099c1d6-x64-debian-6.0.6-SMT-COMP-2014"/>
<JobPair bench-id="407894" bench-name="swv13_3104.smt2" config-id="1778" config-name="default" job-space-id="46432" job-space-path="QF_RDL/scheduling" solver-id="1257" solver-name="CVC4 f7118b2"/>
<JobPair bench-id="407894" bench-name="swv13_3104.smt2" config-id="1815" config-name="default" job-space-id="46432" job-space-path="QF_RDL/scheduling" solver-id="1286" solver-name="Z3-4.3.2.a054b099c1d6-x64-debian-6.0.6-SMT-COMP-2014"/>
<JobPair bench-id="407974" bench-name="cooking17.smt2" config-id="1778" config-name="default" job-space-id="46433" job-space-path="QF_RDL/SMT-Temporal-Planning-Benchmarks" solver-id="1257" solver-name="CVC4 f7118b2"/>
<JobPair bench-id="407974" bench-name="cooking17.smt2" config-id="1815" config-name="default" job-space-id="46433" job-space-path="QF_RDL/SMT-Temporal-Planning-Benchmarks" solver-id="1286" solver-name="Z3-4.3.2.a054b099c1d6-x64-debian-6.0.6-SMT-COMP-2014"/>
<JobPair bench-id="407895" bench-name="swv13_3150.smt2" config-id="1778" config-name="default" job-space-id="46432" job-space-path="QF_RDL/scheduling" solver-id="1257" solver-name="CVC4 f7118b2"/>
<JobPair bench-id="407895" bench-name="swv13_3150.smt2" config-id="1815" config-name="default" job-space-id="46432" job-space-path="QF_RDL/scheduling" solver-id="1286" solver-name="Z3-4.3.2.a054b099c1d6-x64-debian-6.0.6-SMT-COMP-2014"/>
<JobPair bench-id="407975" bench-name="cooking18.smt2" config-id="1778" config-name="default" job-space-id="46433" job-space-path="QF_RDL/SMT-Temporal-Planning-Benchmarks" solver-id="1257" solver-name="CVC4 f7118b2"/>
<JobPair bench-id="407975" bench-name="cooking18.smt2" config-id="1815" config-name="default" job-space-id="46433" job-space-path="QF_RDL/SMT-Temporal-Planning-Benchmarks" solver-id="1286" solver-name="Z3-4.3.2.a054b099c1d6-x64-debian-6.0.6-SMT-COMP-2014"/>
<JobPair bench-id="407896" bench-name="swv13_3200.smt2" config-id="1778" config-name="default" job-space-id="46432" job-space-path="QF_RDL/scheduling" solver-id="1257" solver-name="CVC4 f7118b2"/>
<JobPair bench-id="407896" bench-name="swv13_3200.smt2" config-id="1815" config-name="default" job-space-id="46432" job-space-path="QF_RDL/scheduling" solver-id="1286" solver-name="Z3-4.3.2.a054b099c1d6-x64-debian-6.0.6-SMT-COMP-2014"/>
<JobPair bench-id="407976" bench-name="cooking19.smt2" config-id="1778" config-name="default" job-space-id="46433" job-space-path="QF_RDL/SMT-Temporal-Planning-Benchmarks" solver-id="1257" solver-name="CVC4 f7118b2"/>
<JobPair bench-id="407976" bench-name="cooking19.smt2" config-id="1815" config-name="default" job-space-id="46433" job-space-path="QF_RDL/SMT-Temporal-Planning-Benchmarks" solver-id="1286" solver-name="Z3-4.3.2.a054b099c1d6-x64-debian-6.0.6-SMT-COMP-2014"/>
<JobPair bench-id="407897" bench-name="swv14_2800.smt2" config-id="1778" config-name="default" job-space-id="46432" job-space-path="QF_RDL/scheduling" solver-id="1257" solver-name="CVC4 f7118b2"/>
<JobPair bench-id="407897" bench-name="swv14_2800.smt2" config-id="1815" config-name="default" job-space-id="46432" job-space-path="QF_RDL/scheduling" solver-id="1286" solver-name="Z3-4.3.2.a054b099c1d6-x64-debian-6.0.6-SMT-COMP-2014"/>
<JobPair bench-id="407977" bench-name="cooking20.smt2" config-id="1778" config-name="default" job-space-id="46433" job-space-path="QF_RDL/SMT-Temporal-Planning-Benchmarks" solver-id="1257" solver-name="CVC4 f7118b2"/>
<JobPair bench-id="407977" bench-name="cooking20.smt2" config-id="1815" config-name="default" job-space-id="46433" job-space-path="QF_RDL/SMT-Temporal-Planning-Benchmarks" solver-id="1286" solver-name="Z3-4.3.2.a054b099c1d6-x64-debian-6.0.6-SMT-COMP-2014"/>
<JobPair bench-id="407898" bench-name="swv14_2885.smt2" config-id="1778" config-name="default" job-space-id="46432" job-space-path="QF_RDL/scheduling" solver-id="1257" solver-name="CVC4 f7118b2"/>
<JobPair bench-id="407898" bench-name="swv14_2885.smt2" config-id="1815" config-name="default" job-space-id="46432" job-space-path="QF_RDL/scheduling" solver-id="1286" solver-name="Z3-4.3.2.a054b099c1d6-x64-debian-6.0.6-SMT-COMP-2014"/>
<JobPair bench-id="407978" bench-name="cooking21.smt2" config-id="1778" config-name="default" job-space-id="46433" job-space-path="QF_RDL/SMT-Temporal-Planning-Benchmarks" solver-id="1257" solver-name="CVC4 f7118b2"/>
<JobPair bench-id="407978" bench-name="cooking21.smt2" config-id="1815" config-name="default" job-space-id="46433" job-space-path="QF_RDL/SMT-Temporal-Planning-Benchmarks" solver-id="1286" solver-name="Z3-4.3.2.a054b099c1d6-x64-debian-6.0.6-SMT-COMP-2014"/>
<JobPair bench-id="407899" bench-name="swv14_2895.smt2" config-id="1778" config-name="default" job-space-id="46432" job-space-path="QF_RDL/scheduling" solver-id="1257" solver-name="CVC4 f7118b2"/>
<JobPair bench-id="407899" bench-name="swv14_2895.smt2" config-id="1815" config-name="default" job-space-id="46432" job-space-path="QF_RDL/scheduling" solver-id="1286" solver-name="Z3-4.3.2.a054b099c1d6-x64-debian-6.0.6-SMT-COMP-2014"/>
<JobPair bench-id="407979" bench-name="cooking22.smt2" config-id="1778" config-name="default" job-space-id="46433" job-space-path="QF_RDL/SMT-Temporal-Planning-Benchmarks" solver-id="1257" solver-name="CVC4 f7118b2"/>
<JobPair bench-id="407979" bench-name="cooking22.smt2" config-id="1815" config-name="default" job-space-id="46433" job-space-path="QF_RDL/SMT-Temporal-Planning-Benchmarks" solver-id="1286" solver-name="Z3-4.3.2.a054b099c1d6-x64-debian-6.0.6-SMT-COMP-2014"/>
<JobPair bench-id="407900" bench-name="swv14_2905.smt2" config-id="1778" config-name="default" job-space-id="46432" job-space-path="QF_RDL/scheduling" solver-id="1257" solver-name="CVC4 f7118b2"/>
<JobPair bench-id="407900" bench-name="swv14_2905.smt2" config-id="1815" config-name="default" job-space-id="46432" job-space-path="QF_RDL/scheduling" solver-id="1286" solver-name="Z3-4.3.2.a054b099c1d6-x64-debian-6.0.6-SMT-COMP-2014"/>
<JobPair bench-id="407980" bench-name="tempo-depth-2.smt2" config-id="1778" config-name="default" job-space-id="46433" job-space-path="QF_RDL/SMT-Temporal-Planning-Benchmarks" solver-id="1257" solver-name="CVC4 f7118b2"/>
<JobPair bench-id="407980" bench-name="tempo-depth-2.smt2" config-id="1815" config-name="default" job-space-id="46433" job-space-path="QF_RDL/SMT-Temporal-Planning-Benchmarks" solver-id="1286" solver-name="Z3-4.3.2.a054b099c1d6-x64-debian-6.0.6-SMT-COMP-2014"/>
<JobPair bench-id="407901" bench-name="swv14_3000.smt2" config-id="1778" config-name="default" job-space-id="46432" job-space-path="QF_RDL/scheduling" solver-id="1257" solver-name="CVC4 f7118b2"/>
<JobPair bench-id="407901" bench-name="swv14_3000.smt2" config-id="1815" config-name="default" job-space-id="46432" job-space-path="QF_RDL/scheduling" solver-id="1286" solver-name="Z3-4.3.2.a054b099c1d6-x64-debian-6.0.6-SMT-COMP-2014"/>
<JobPair bench-id="407981" bench-name="tempo-depth-3.smt2" config-id="1778" config-name="default" job-space-id="46433" job-space-path="QF_RDL/SMT-Temporal-Planning-Benchmarks" solver-id="1257" solver-name="CVC4 f7118b2"/>
<JobPair bench-id="407981" bench-name="tempo-depth-3.smt2" config-id="1815" config-name="default" job-space-id="46433" job-space-path="QF_RDL/SMT-Temporal-Planning-Benchmarks" solver-id="1286" solver-name="Z3-4.3.2.a054b099c1d6-x64-debian-6.0.6-SMT-COMP-2014"/>
<JobPair bench-id="407904" bench-name="yn1_850.smt2" config-id="1778" config-name="default" job-space-id="46432" job-space-path="QF_RDL/scheduling" solver-id="1257" solver-name="CVC4 f7118b2"/>
<JobPair bench-id="407904" bench-name="yn1_850.smt2" config-id="1815" config-name="default" job-space-id="46432" job-space-path="QF_RDL/scheduling" solver-id="1286" solver-name="Z3-4.3.2.a054b099c1d6-x64-debian-6.0.6-SMT-COMP-2014"/>
<JobPair bench-id="407982" bench-name="tempo-depth-4.smt2" config-id="1778" config-name="default" job-space-id="46433" job-space-path="QF_RDL/SMT-Temporal-Planning-Benchmarks" solver-id="1257" solver-name="CVC4 f7118b2"/>
<JobPair bench-id="407982" bench-name="tempo-depth-4.smt2" config-id="1815" config-name="default" job-space-id="46433" job-space-path="QF_RDL/SMT-Temporal-Planning-Benchmarks" solver-id="1286" solver-name="Z3-4.3.2.a054b099c1d6-x64-debian-6.0.6-SMT-COMP-2014"/>
<JobPair bench-id="407905" bench-name="yn1_887.smt2" config-id="1778" config-name="default" job-space-id="46432" job-space-path="QF_RDL/scheduling" solver-id="1257" solver-name="CVC4 f7118b2"/>
<JobPair bench-id="407905" bench-name="yn1_887.smt2" config-id="1815" config-name="default" job-space-id="46432" job-space-path="QF_RDL/scheduling" solver-id="1286" solver-name="Z3-4.3.2.a054b099c1d6-x64-debian-6.0.6-SMT-COMP-2014"/>
<JobPair bench-id="407983" bench-name="tempo-depth-5.smt2" config-id="1778" config-name="default" job-space-id="46433" job-space-path="QF_RDL/SMT-Temporal-Planning-Benchmarks" solver-id="1257" solver-name="CVC4 f7118b2"/>
<JobPair bench-id="407983" bench-name="tempo-depth-5.smt2" config-id="1815" config-name="default" job-space-id="46433" job-space-path="QF_RDL/SMT-Temporal-Planning-Benchmarks" solver-id="1286" solver-name="Z3-4.3.2.a054b099c1d6-x64-debian-6.0.6-SMT-COMP-2014"/>
<JobPair bench-id="407908" bench-name="yn2_862.smt2" config-id="1778" config-name="default" job-space-id="46432" job-space-path="QF_RDL/scheduling" solver-id="1257" solver-name="CVC4 f7118b2"/>
<JobPair bench-id="407908" bench-name="yn2_862.smt2" config-id="1815" config-name="default" job-space-id="46432" job-space-path="QF_RDL/scheduling" solver-id="1286" solver-name="Z3-4.3.2.a054b099c1d6-x64-debian-6.0.6-SMT-COMP-2014"/>
<JobPair bench-id="407984" bench-name="tempo-depth-6.smt2" config-id="1778" config-name="default" job-space-id="46433" job-space-path="QF_RDL/SMT-Temporal-Planning-Benchmarks" solver-id="1257" solver-name="CVC4 f7118b2"/>
<JobPair bench-id="407984" bench-name="tempo-depth-6.smt2" config-id="1815" config-name="default" job-space-id="46433" job-space-path="QF_RDL/SMT-Temporal-Planning-Benchmarks" solver-id="1286" solver-name="Z3-4.3.2.a054b099c1d6-x64-debian-6.0.6-SMT-COMP-2014"/>
<JobPair bench-id="407909" bench-name="yn2_890.smt2" config-id="1778" config-name="default" job-space-id="46432" job-space-path="QF_RDL/scheduling" solver-id="1257" solver-name="CVC4 f7118b2"/>
<JobPair bench-id="407909" bench-name="yn2_890.smt2" config-id="1815" config-name="default" job-space-id="46432" job-space-path="QF_RDL/scheduling" solver-id="1286" solver-name="Z3-4.3.2.a054b099c1d6-x64-debian-6.0.6-SMT-COMP-2014"/>
<JobPair bench-id="407985" bench-name="tempo-depth-7.smt2" config-id="1778" config-name="default" job-space-id="46433" job-space-path="QF_RDL/SMT-Temporal-Planning-Benchmarks" solver-id="1257" solver-name="CVC4 f7118b2"/>
<JobPair bench-id="407985" bench-name="tempo-depth-7.smt2" config-id="1815" config-name="default" job-space-id="46433" job-space-path="QF_RDL/SMT-Temporal-Planning-Benchmarks" solver-id="1286" solver-name="Z3-4.3.2.a054b099c1d6-x64-debian-6.0.6-SMT-COMP-2014"/>
<JobPair bench-id="407910" bench-name="yn2_910.smt2" config-id="1778" config-name="default" job-space-id="46432" job-space-path="QF_RDL/scheduling" solver-id="1257" solver-name="CVC4 f7118b2"/>
<JobPair bench-id="407910" bench-name="yn2_910.smt2" config-id="1815" config-name="default" job-space-id="46432" job-space-path="QF_RDL/scheduling" solver-id="1286" solver-name="Z3-4.3.2.a054b099c1d6-x64-debian-6.0.6-SMT-COMP-2014"/>
<JobPair bench-id="407986" bench-name="tempo-matrix1x1.pddl.smt2" config-id="1778" config-name="default" job-space-id="46433" job-space-path="QF_RDL/SMT-Temporal-Planning-Benchmarks" solver-id="1257" solver-name="CVC4 f7118b2"/>
<JobPair bench-id="407986" bench-name="tempo-matrix1x1.pddl.smt2" config-id="1815" config-name="default" job-space-id="46433" job-space-path="QF_RDL/SMT-Temporal-Planning-Benchmarks" solver-id="1286" solver-name="Z3-4.3.2.a054b099c1d6-x64-debian-6.0.6-SMT-COMP-2014"/>
<JobPair bench-id="407914" bench-name="yn3_860.smt2" config-id="1778" config-name="default" job-space-id="46432" job-space-path="QF_RDL/scheduling" solver-id="1257" solver-name="CVC4 f7118b2"/>
<JobPair bench-id="407914" bench-name="yn3_860.smt2" config-id="1815" config-name="default" job-space-id="46432" job-space-path="QF_RDL/scheduling" solver-id="1286" solver-name="Z3-4.3.2.a054b099c1d6-x64-debian-6.0.6-SMT-COMP-2014"/>
<JobPair bench-id="407987" bench-name="tempo-matrix2x2.pddl.smt2" config-id="1778" config-name="default" job-space-id="46433" job-space-path="QF_RDL/SMT-Temporal-Planning-Benchmarks" solver-id="1257" solver-name="CVC4 f7118b2"/>
<JobPair bench-id="407987" bench-name="tempo-matrix2x2.pddl.smt2" config-id="1815" config-name="default" job-space-id="46433" job-space-path="QF_RDL/SMT-Temporal-Planning-Benchmarks" solver-id="1286" solver-name="Z3-4.3.2.a054b099c1d6-x64-debian-6.0.6-SMT-COMP-2014"/>
<JobPair bench-id="407915" bench-name="yn3_894.smt2" config-id="1778" config-name="default" job-space-id="46432" job-space-path="QF_RDL/scheduling" solver-id="1257" solver-name="CVC4 f7118b2"/>
<JobPair bench-id="407915" bench-name="yn3_894.smt2" config-id="1815" config-name="default" job-space-id="46432" job-space-path="QF_RDL/scheduling" solver-id="1286" solver-name="Z3-4.3.2.a054b099c1d6-x64-debian-6.0.6-SMT-COMP-2014"/>
<JobPair bench-id="407988" bench-name="tempo-width-1.smt2" config-id="1778" config-name="default" job-space-id="46433" job-space-path="QF_RDL/SMT-Temporal-Planning-Benchmarks" solver-id="1257" solver-name="CVC4 f7118b2"/>
<JobPair bench-id="407988" bench-name="tempo-width-1.smt2" config-id="1815" config-name="default" job-space-id="46433" job-space-path="QF_RDL/SMT-Temporal-Planning-Benchmarks" solver-id="1286" solver-name="Z3-4.3.2.a054b099c1d6-x64-debian-6.0.6-SMT-COMP-2014"/>
<JobPair bench-id="407917" bench-name="yn4_1000.smt2" config-id="1778" config-name="default" job-space-id="46432" job-space-path="QF_RDL/scheduling" solver-id="1257" solver-name="CVC4 f7118b2"/>
<JobPair bench-id="407917" bench-name="yn4_1000.smt2" config-id="1815" config-name="default" job-space-id="46432" job-space-path="QF_RDL/scheduling" solver-id="1286" solver-name="Z3-4.3.2.a054b099c1d6-x64-debian-6.0.6-SMT-COMP-2014"/>
<JobPair bench-id="407989" bench-name="tempo-width-2.smt2" config-id="1778" config-name="default" job-space-id="46433" job-space-path="QF_RDL/SMT-Temporal-Planning-Benchmarks" solver-id="1257" solver-name="CVC4 f7118b2"/>
<JobPair bench-id="407989" bench-name="tempo-width-2.smt2" config-id="1815" config-name="default" job-space-id="46433" job-space-path="QF_RDL/SMT-Temporal-Planning-Benchmarks" solver-id="1286" solver-name="Z3-4.3.2.a054b099c1d6-x64-debian-6.0.6-SMT-COMP-2014"/>
<JobPair bench-id="407919" bench-name="yn4_919.smt2" config-id="1778" config-name="default" job-space-id="46432" job-space-path="QF_RDL/scheduling" solver-id="1257" solver-name="CVC4 f7118b2"/>
<JobPair bench-id="407919" bench-name="yn4_919.smt2" config-id="1815" config-name="default" job-space-id="46432" job-space-path="QF_RDL/scheduling" solver-id="1286" solver-name="Z3-4.3.2.a054b099c1d6-x64-debian-6.0.6-SMT-COMP-2014"/>
<JobPair bench-id="407990" bench-name="tempo-width-3.smt2" config-id="1778" config-name="default" job-space-id="46433" job-space-path="QF_RDL/SMT-Temporal-Planning-Benchmarks" solver-id="1257" solver-name="CVC4 f7118b2"/>
<JobPair bench-id="407990" bench-name="tempo-width-3.smt2" config-id="1815" config-name="default" job-space-id="46433" job-space-path="QF_RDL/SMT-Temporal-Planning-Benchmarks" solver-id="1286" solver-name="Z3-4.3.2.a054b099c1d6-x64-debian-6.0.6-SMT-COMP-2014"/>
<JobPair bench-id="407920" bench-name="yn4_950.smt2" config-id="1778" config-name="default" job-space-id="46432" job-space-path="QF_RDL/scheduling" solver-id="1257" solver-name="CVC4 f7118b2"/>
<JobPair bench-id="407920" bench-name="yn4_950.smt2" config-id="1815" config-name="default" job-space-id="46432" job-space-path="QF_RDL/scheduling" solver-id="1286" solver-name="Z3-4.3.2.a054b099c1d6-x64-debian-6.0.6-SMT-COMP-2014"/>
<JobPair bench-id="407991" bench-name="tempo-width-4.smt2" config-id="1778" config-name="default" job-space-id="46433" job-space-path="QF_RDL/SMT-Temporal-Planning-Benchmarks" solver-id="1257" solver-name="CVC4 f7118b2"/>
<JobPair bench-id="407991" bench-name="tempo-width-4.smt2" config-id="1815" config-name="default" job-space-id="46433" job-space-path="QF_RDL/SMT-Temporal-Planning-Benchmarks" solver-id="1286" solver-name="Z3-4.3.2.a054b099c1d6-x64-debian-6.0.6-SMT-COMP-2014"/>
<JobPair bench-id="407921" bench-name="yn4_969.smt2" config-id="1778" config-name="default" job-space-id="46432" job-space-path="QF_RDL/scheduling" solver-id="1257" solver-name="CVC4 f7118b2"/>
<JobPair bench-id="407921" bench-name="yn4_969.smt2" config-id="1815" config-name="default" job-space-id="46432" job-space-path="QF_RDL/scheduling" solver-id="1286" solver-name="Z3-4.3.2.a054b099c1d6-x64-debian-6.0.6-SMT-COMP-2014"/>
<JobPair bench-id="407992" bench-name="tempo-width-5.smt2" config-id="1778" config-name="default" job-space-id="46433" job-space-path="QF_RDL/SMT-Temporal-Planning-Benchmarks" solver-id="1257" solver-name="CVC4 f7118b2"/>
<JobPair bench-id="407992" bench-name="tempo-width-5.smt2" config-id="1815" config-name="default" job-space-id="46433" job-space-path="QF_RDL/SMT-Temporal-Planning-Benchmarks" solver-id="1286" solver-name="Z3-4.3.2.a054b099c1d6-x64-debian-6.0.6-SMT-COMP-2014"/>
<JobPair bench-id="407993" bench-name="tempo-width-6.smt2" config-id="1778" config-name="default" job-space-id="46433" job-space-path="QF_RDL/SMT-Temporal-Planning-Benchmarks" solver-id="1257" solver-name="CVC4 f7118b2"/>
<JobPair bench-id="407993" bench-name="tempo-width-6.smt2" config-id="1815" config-name="default" job-space-id="46433" job-space-path="QF_RDL/SMT-Temporal-Planning-Benchmarks" solver-id="1286" solver-name="Z3-4.3.2.a054b099c1d6-x64-debian-6.0.6-SMT-COMP-2014"/>
<JobPair bench-id="407994" bench-name="tms-2-3-light-03.smt2" config-id="1778" config-name="default" job-space-id="46433" job-space-path="QF_RDL/SMT-Temporal-Planning-Benchmarks" solver-id="1257" solver-name="CVC4 f7118b2"/>
<JobPair bench-id="407994" bench-name="tms-2-3-light-03.smt2" config-id="1815" config-name="default" job-space-id="46433" job-space-path="QF_RDL/SMT-Temporal-Planning-Benchmarks" solver-id="1286" solver-name="Z3-4.3.2.a054b099c1d6-x64-debian-6.0.6-SMT-COMP-2014"/>
<JobPair bench-id="407995" bench-name="tms-2-3-light-04.smt2" config-id="1778" config-name="default" job-space-id="46433" job-space-path="QF_RDL/SMT-Temporal-Planning-Benchmarks" solver-id="1257" solver-name="CVC4 f7118b2"/>
<JobPair bench-id="407995" bench-name="tms-2-3-light-04.smt2" config-id="1815" config-name="default" job-space-id="46433" job-space-path="QF_RDL/SMT-Temporal-Planning-Benchmarks" solver-id="1286" solver-name="Z3-4.3.2.a054b099c1d6-x64-debian-6.0.6-SMT-COMP-2014"/>
<JobPair bench-id="407996" bench-name="tms-2-3-light-05.smt2" config-id="1778" config-name="default" job-space-id="46433" job-space-path="QF_RDL/SMT-Temporal-Planning-Benchmarks" solver-id="1257" solver-name="CVC4 f7118b2"/>
<JobPair bench-id="407996" bench-name="tms-2-3-light-05.smt2" config-id="1815" config-name="default" job-space-id="46433" job-space-path="QF_RDL/SMT-Temporal-Planning-Benchmarks" solver-id="1286" solver-name="Z3-4.3.2.a054b099c1d6-x64-debian-6.0.6-SMT-COMP-2014"/>
<JobPair bench-id="407997" bench-name="tms-2-3-light-06.smt2" config-id="1778" config-name="default" job-space-id="46433" job-space-path="QF_RDL/SMT-Temporal-Planning-Benchmarks" solver-id="1257" solver-name="CVC4 f7118b2"/>
<JobPair bench-id="407997" bench-name="tms-2-3-light-06.smt2" config-id="1815" config-name="default" job-space-id="46433" job-space-path="QF_RDL/SMT-Temporal-Planning-Benchmarks" solver-id="1286" solver-name="Z3-4.3.2.a054b099c1d6-x64-debian-6.0.6-SMT-COMP-2014"/>
<JobPair bench-id="407998" bench-name="tms-2-3-light-07.smt2" config-id="1778" config-name="default" job-space-id="46433" job-space-path="QF_RDL/SMT-Temporal-Planning-Benchmarks" solver-id="1257" solver-name="CVC4 f7118b2"/>
<JobPair bench-id="407998" bench-name="tms-2-3-light-07.smt2" config-id="1815" config-name="default" job-space-id="46433" job-space-path="QF_RDL/SMT-Temporal-Planning-Benchmarks" solver-id="1286" solver-name="Z3-4.3.2.a054b099c1d6-x64-debian-6.0.6-SMT-COMP-2014"/>
<JobPair bench-id="407999" bench-name="tms-2-3-light-08.smt2" config-id="1778" config-name="default" job-space-id="46433" job-space-path="QF_RDL/SMT-Temporal-Planning-Benchmarks" solver-id="1257" solver-name="CVC4 f7118b2"/>
<JobPair bench-id="407999" bench-name="tms-2-3-light-08.smt2" config-id="1815" config-name="default" job-space-id="46433" job-space-path="QF_RDL/SMT-Temporal-Planning-Benchmarks" solver-id="1286" solver-name="Z3-4.3.2.a054b099c1d6-x64-debian-6.0.6-SMT-COMP-2014"/>
<JobPair bench-id="408000" bench-name="tms-2-3-light-09.smt2" config-id="1778" config-name="default" job-space-id="46433" job-space-path="QF_RDL/SMT-Temporal-Planning-Benchmarks" solver-id="1257" solver-name="CVC4 f7118b2"/>
<JobPair bench-id="408000" bench-name="tms-2-3-light-09.smt2" config-id="1815" config-name="default" job-space-id="46433" job-space-path="QF_RDL/SMT-Temporal-Planning-Benchmarks" solver-id="1286" solver-name="Z3-4.3.2.a054b099c1d6-x64-debian-6.0.6-SMT-COMP-2014"/>
<JobPair bench-id="408001" bench-name="tms-2-3-light-10.smt2" config-id="1778" config-name="default" job-space-id="46433" job-space-path="QF_RDL/SMT-Temporal-Planning-Benchmarks" solver-id="1257" solver-name="CVC4 f7118b2"/>
<JobPair bench-id="408001" bench-name="tms-2-3-light-10.smt2" config-id="1815" config-name="default" job-space-id="46433" job-space-path="QF_RDL/SMT-Temporal-Planning-Benchmarks" solver-id="1286" solver-name="Z3-4.3.2.a054b099c1d6-x64-debian-6.0.6-SMT-COMP-2014"/>
<JobPair bench-id="408002" bench-name="tms-2-3-light-20.smt2" config-id="1778" config-name="default" job-space-id="46433" job-space-path="QF_RDL/SMT-Temporal-Planning-Benchmarks" solver-id="1257" solver-name="CVC4 f7118b2"/>
<JobPair bench-id="408002" bench-name="tms-2-3-light-20.smt2" config-id="1815" config-name="default" job-space-id="46433" job-space-path="QF_RDL/SMT-Temporal-Planning-Benchmarks" solver-id="1286" solver-name="Z3-4.3.2.a054b099c1d6-x64-debian-6.0.6-SMT-COMP-2014"/>
<JobPair bench-id="408003" bench-name="tms-2-3-light-30.smt2" config-id="1778" config-name="default" job-space-id="46433" job-space-path="QF_RDL/SMT-Temporal-Planning-Benchmarks" solver-id="1257" solver-name="CVC4 f7118b2"/>
<JobPair bench-id="408003" bench-name="tms-2-3-light-30.smt2" config-id="1815" config-name="default" job-space-id="46433" job-space-path="QF_RDL/SMT-Temporal-Planning-Benchmarks" solver-id="1286" solver-name="Z3-4.3.2.a054b099c1d6-x64-debian-6.0.6-SMT-COMP-2014"/>
<JobPair bench-id="408004" bench-name="tms-2-3-light-40.smt2" config-id="1778" config-name="default" job-space-id="46433" job-space-path="QF_RDL/SMT-Temporal-Planning-Benchmarks" solver-id="1257" solver-name="CVC4 f7118b2"/>
<JobPair bench-id="408004" bench-name="tms-2-3-light-40.smt2" config-id="1815" config-name="default" job-space-id="46433" job-space-path="QF_RDL/SMT-Temporal-Planning-Benchmarks" solver-id="1286" solver-name="Z3-4.3.2.a054b099c1d6-x64-debian-6.0.6-SMT-COMP-2014"/>
<JobPair bench-id="408005" bench-name="tms-2-3-light-60.smt2" config-id="1778" config-name="default" job-space-id="46433" job-space-path="QF_RDL/SMT-Temporal-Planning-Benchmarks" solver-id="1257" solver-name="CVC4 f7118b2"/>
<JobPair bench-id="408005" bench-name="tms-2-3-light-60.smt2" config-id="1815" config-name="default" job-space-id="46433" job-space-path="QF_RDL/SMT-Temporal-Planning-Benchmarks" solver-id="1286" solver-name="Z3-4.3.2.a054b099c1d6-x64-debian-6.0.6-SMT-COMP-2014"/>
<JobPair bench-id="408006" bench-name="tms-2-3-light-70.smt2" config-id="1778" config-name="default" job-space-id="46433" job-space-path="QF_RDL/SMT-Temporal-Planning-Benchmarks" solver-id="1257" solver-name="CVC4 f7118b2"/>
<JobPair bench-id="408006" bench-name="tms-2-3-light-70.smt2" config-id="1815" config-name="default" job-space-id="46433" job-space-path="QF_RDL/SMT-Temporal-Planning-Benchmarks" solver-id="1286" solver-name="Z3-4.3.2.a054b099c1d6-x64-debian-6.0.6-SMT-COMP-2014"/>
<JobPair bench-id="408007" bench-name="tms-2-3-light-80.smt2" config-id="1778" config-name="default" job-space-id="46433" job-space-path="QF_RDL/SMT-Temporal-Planning-Benchmarks" solver-id="1257" solver-name="CVC4 f7118b2"/>
<JobPair bench-id="408007" bench-name="tms-2-3-light-80.smt2" config-id="1815" config-name="default" job-space-id="46433" job-space-path="QF_RDL/SMT-Temporal-Planning-Benchmarks" solver-id="1286" solver-name="Z3-4.3.2.a054b099c1d6-x64-debian-6.0.6-SMT-COMP-2014"/>
<JobPair bench-id="408008" bench-name="tms-2-3-light-90.smt2" config-id="1778" config-name="default" job-space-id="46433" job-space-path="QF_RDL/SMT-Temporal-Planning-Benchmarks" solver-id="1257" solver-name="CVC4 f7118b2"/>
<JobPair bench-id="408008" bench-name="tms-2-3-light-90.smt2" config-id="1815" config-name="default" job-space-id="46433" job-space-path="QF_RDL/SMT-Temporal-Planning-Benchmarks" solver-id="1286" solver-name="Z3-4.3.2.a054b099c1d6-x64-debian-6.0.6-SMT-COMP-2014"/>
</Job>
</tns:Jobs>
