pair id,benchmark,benchmark id,solver,solver id,configuration,configuration id,status,cpu time,wallclock time,memory usage,result,expected
21847100,UFBV/wintersteiger/fmsd13/ranking/audio_ac97_rtstream.cpp.smt2,892816,CVC4 f7118b2,1257,default,1778,complete,0.0,0.0,0.0,starexec-unknown,unknown
21847101,UFBV/wintersteiger/fmsd13/ranking/audio_ac97_rtstream.cpp.smt2,892816,Z3-4.3.2.a054b099c1d6-x64-debian-6.0.6-SMT-COMP-2014,1286,default,1815,complete,0.015997,0.0378199,0.0,sat,unknown
21847104,UFBV/wintersteiger/fmsd13/ranking/network_ndis_coisdn_TpiParam.c.smt2,892817,CVC4 f7118b2,1257,default,1778,complete,0.0,0.0,0.0,starexec-unknown,unknown
21847105,UFBV/wintersteiger/fmsd13/ranking/network_ndis_coisdn_TpiParam.c.smt2,892817,Z3-4.3.2.a054b099c1d6-x64-debian-6.0.6-SMT-COMP-2014,1286,default,1815,complete,0.033994,0.0459621,0.0,sat,unknown
21847108,UFBV/wintersteiger/fmsd13/ranking/ir_smscir_io.c.smt2,892818,CVC4 f7118b2,1257,default,1778,complete,0.0,0.0,0.0,starexec-unknown,unknown
21847109,UFBV/wintersteiger/fmsd13/ranking/ir_smscir_io.c.smt2,892818,Z3-4.3.2.a054b099c1d6-x64-debian-6.0.6-SMT-COMP-2014,1286,default,1815,complete,0.0,0.0,0.0,starexec-unknown,unknown
21847112,UFBV/wintersteiger/fmsd13/ranking/audio_fmsynth_miniport2.cpp.smt2,892819,CVC4 f7118b2,1257,default,1778,complete,0.0,0.0,0.0,starexec-unknown,unknown
21847113,UFBV/wintersteiger/fmsd13/ranking/audio_fmsynth_miniport2.cpp.smt2,892819,Z3-4.3.2.a054b099c1d6-x64-debian-6.0.6-SMT-COMP-2014,1286,default,1815,complete,0.013997,0.0377609,0.0,sat,unknown
21847116,UFBV/wintersteiger/fmsd13/ranking/input_mouser_detect.c.smt2,892820,CVC4 f7118b2,1257,default,1778,complete,0.012997,0.0403839,0.0,sat,unknown
21847117,UFBV/wintersteiger/fmsd13/ranking/input_mouser_detect.c.smt2,892820,Z3-4.3.2.a054b099c1d6-x64-debian-6.0.6-SMT-COMP-2014,1286,default,1815,complete,0.008997,0.0208991,0.0,sat,unknown
21847120,UFBV/wintersteiger/fmsd13/ranking/filesys_fastfat_allocsup.c.smt2,892821,CVC4 f7118b2,1257,default,1778,complete,16.5995,16.6285,302876.0,starexec-unknown,unknown
21847121,UFBV/wintersteiger/fmsd13/ranking/filesys_fastfat_allocsup.c.smt2,892821,Z3-4.3.2.a054b099c1d6-x64-debian-6.0.6-SMT-COMP-2014,1286,default,1815,complete,0.012997,0.0438109,0.0,sat,unknown
21847124,UFBV/wintersteiger/fmsd13/ranking/audio_ddksynth_csynth2.cpp.smt2,892822,CVC4 f7118b2,1257,default,1778,complete,0.0,0.0,0.0,starexec-unknown,unknown
21847125,UFBV/wintersteiger/fmsd13/ranking/audio_ddksynth_csynth2.cpp.smt2,892822,Z3-4.3.2.a054b099c1d6-x64-debian-6.0.6-SMT-COMP-2014,1286,default,1815,complete,0.011997,0.0401299,0.0,sat,unknown
21847128,UFBV/wintersteiger/fmsd13/ranking/network_trans_sys_notify.c.smt2,892823,CVC4 f7118b2,1257,default,1778,complete,100.597,100.596,421988.0,unsat,unknown
21847129,UFBV/wintersteiger/fmsd13/ranking/network_trans_sys_notify.c.smt2,892823,Z3-4.3.2.a054b099c1d6-x64-debian-6.0.6-SMT-COMP-2014,1286,default,1815,complete,3.61645,3.62564,263352.0,unsat,unknown
21847132,UFBV/wintersteiger/fmsd13/ranking/kernel_agplib_intrface.c.smt2,892824,CVC4 f7118b2,1257,default,1778,complete,4.46432,4.49323,286876.0,starexec-unknown,unknown
21847133,UFBV/wintersteiger/fmsd13/ranking/kernel_agplib_intrface.c.smt2,892824,Z3-4.3.2.a054b099c1d6-x64-debian-6.0.6-SMT-COMP-2014,1286,default,1815,complete,0.011997,0.022675,0.0,sat,unknown
21847136,UFBV/wintersteiger/fmsd13/ranking/audio_ac97_wavepcistream.cpp.smt2,892825,CVC4 f7118b2,1257,default,1778,complete,0.0,0.0,0.0,starexec-unknown,unknown
21847137,UFBV/wintersteiger/fmsd13/ranking/audio_ac97_wavepcistream.cpp.smt2,892825,Z3-4.3.2.a054b099c1d6-x64-debian-6.0.6-SMT-COMP-2014,1286,default,1815,complete,3346.83,3345.44,498108.0,unsat,unknown
21847140,UFBV/wintersteiger/fmsd13/ranking/kmdf_AMCC5933_sys_S5933DK1.c.smt2,892826,CVC4 f7118b2,1257,default,1778,complete,16.5015,16.5432,285100.0,starexec-unknown,unknown
21847141,UFBV/wintersteiger/fmsd13/ranking/kmdf_AMCC5933_sys_S5933DK1.c.smt2,892826,Z3-4.3.2.a054b099c1d6-x64-debian-6.0.6-SMT-COMP-2014,1286,default,1815,complete,0.128979,0.138468,106092.0,sat,unknown
21847144,UFBV/wintersteiger/fmsd13/ranking/filesys_cdfs_allocsup.c.smt2,892827,CVC4 f7118b2,1257,default,1778,complete,0.0,0.0,0.0,starexec-unknown,unknown
21847145,UFBV/wintersteiger/fmsd13/ranking/filesys_cdfs_allocsup.c.smt2,892827,Z3-4.3.2.a054b099c1d6-x64-debian-6.0.6-SMT-COMP-2014,1286,default,1815,complete,0.0,0.0,0.0,starexec-unknown,unknown
21847148,UFBV/wintersteiger/fmsd13/ranking/input_mouser_cseries.c.smt2,892828,CVC4 f7118b2,1257,default,1778,complete,0.0,0.0,0.0,starexec-unknown,unknown
21847149,UFBV/wintersteiger/fmsd13/ranking/input_mouser_cseries.c.smt2,892828,Z3-4.3.2.a054b099c1d6-x64-debian-6.0.6-SMT-COMP-2014,1286,default,1815,complete,0.0,0.0,0.0,starexec-unknown,unknown
21847152,UFBV/wintersteiger/fmsd13/ranking/mmedia_gsm610_gsm6103.c.smt2,892829,CVC4 f7118b2,1257,default,1778,complete,100.618,100.609,431040.0,unsat,unknown
21847153,UFBV/wintersteiger/fmsd13/ranking/mmedia_gsm610_gsm6103.c.smt2,892829,Z3-4.3.2.a054b099c1d6-x64-debian-6.0.6-SMT-COMP-2014,1286,default,1815,complete,1.20082,1.20875,257848.0,unsat,unknown
21847156,UFBV/wintersteiger/fmsd13/ranking/mmedia_gsm610_gsm610.c.smt2,892830,CVC4 f7118b2,1257,default,1778,complete,0.0,0.0,0.0,starexec-unknown,unknown
21847157,UFBV/wintersteiger/fmsd13/ranking/mmedia_gsm610_gsm610.c.smt2,892830,Z3-4.3.2.a054b099c1d6-x64-debian-6.0.6-SMT-COMP-2014,1286,default,1815,complete,0.161975,0.171445,106092.0,sat,unknown
21847160,UFBV/wintersteiger/fmsd13/ranking/filesys_cdfs_namesup_noarray.c.smt2,892831,CVC4 f7118b2,1257,default,1778,complete,0.0,0.0,0.0,starexec-unknown,unknown
21847161,UFBV/wintersteiger/fmsd13/ranking/filesys_cdfs_namesup_noarray.c.smt2,892831,Z3-4.3.2.a054b099c1d6-x64-debian-6.0.6-SMT-COMP-2014,1286,default,1815,complete,5.83311,5.84114,285264.0,unsat,unknown
21847164,UFBV/wintersteiger/fmsd13/ranking/kmdf_osrusbfx2_exe_dump.c.smt2,892832,CVC4 f7118b2,1257,default,1778,complete,0.0,0.0,0.0,starexec-unknown,unknown
21847165,UFBV/wintersteiger/fmsd13/ranking/kmdf_osrusbfx2_exe_dump.c.smt2,892832,Z3-4.3.2.a054b099c1d6-x64-debian-6.0.6-SMT-COMP-2014,1286,default,1815,complete,4.25035,4.2562,257484.0,unsat,unknown
21847168,UFBV/wintersteiger/fmsd13/ranking/hid_hclient_ecdisp.c.smt2,892833,CVC4 f7118b2,1257,default,1778,complete,0.0,0.0,0.0,starexec-unknown,unknown
21847169,UFBV/wintersteiger/fmsd13/ranking/hid_hclient_ecdisp.c.smt2,892833,Z3-4.3.2.a054b099c1d6-x64-debian-6.0.6-SMT-COMP-2014,1286,default,1815,complete,0.052991,0.061777,0.0,sat,unknown
21847172,UFBV/wintersteiger/fmsd13/ranking/filesys_fastfat_cachesup.c.smt2,892834,CVC4 f7118b2,1257,default,1778,complete,0.0,0.0,0.0,starexec-unknown,unknown
21847173,UFBV/wintersteiger/fmsd13/ranking/filesys_fastfat_cachesup.c.smt2,892834,Z3-4.3.2.a054b099c1d6-x64-debian-6.0.6-SMT-COMP-2014,1286,default,1815,complete,0.013997,0.0355791,0.0,sat,unknown
21847176,UFBV/wintersteiger/fmsd13/ranking/filesys_smbmrx_smbxchng.c.smt2,892835,CVC4 f7118b2,1257,default,1778,complete,0.167973,0.195472,106092.0,starexec-unknown,unknown
21847177,UFBV/wintersteiger/fmsd13/ranking/filesys_smbmrx_smbxchng.c.smt2,892835,Z3-4.3.2.a054b099c1d6-x64-debian-6.0.6-SMT-COMP-2014,1286,default,1815,complete,0.58591,0.593715,106092.0,unsat,unknown
21847180,UFBV/wintersteiger/fmsd13/ranking/audio_ac97_common.cpp.smt2,892836,CVC4 f7118b2,1257,default,1778,complete,0.0,0.0,0.0,starexec-unknown,unknown
21847181,UFBV/wintersteiger/fmsd13/ranking/audio_ac97_common.cpp.smt2,892836,Z3-4.3.2.a054b099c1d6-x64-debian-6.0.6-SMT-COMP-2014,1286,default,1815,complete,0.104983,0.112335,106092.0,sat,unknown
21847184,UFBV/wintersteiger/fmsd13/ranking/audio_gfxswap.xp_filter.cpp.smt2,892837,CVC4 f7118b2,1257,default,1778,complete,0.0,0.0,0.0,starexec-unknown,unknown
21847185,UFBV/wintersteiger/fmsd13/ranking/audio_gfxswap.xp_filter.cpp.smt2,892837,Z3-4.3.2.a054b099c1d6-x64-debian-6.0.6-SMT-COMP-2014,1286,default,1815,complete,2.00369,2.01056,251780.0,unsat,unknown
21847188,UFBV/wintersteiger/fmsd13/ranking/kmdf_pcidrv_sys_hw_physet.c.smt2,892838,CVC4 f7118b2,1257,default,1778,complete,40.7108,40.7061,346724.0,sat,unknown
21847189,UFBV/wintersteiger/fmsd13/ranking/kmdf_pcidrv_sys_hw_physet.c.smt2,892838,Z3-4.3.2.a054b099c1d6-x64-debian-6.0.6-SMT-COMP-2014,1286,default,1815,complete,0.008997,0.017387,0.0,sat,unknown
21847192,UFBV/wintersteiger/fmsd13/ranking/filesys_cdfs_namesup2.c.smt2,892839,CVC4 f7118b2,1257,default,1778,complete,14.5138,14.5389,344212.0,starexec-unknown,unknown
21847193,UFBV/wintersteiger/fmsd13/ranking/filesys_cdfs_namesup2.c.smt2,892839,Z3-4.3.2.a054b099c1d6-x64-debian-6.0.6-SMT-COMP-2014,1286,default,1815,complete,0.011997,0.0205061,0.0,sat,unknown
21847196,UFBV/wintersteiger/fmsd13/ranking/general_pcidrv_sys_hw_eeprom2.c.smt2,892840,CVC4 f7118b2,1257,default,1778,complete,96.7893,96.8093,305868.0,starexec-unknown,unknown
21847197,UFBV/wintersteiger/fmsd13/ranking/general_pcidrv_sys_hw_eeprom2.c.smt2,892840,Z3-4.3.2.a054b099c1d6-x64-debian-6.0.6-SMT-COMP-2014,1286,default,1815,complete,0.026995,0.035629,106092.0,sat,unknown
21847200,UFBV/wintersteiger/fmsd13/ranking/network_ndis_rtlnwifi_extsta_st_misc.c.smt2,892841,CVC4 f7118b2,1257,default,1778,complete,0.180971,0.206557,106092.0,starexec-unknown,unknown
21847201,UFBV/wintersteiger/fmsd13/ranking/network_ndis_rtlnwifi_extsta_st_misc.c.smt2,892841,Z3-4.3.2.a054b099c1d6-x64-debian-6.0.6-SMT-COMP-2014,1286,default,1815,complete,0.0,0.0,0.0,starexec-unknown,unknown
21847204,UFBV/wintersteiger/fmsd13/ranking/1394diag_isochapi.c.smt2,892842,CVC4 f7118b2,1257,default,1778,complete,0.0,0.0,0.0,starexec-unknown,unknown
21847205,UFBV/wintersteiger/fmsd13/ranking/1394diag_isochapi.c.smt2,892842,Z3-4.3.2.a054b099c1d6-x64-debian-6.0.6-SMT-COMP-2014,1286,default,1815,complete,0.05599,0.0665059,106092.0,sat,unknown
21847208,UFBV/wintersteiger/fmsd13/ranking/input_pnpi8042_moudep.c.smt2,892843,CVC4 f7118b2,1257,default,1778,complete,0.0,0.0,0.0,starexec-unknown,unknown
21847209,UFBV/wintersteiger/fmsd13/ranking/input_pnpi8042_moudep.c.smt2,892843,Z3-4.3.2.a054b099c1d6-x64-debian-6.0.6-SMT-COMP-2014,1286,default,1815,complete,0.053991,0.0547999,106092.0,sat,unknown
21847212,UFBV/wintersteiger/fmsd13/ranking/audio_fmsynth_miniport.cpp.smt2,892844,CVC4 f7118b2,1257,default,1778,complete,3.57346,3.61103,275520.0,starexec-unknown,unknown
21847213,UFBV/wintersteiger/fmsd13/ranking/audio_fmsynth_miniport.cpp.smt2,892844,Z3-4.3.2.a054b099c1d6-x64-debian-6.0.6-SMT-COMP-2014,1286,default,1815,complete,0.012997,0.0214661,0.0,sat,unknown
21847216,UFBV/wintersteiger/fmsd13/ranking/general_toaster_exe_notify_notify.c.smt2,892845,CVC4 f7118b2,1257,default,1778,complete,0.0,0.0,0.0,starexec-unknown,unknown
21847217,UFBV/wintersteiger/fmsd13/ranking/general_toaster_exe_notify_notify.c.smt2,892845,Z3-4.3.2.a054b099c1d6-x64-debian-6.0.6-SMT-COMP-2014,1286,default,1815,complete,0.015997,0.024102,106092.0,sat,unknown
21847220,UFBV/wintersteiger/fmsd13/ranking/kmdf_usbsamp_sys_queue.c.smt2,892846,CVC4 f7118b2,1257,default,1778,complete,0.0,0.0,0.0,starexec-unknown,unknown
21847221,UFBV/wintersteiger/fmsd13/ranking/kmdf_usbsamp_sys_queue.c.smt2,892846,Z3-4.3.2.a054b099c1d6-x64-debian-6.0.6-SMT-COMP-2014,1286,default,1815,complete,0.0,0.0,0.0,starexec-unknown,unknown
21847224,UFBV/wintersteiger/fmsd13/ranking/audio_sysfx_swap.cpp.smt2,892847,CVC4 f7118b2,1257,default,1778,complete,0.0,0.0,0.0,starexec-unknown,unknown
21847225,UFBV/wintersteiger/fmsd13/ranking/audio_sysfx_swap.cpp.smt2,892847,Z3-4.3.2.a054b099c1d6-x64-debian-6.0.6-SMT-COMP-2014,1286,default,1815,complete,0.014997,0.0272819,0.0,sat,unknown
21847228,UFBV/wintersteiger/fmsd13/ranking/network_ndis_rtlnwifi_hw_hw_ccmp.c.smt2,892848,CVC4 f7118b2,1257,default,1778,complete,0.0,0.0,0.0,starexec-unknown,unknown
21847229,UFBV/wintersteiger/fmsd13/ranking/network_ndis_rtlnwifi_hw_hw_ccmp.c.smt2,892848,Z3-4.3.2.a054b099c1d6-x64-debian-6.0.6-SMT-COMP-2014,1286,default,1815,complete,0.022995,0.0346859,0.0,sat,unknown
21847232,UFBV/wintersteiger/fmsd13/ranking/filesys_fastfat_easup.c.smt2,892849,CVC4 f7118b2,1257,default,1778,complete,0.0,0.0,0.0,starexec-unknown,unknown
21847233,UFBV/wintersteiger/fmsd13/ranking/filesys_fastfat_easup.c.smt2,892849,Z3-4.3.2.a054b099c1d6-x64-debian-6.0.6-SMT-COMP-2014,1286,default,1815,complete,0.030995,0.0316989,0.0,sat,unknown
21847236,UFBV/wintersteiger/fmsd13/ranking/filesys_cdfs_cddata.c.smt2,892850,CVC4 f7118b2,1257,default,1778,complete,0.0,0.0,0.0,starexec-unknown,unknown
21847237,UFBV/wintersteiger/fmsd13/ranking/filesys_cdfs_cddata.c.smt2,892850,Z3-4.3.2.a054b099c1d6-x64-debian-6.0.6-SMT-COMP-2014,1286,default,1815,complete,0.014997,0.0275321,0.0,sat,unknown
21847240,UFBV/wintersteiger/fmsd13/ranking/audio_ddksynth_csynth.cpp.smt2,892851,CVC4 f7118b2,1257,default,1778,complete,0.0,0.0,0.0,starexec-unknown,unknown
21847241,UFBV/wintersteiger/fmsd13/ranking/audio_ddksynth_csynth.cpp.smt2,892851,Z3-4.3.2.a054b099c1d6-x64-debian-6.0.6-SMT-COMP-2014,1286,default,1815,complete,0.045992,0.0467081,106092.0,unsat,unknown
21847244,UFBV/wintersteiger/fmsd13/ranking/AVStream_image.cpp.smt2,892852,CVC4 f7118b2,1257,default,1778,complete,41.2517,41.2888,527660.0,starexec-unknown,unknown
21847245,UFBV/wintersteiger/fmsd13/ranking/AVStream_image.cpp.smt2,892852,Z3-4.3.2.a054b099c1d6-x64-debian-6.0.6-SMT-COMP-2014,1286,default,1815,complete,0.021995,0.0300741,0.0,sat,unknown
21847248,UFBV/wintersteiger/fmsd13/ranking/network_ndis_rtlnwifi_extsta_st_aplst.c.smt2,892853,CVC4 f7118b2,1257,default,1778,complete,0.0,0.0,0.0,starexec-unknown,unknown
21847249,UFBV/wintersteiger/fmsd13/ranking/network_ndis_rtlnwifi_extsta_st_aplst.c.smt2,892853,Z3-4.3.2.a054b099c1d6-x64-debian-6.0.6-SMT-COMP-2014,1286,default,1815,complete,0.0,0.0,0.0,starexec-unknown,unknown
21847252,UFBV/wintersteiger/fmsd13/ranking/kmdf_osrusbfx2_exe_testapp.c.smt2,892854,CVC4 f7118b2,1257,default,1778,complete,0.0,0.0,0.0,starexec-unknown,unknown
21847253,UFBV/wintersteiger/fmsd13/ranking/kmdf_osrusbfx2_exe_testapp.c.smt2,892854,Z3-4.3.2.a054b099c1d6-x64-debian-6.0.6-SMT-COMP-2014,1286,default,1815,complete,3.45447,3.46642,250132.0,unsat,unknown
21847256,UFBV/wintersteiger/fmsd13/ranking/mmedia_gsm610_gsm6102.c.smt2,892855,CVC4 f7118b2,1257,default,1778,complete,100.537,100.53,450320.0,unsat,unknown
21847257,UFBV/wintersteiger/fmsd13/ranking/mmedia_gsm610_gsm6102.c.smt2,892855,Z3-4.3.2.a054b099c1d6-x64-debian-6.0.6-SMT-COMP-2014,1286,default,1815,complete,0.007997,0.017116,0.0,unsat,unknown
21847260,UFBV/wintersteiger/fmsd13/ranking/audio_ac97_wavepcistream3.cpp.smt2,892856,CVC4 f7118b2,1257,default,1778,complete,634.751,634.717,571052.0,unsat,unknown
21847261,UFBV/wintersteiger/fmsd13/ranking/audio_ac97_wavepcistream3.cpp.smt2,892856,Z3-4.3.2.a054b099c1d6-x64-debian-6.0.6-SMT-COMP-2014,1286,default,1815,complete,3.2815,3.28777,311256.0,unsat,unknown
21847264,UFBV/wintersteiger/fmsd13/ranking/audio_ddksynth_voice.cpp.smt2,892857,CVC4 f7118b2,1257,default,1778,complete,0.0,0.0,0.0,starexec-unknown,unknown
21847265,UFBV/wintersteiger/fmsd13/ranking/audio_ddksynth_voice.cpp.smt2,892857,Z3-4.3.2.a054b099c1d6-x64-debian-6.0.6-SMT-COMP-2014,1286,default,1815,complete,0.019996,0.0316079,0.0,unsat,unknown
21847268,UFBV/wintersteiger/fmsd13/ranking/filesys_filter_namelookup.c.smt2,892858,CVC4 f7118b2,1257,default,1778,complete,0.0,0.0,0.0,starexec-unknown,unknown
21847269,UFBV/wintersteiger/fmsd13/ranking/filesys_filter_namelookup.c.smt2,892858,Z3-4.3.2.a054b099c1d6-x64-debian-6.0.6-SMT-COMP-2014,1286,default,1815,complete,0.014997,0.028486,106092.0,sat,unknown
21847272,UFBV/wintersteiger/fmsd13/ranking/network_usbnwifi_mp_util.c.smt2,892859,CVC4 f7118b2,1257,default,1778,complete,0.181972,0.209168,106092.0,starexec-unknown,unknown
21847273,UFBV/wintersteiger/fmsd13/ranking/network_usbnwifi_mp_util.c.smt2,892859,Z3-4.3.2.a054b099c1d6-x64-debian-6.0.6-SMT-COMP-2014,1286,default,1815,complete,22.9555,22.9747,272048.0,unsat,unknown
21847276,UFBV/wintersteiger/fmsd13/ranking/hid_firefly_app_firefly.cpp.smt2,892860,CVC4 f7118b2,1257,default,1778,complete,0.0,0.0,0.0,starexec-unknown,unknown
21847277,UFBV/wintersteiger/fmsd13/ranking/hid_firefly_app_firefly.cpp.smt2,892860,Z3-4.3.2.a054b099c1d6-x64-debian-6.0.6-SMT-COMP-2014,1286,default,1815,complete,2845.15,2844.26,507656.0,sat,unknown
21847280,UFBV/wintersteiger/fmsd13/ranking/network_irda_miniport_nscirda_settings.c.smt2,892861,CVC4 f7118b2,1257,default,1778,complete,0.0,0.0,0.0,starexec-unknown,unknown
21847281,UFBV/wintersteiger/fmsd13/ranking/network_irda_miniport_nscirda_settings.c.smt2,892861,Z3-4.3.2.a054b099c1d6-x64-debian-6.0.6-SMT-COMP-2014,1286,default,1815,complete,7.65783,7.66469,251420.0,unsat,unknown
21847284,UFBV/wintersteiger/fmsd13/ranking/1394diag_ioctl.c.smt2,892862,CVC4 f7118b2,1257,default,1778,complete,0.0,0.0,0.0,starexec-unknown,unknown
21847285,UFBV/wintersteiger/fmsd13/ranking/1394diag_ioctl.c.smt2,892862,Z3-4.3.2.a054b099c1d6-x64-debian-6.0.6-SMT-COMP-2014,1286,default,1815,complete,0.0,0.0,0.0,starexec-unknown,unknown
21847288,UFBV/wintersteiger/fmsd13/ranking/kmdf_pcidrv_sys_hw_nic_init.c.smt2,892863,CVC4 f7118b2,1257,default,1778,complete,0.0,0.0,0.0,starexec-unknown,unknown
21847289,UFBV/wintersteiger/fmsd13/ranking/kmdf_pcidrv_sys_hw_nic_init.c.smt2,892863,Z3-4.3.2.a054b099c1d6-x64-debian-6.0.6-SMT-COMP-2014,1286,default,1815,complete,0.072988,0.084337,106092.0,sat,unknown
21847292,UFBV/wintersteiger/fmsd13/ranking/filesys_smbmrx_cvsndrcv.c.smt2,892864,CVC4 f7118b2,1257,default,1778,complete,0.812876,0.828309,106092.0,unsat,unknown
21847293,UFBV/wintersteiger/fmsd13/ranking/filesys_smbmrx_cvsndrcv.c.smt2,892864,Z3-4.3.2.a054b099c1d6-x64-debian-6.0.6-SMT-COMP-2014,1286,default,1815,complete,0.108983,0.117607,106092.0,unsat,unknown
21847296,UFBV/wintersteiger/fmsd13/ranking/network_ndis_e100bex_5x_kd_mp_dbg.c.smt2,892865,CVC4 f7118b2,1257,default,1778,complete,0.0,0.0,0.0,starexec-unknown,unknown
21847297,UFBV/wintersteiger/fmsd13/ranking/network_ndis_e100bex_5x_kd_mp_dbg.c.smt2,892865,Z3-4.3.2.a054b099c1d6-x64-debian-6.0.6-SMT-COMP-2014,1286,default,1815,complete,4.5783,4.58616,367696.0,sat,unknown
21847300,UFBV/wintersteiger/fmsd13/ranking/audio_dmusuart_mpu.cpp.smt2,892866,CVC4 f7118b2,1257,default,1778,complete,0.0,0.0,0.0,starexec-unknown,unknown
21847301,UFBV/wintersteiger/fmsd13/ranking/audio_dmusuart_mpu.cpp.smt2,892866,Z3-4.3.2.a054b099c1d6-x64-debian-6.0.6-SMT-COMP-2014,1286,default,1815,complete,0.068988,0.081341,106092.0,sat,unknown
21847304,UFBV/wintersteiger/fmsd13/ranking/mmedia_imaadpcm_imaadpcm.c.smt2,892867,CVC4 f7118b2,1257,default,1778,complete,0.0,0.0,0.0,starexec-unknown,unknown
21847305,UFBV/wintersteiger/fmsd13/ranking/mmedia_imaadpcm_imaadpcm.c.smt2,892867,Z3-4.3.2.a054b099c1d6-x64-debian-6.0.6-SMT-COMP-2014,1286,default,1815,complete,0.0,0.0,0.0,starexec-unknown,unknown
21847308,UFBV/wintersteiger/fmsd13/ranking/audio_ac97_wavepcistream2.cpp.smt2,892868,CVC4 f7118b2,1257,default,1778,complete,0.0,0.0,0.0,starexec-unknown,unknown
21847309,UFBV/wintersteiger/fmsd13/ranking/audio_ac97_wavepcistream2.cpp.smt2,892868,Z3-4.3.2.a054b099c1d6-x64-debian-6.0.6-SMT-COMP-2014,1286,default,1815,complete,0.101984,0.103161,106092.0,unsat,unknown
21847312,UFBV/wintersteiger/fmsd13/ranking/filesys_fastfat_write.c.smt2,892869,CVC4 f7118b2,1257,default,1778,complete,0.0,0.0,0.0,starexec-unknown,unknown
21847313,UFBV/wintersteiger/fmsd13/ranking/filesys_fastfat_write.c.smt2,892869,Z3-4.3.2.a054b099c1d6-x64-debian-6.0.6-SMT-COMP-2014,1286,default,1815,complete,0.0,0.0,0.0,starexec-unknown,unknown
21847316,UFBV/wintersteiger/fmsd13/ranking/kernel_agplib_init.c.smt2,892870,CVC4 f7118b2,1257,default,1778,complete,40.8768,40.8876,409444.0,sat,unknown
21847317,UFBV/wintersteiger/fmsd13/ranking/kernel_agplib_init.c.smt2,892870,Z3-4.3.2.a054b099c1d6-x64-debian-6.0.6-SMT-COMP-2014,1286,default,1815,complete,0.010997,0.0150301,0.0,sat,unknown
21847320,UFBV/wintersteiger/fmsd13/ranking/AVStream_hwsim.cpp.smt2,892871,CVC4 f7118b2,1257,default,1778,complete,0.0,0.0,0.0,starexec-unknown,unknown
21847321,UFBV/wintersteiger/fmsd13/ranking/AVStream_hwsim.cpp.smt2,892871,Z3-4.3.2.a054b099c1d6-x64-debian-6.0.6-SMT-COMP-2014,1286,default,1815,complete,0.144977,0.146571,106092.0,sat,unknown
21847324,UFBV/wintersteiger/fmsd13/ranking/general_pcidrv_sys_hw_eeprom.c.smt2,892872,CVC4 f7118b2,1257,default,1778,complete,26.135,26.1452,368740.0,starexec-unknown,unknown
21847325,UFBV/wintersteiger/fmsd13/ranking/general_pcidrv_sys_hw_eeprom.c.smt2,892872,Z3-4.3.2.a054b099c1d6-x64-debian-6.0.6-SMT-COMP-2014,1286,default,1815,complete,2.27965,2.28008,248404.0,unsat,unknown
21847328,UFBV/wintersteiger/fmsd13/ranking/filesys_smbmrx_midatlas.c.smt2,892873,CVC4 f7118b2,1257,default,1778,complete,0.862868,0.881471,106092.0,starexec-unknown,unknown
21847329,UFBV/wintersteiger/fmsd13/ranking/filesys_smbmrx_midatlas.c.smt2,892873,Z3-4.3.2.a054b099c1d6-x64-debian-6.0.6-SMT-COMP-2014,1286,default,1815,complete,0.011997,0.0215659,0.0,unsat,unknown
21847332,UFBV/wintersteiger/fmsd13/ranking/kernel_uagp35_gart.c.smt2,892874,CVC4 f7118b2,1257,default,1778,complete,0.0,0.0,0.0,starexec-unknown,unknown
21847333,UFBV/wintersteiger/fmsd13/ranking/kernel_uagp35_gart.c.smt2,892874,Z3-4.3.2.a054b099c1d6-x64-debian-6.0.6-SMT-COMP-2014,1286,default,1815,complete,0.054991,0.066717,0.0,sat,unknown
21847336,UFBV/wintersteiger/fmsd13/ranking/network_irda_miniport_nscirda_comm.c.smt2,892875,CVC4 f7118b2,1257,default,1778,complete,0.0,0.0,0.0,starexec-unknown,unknown
21847337,UFBV/wintersteiger/fmsd13/ranking/network_irda_miniport_nscirda_comm.c.smt2,892875,Z3-4.3.2.a054b099c1d6-x64-debian-6.0.6-SMT-COMP-2014,1286,default,1815,complete,2.98055,2.99264,293212.0,unsat,unknown
21847098,UFBV/wintersteiger/fmsd13/fixpoint/small-synabs-fixpoint-2.smt2,892876,CVC4 f7118b2,1257,default,1778,complete,0.014997,0.0330169,0.0,unsat,unknown
21847099,UFBV/wintersteiger/fmsd13/fixpoint/small-synabs-fixpoint-2.smt2,892876,Z3-4.3.2.a054b099c1d6-x64-debian-6.0.6-SMT-COMP-2014,1286,default,1815,complete,0.006998,0.0310989,0.0,unsat,unknown
21847102,UFBV/wintersteiger/fmsd13/fixpoint/small-pipeline-fixpoint-3.smt2,892877,CVC4 f7118b2,1257,default,1778,complete,0.0,0.0,0.0,starexec-unknown,unknown
21847103,UFBV/wintersteiger/fmsd13/fixpoint/small-pipeline-fixpoint-3.smt2,892877,Z3-4.3.2.a054b099c1d6-x64-debian-6.0.6-SMT-COMP-2014,1286,default,1815,complete,0.041992,0.065037,106092.0,unsat,unknown
21847106,UFBV/wintersteiger/fmsd13/fixpoint/small-seq-fixpoint-2.smt2,892878,CVC4 f7118b2,1257,default,1778,complete,0.008998,0.0285719,0.0,unsat,unknown
21847107,UFBV/wintersteiger/fmsd13/fixpoint/small-seq-fixpoint-2.smt2,892878,Z3-4.3.2.a054b099c1d6-x64-debian-6.0.6-SMT-COMP-2014,1286,default,1815,complete,0.005998,0.0350289,0.0,unsat,unknown
21847110,UFBV/wintersteiger/fmsd13/fixpoint/small-swap1-fixpoint-7.smt2,892879,CVC4 f7118b2,1257,default,1778,complete,0.0,0.0,0.0,starexec-unknown,unknown
21847111,UFBV/wintersteiger/fmsd13/fixpoint/small-swap1-fixpoint-7.smt2,892879,Z3-4.3.2.a054b099c1d6-x64-debian-6.0.6-SMT-COMP-2014,1286,default,1815,complete,0.011997,0.0262671,0.0,sat,unknown
21847114,UFBV/wintersteiger/fmsd13/fixpoint/cache-coherence-3-fixpoint-2.smt2,892880,CVC4 f7118b2,1257,default,1778,complete,678.37,678.254,601904.0,starexec-unknown,unknown
21847115,UFBV/wintersteiger/fmsd13/fixpoint/cache-coherence-3-fixpoint-2.smt2,892880,Z3-4.3.2.a054b099c1d6-x64-debian-6.0.6-SMT-COMP-2014,1286,default,1815,complete,1.68174,1.69212,249236.0,unsat,unknown
21847118,UFBV/wintersteiger/fmsd13/fixpoint/itc-b13-fixpoint-10.smt2,892881,CVC4 f7118b2,1257,default,1778,complete,1301.3,1301.12,398588.0,starexec-unknown,unknown
21847119,UFBV/wintersteiger/fmsd13/fixpoint/itc-b13-fixpoint-10.smt2,892881,Z3-4.3.2.a054b099c1d6-x64-debian-6.0.6-SMT-COMP-2014,1286,default,1815,complete,1.49077,1.50374,245768.0,sat,unknown
21847122,UFBV/wintersteiger/fmsd13/fixpoint/small-dyn-partition-fixpoint-10.smt2,892882,CVC4 f7118b2,1257,default,1778,complete,43.9213,43.9372,257532.0,unsat,unknown
21847123,UFBV/wintersteiger/fmsd13/fixpoint/small-dyn-partition-fixpoint-10.smt2,892882,Z3-4.3.2.a054b099c1d6-x64-debian-6.0.6-SMT-COMP-2014,1286,default,1815,complete,0.023996,0.0351211,0.0,unsat,unknown
21847126,UFBV/wintersteiger/fmsd13/fixpoint/small-seq-fixpoint-1.smt2,892883,CVC4 f7118b2,1257,default,1778,complete,0.006998,0.0328101,0.0,unsat,unknown
21847127,UFBV/wintersteiger/fmsd13/fixpoint/small-seq-fixpoint-1.smt2,892883,Z3-4.3.2.a054b099c1d6-x64-debian-6.0.6-SMT-COMP-2014,1286,default,1815,complete,0.006998,0.023405,0.0,unsat,unknown
21847130,UFBV/wintersteiger/fmsd13/fixpoint/usb-phy-fixpoint-1.smt2,892884,CVC4 f7118b2,1257,default,1778,complete,649.75,649.682,371300.0,starexec-unknown,unknown
21847131,UFBV/wintersteiger/fmsd13/fixpoint/usb-phy-fixpoint-1.smt2,892884,Z3-4.3.2.a054b099c1d6-x64-debian-6.0.6-SMT-COMP-2014,1286,default,1815,complete,0.146977,0.157963,106092.0,unsat,unknown
21847134,UFBV/wintersteiger/fmsd13/fixpoint/small-seq-fixpoint-10.smt2,892885,CVC4 f7118b2,1257,default,1778,complete,0.12598,0.140272,106092.0,unsat,unknown
21847135,UFBV/wintersteiger/fmsd13/fixpoint/small-seq-fixpoint-10.smt2,892885,Z3-4.3.2.a054b099c1d6-x64-debian-6.0.6-SMT-COMP-2014,1286,default,1815,complete,0.010997,0.0225379,0.0,unsat,unknown
21847138,UFBV/wintersteiger/fmsd13/fixpoint/small-dyn-partition-fixpoint-9.smt2,892886,CVC4 f7118b2,1257,default,1778,complete,30.8333,30.8444,259180.0,unsat,unknown
21847139,UFBV/wintersteiger/fmsd13/fixpoint/small-dyn-partition-fixpoint-9.smt2,892886,Z3-4.3.2.a054b099c1d6-x64-debian-6.0.6-SMT-COMP-2014,1286,default,1815,complete,0.020996,0.03543,0.0,unsat,unknown
21847142,UFBV/wintersteiger/fmsd13/fixpoint/ethernet-fixpoint-3.smt2,892887,CVC4 f7118b2,1257,default,1778,complete,0.0,0.0,0.0,starexec-unknown,unknown
21847143,UFBV/wintersteiger/fmsd13/fixpoint/ethernet-fixpoint-3.smt2,892887,Z3-4.3.2.a054b099c1d6-x64-debian-6.0.6-SMT-COMP-2014,1286,default,1815,complete,4.52531,4.53154,256960.0,unsat,unknown
21847146,UFBV/wintersteiger/fmsd13/fixpoint/small-swap1-fixpoint-10.smt2,892888,CVC4 f7118b2,1257,default,1778,complete,0.0,0.0,0.0,starexec-unknown,unknown
21847147,UFBV/wintersteiger/fmsd13/fixpoint/small-swap1-fixpoint-10.smt2,892888,Z3-4.3.2.a054b099c1d6-x64-debian-6.0.6-SMT-COMP-2014,1286,default,1815,complete,0.017996,0.0287469,0.0,sat,unknown
21847150,UFBV/wintersteiger/fmsd13/fixpoint/usb-phy-fixpoint-4.smt2,892889,CVC4 f7118b2,1257,default,1778,complete,1190.23,1190.0,678036.0,starexec-unknown,unknown
21847151,UFBV/wintersteiger/fmsd13/fixpoint/usb-phy-fixpoint-4.smt2,892889,Z3-4.3.2.a054b099c1d6-x64-debian-6.0.6-SMT-COMP-2014,1286,default,1815,complete,4.04838,4.06058,256132.0,unsat,unknown
21847154,UFBV/wintersteiger/fmsd13/fixpoint/AR-fixpoint-4.smt2,892890,CVC4 f7118b2,1257,default,1778,complete,2.55161,2.55443,411324.0,unsat,unknown
21847155,UFBV/wintersteiger/fmsd13/fixpoint/AR-fixpoint-4.smt2,892890,Z3-4.3.2.a054b099c1d6-x64-debian-6.0.6-SMT-COMP-2014,1286,default,1815,complete,0.007998,0.0171461,0.0,unsat,unknown
21847158,UFBV/wintersteiger/fmsd13/fixpoint/small-equiv-fixpoint-1.smt2,892891,CVC4 f7118b2,1257,default,1778,complete,0.0,0.0,0.0,starexec-unknown,unknown
21847159,UFBV/wintersteiger/fmsd13/fixpoint/small-equiv-fixpoint-1.smt2,892891,Z3-4.3.2.a054b099c1d6-x64-debian-6.0.6-SMT-COMP-2014,1286,default,1815,complete,0.006998,0.015441,0.0,sat,unknown
21847162,UFBV/wintersteiger/fmsd13/fixpoint/small-pipeline-fixpoint-10.smt2,892892,CVC4 f7118b2,1257,default,1778,complete,0.0,0.0,0.0,starexec-unknown,unknown
21847163,UFBV/wintersteiger/fmsd13/fixpoint/small-pipeline-fixpoint-10.smt2,892892,Z3-4.3.2.a054b099c1d6-x64-debian-6.0.6-SMT-COMP-2014,1286,default,1815,complete,0.0,0.0,0.0,starexec-unknown,unknown
21847166,UFBV/wintersteiger/fmsd13/fixpoint/small-swap1-fixpoint-2.smt2,892893,CVC4 f7118b2,1257,default,1778,complete,0.0,0.0,0.0,starexec-unknown,unknown
21847167,UFBV/wintersteiger/fmsd13/fixpoint/small-swap1-fixpoint-2.smt2,892893,Z3-4.3.2.a054b099c1d6-x64-debian-6.0.6-SMT-COMP-2014,1286,default,1815,complete,0.006998,0.015255,0.0,sat,unknown
21847170,UFBV/wintersteiger/fmsd13/fixpoint/cache-coherence-3-fixpoint-3.smt2,892894,CVC4 f7118b2,1257,default,1778,complete,926.128,926.122,932592.0,starexec-unknown,unknown
21847171,UFBV/wintersteiger/fmsd13/fixpoint/cache-coherence-3-fixpoint-3.smt2,892894,Z3-4.3.2.a054b099c1d6-x64-debian-6.0.6-SMT-COMP-2014,1286,default,1815,complete,4.00839,4.01538,258064.0,unsat,unknown
21847174,UFBV/wintersteiger/fmsd13/fixpoint/AR-fixpoint-10.smt2,892895,CVC4 f7118b2,1257,default,1778,complete,9.66853,9.67489,725116.0,unsat,unknown
21847175,UFBV/wintersteiger/fmsd13/fixpoint/AR-fixpoint-10.smt2,892895,Z3-4.3.2.a054b099c1d6-x64-debian-6.0.6-SMT-COMP-2014,1286,default,1815,complete,0.013997,0.0224611,0.0,unsat,unknown
21847178,UFBV/wintersteiger/fmsd13/fixpoint/AR-fixpoint-7.smt2,892896,CVC4 f7118b2,1257,default,1778,complete,5.96309,5.96587,578208.0,unsat,unknown
21847179,UFBV/wintersteiger/fmsd13/fixpoint/AR-fixpoint-7.smt2,892896,Z3-4.3.2.a054b099c1d6-x64-debian-6.0.6-SMT-COMP-2014,1286,default,1815,complete,0.010997,0.0216591,0.0,unsat,unknown
21847182,UFBV/wintersteiger/fmsd13/fixpoint/sdlx-fixpoint-6.smt2,892897,CVC4 f7118b2,1257,default,1778,complete,7599.78,7596.8,313076.0,starexec-unknown,unknown
21847183,UFBV/wintersteiger/fmsd13/fixpoint/sdlx-fixpoint-6.smt2,892897,Z3-4.3.2.a054b099c1d6-x64-debian-6.0.6-SMT-COMP-2014,1286,default,1815,complete,0.0,0.0,0.0,starexec-unknown,unknown
21847186,UFBV/wintersteiger/fmsd13/fixpoint/small-synabs-fixpoint-10.smt2,892898,CVC4 f7118b2,1257,default,1778,complete,0.151976,0.163565,106092.0,unsat,unknown
21847187,UFBV/wintersteiger/fmsd13/fixpoint/small-synabs-fixpoint-10.smt2,892898,Z3-4.3.2.a054b099c1d6-x64-debian-6.0.6-SMT-COMP-2014,1286,default,1815,complete,0.021996,0.0308631,106092.0,unsat,unknown
21847190,UFBV/wintersteiger/fmsd13/fixpoint/small-bug1-fixpoint-7.smt2,892899,CVC4 f7118b2,1257,default,1778,complete,122.805,122.818,331768.0,sat,unknown
21847191,UFBV/wintersteiger/fmsd13/fixpoint/small-bug1-fixpoint-7.smt2,892899,Z3-4.3.2.a054b099c1d6-x64-debian-6.0.6-SMT-COMP-2014,1286,default,1815,complete,0.015997,0.0268759,0.0,sat,unknown
21847194,UFBV/wintersteiger/fmsd13/fixpoint/small-bug1-fixpoint-2.smt2,892900,CVC4 f7118b2,1257,default,1778,complete,0.183971,0.18936,106092.0,sat,unknown
21847195,UFBV/wintersteiger/fmsd13/fixpoint/small-bug1-fixpoint-2.smt2,892900,Z3-4.3.2.a054b099c1d6-x64-debian-6.0.6-SMT-COMP-2014,1286,default,1815,complete,0.007997,0.0167969,0.0,sat,unknown
21847198,UFBV/wintersteiger/fmsd13/fixpoint/small-dyn-partition-fixpoint-8.smt2,892901,CVC4 f7118b2,1257,default,1778,complete,24.9142,24.9397,262312.0,unsat,unknown
21847199,UFBV/wintersteiger/fmsd13/fixpoint/small-dyn-partition-fixpoint-8.smt2,892901,Z3-4.3.2.a054b099c1d6-x64-debian-6.0.6-SMT-COMP-2014,1286,default,1815,complete,0.016996,0.0183389,0.0,unsat,unknown
21847202,UFBV/wintersteiger/fmsd13/fixpoint/small-swap2-fixpoint-2.smt2,892902,CVC4 f7118b2,1257,default,1778,complete,0.007998,0.0194569,0.0,unsat,unknown
21847203,UFBV/wintersteiger/fmsd13/fixpoint/small-swap2-fixpoint-2.smt2,892902,Z3-4.3.2.a054b099c1d6-x64-debian-6.0.6-SMT-COMP-2014,1286,default,1815,complete,0.005998,0.00771002,0.0,unsat,unknown
21847206,UFBV/wintersteiger/fmsd13/fixpoint/small-synabs-fixpoint-7.smt2,892903,CVC4 f7118b2,1257,default,1778,complete,0.076988,0.0798251,106092.0,unsat,unknown
21847207,UFBV/wintersteiger/fmsd13/fixpoint/small-synabs-fixpoint-7.smt2,892903,Z3-4.3.2.a054b099c1d6-x64-debian-6.0.6-SMT-COMP-2014,1286,default,1815,complete,0.014997,0.0161049,0.0,unsat,unknown
21847210,UFBV/wintersteiger/fmsd13/fixpoint/cache-coherence-2-fixpoint-4.smt2,892904,CVC4 f7118b2,1257,default,1778,complete,1101.13,1100.94,790084.0,starexec-unknown,unknown
21847211,UFBV/wintersteiger/fmsd13/fixpoint/cache-coherence-2-fixpoint-4.smt2,892904,Z3-4.3.2.a054b099c1d6-x64-debian-6.0.6-SMT-COMP-2014,1286,default,1815,complete,3.2935,3.30761,253200.0,unsat,unknown
21847214,UFBV/wintersteiger/fmsd13/fixpoint/small-swap2-fixpoint-3.smt2,892905,CVC4 f7118b2,1257,default,1778,complete,0.010997,0.022102,0.0,sat,unknown
21847215,UFBV/wintersteiger/fmsd13/fixpoint/small-swap2-fixpoint-3.smt2,892905,Z3-4.3.2.a054b099c1d6-x64-debian-6.0.6-SMT-COMP-2014,1286,default,1815,complete,0.007998,0.018151,0.0,sat,unknown
21847218,UFBV/wintersteiger/fmsd13/fixpoint/small-equiv-fixpoint-6.smt2,892906,CVC4 f7118b2,1257,default,1778,complete,0.0,0.0,0.0,starexec-unknown,unknown
21847219,UFBV/wintersteiger/fmsd13/fixpoint/small-equiv-fixpoint-6.smt2,892906,Z3-4.3.2.a054b099c1d6-x64-debian-6.0.6-SMT-COMP-2014,1286,default,1815,complete,0.0,0.0,0.0,starexec-unknown,unknown
21847222,UFBV/wintersteiger/fmsd13/fixpoint/small-synabs-fixpoint-6.smt2,892907,CVC4 f7118b2,1257,default,1778,complete,0.059989,0.073486,106092.0,unsat,unknown
21847223,UFBV/wintersteiger/fmsd13/fixpoint/small-synabs-fixpoint-6.smt2,892907,Z3-4.3.2.a054b099c1d6-x64-debian-6.0.6-SMT-COMP-2014,1286,default,1815,complete,0.013997,0.024631,0.0,unsat,unknown
21847226,UFBV/wintersteiger/fmsd13/fixpoint/small-pipeline-fixpoint-6.smt2,892908,CVC4 f7118b2,1257,default,1778,complete,0.0,0.0,0.0,starexec-unknown,unknown
21847227,UFBV/wintersteiger/fmsd13/fixpoint/small-pipeline-fixpoint-6.smt2,892908,Z3-4.3.2.a054b099c1d6-x64-debian-6.0.6-SMT-COMP-2014,1286,default,1815,complete,0.0,0.0,0.0,starexec-unknown,unknown
21847230,UFBV/wintersteiger/fmsd13/fixpoint/small-bug1-fixpoint-3.smt2,892909,CVC4 f7118b2,1257,default,1778,complete,4.6233,4.63765,272820.0,sat,unknown
21847231,UFBV/wintersteiger/fmsd13/fixpoint/small-bug1-fixpoint-3.smt2,892909,Z3-4.3.2.a054b099c1d6-x64-debian-6.0.6-SMT-COMP-2014,1286,default,1815,complete,0.008997,0.0193219,0.0,sat,unknown
21847234,UFBV/wintersteiger/fmsd13/fixpoint/itc-b13-fixpoint-5.smt2,892910,CVC4 f7118b2,1257,default,1778,complete,510.977,510.907,409108.0,starexec-unknown,unknown
21847235,UFBV/wintersteiger/fmsd13/fixpoint/itc-b13-fixpoint-5.smt2,892910,Z3-4.3.2.a054b099c1d6-x64-debian-6.0.6-SMT-COMP-2014,1286,default,1815,complete,0.382941,0.383576,106092.0,sat,unknown
21847238,UFBV/wintersteiger/fmsd13/fixpoint/small-bug1-fixpoint-10.smt2,892911,CVC4 f7118b2,1257,default,1778,complete,0.0,0.0,0.0,starexec-unknown,unknown
21847239,UFBV/wintersteiger/fmsd13/fixpoint/small-bug1-fixpoint-10.smt2,892911,Z3-4.3.2.a054b099c1d6-x64-debian-6.0.6-SMT-COMP-2014,1286,default,1815,complete,0.023995,0.0347639,0.0,sat,unknown
21847242,UFBV/wintersteiger/fmsd13/fixpoint/sdlx-fixpoint-9.smt2,892912,CVC4 f7118b2,1257,default,1778,complete,0.0,0.0,0.0,starexec-unknown,unknown
21847243,UFBV/wintersteiger/fmsd13/fixpoint/sdlx-fixpoint-9.smt2,892912,Z3-4.3.2.a054b099c1d6-x64-debian-6.0.6-SMT-COMP-2014,1286,default,1815,complete,0.0,0.0,0.0,starexec-unknown,unknown
21847246,UFBV/wintersteiger/fmsd13/fixpoint/small-bug1-fixpoint-1.smt2,892913,CVC4 f7118b2,1257,default,1778,complete,0.020995,0.0376679,0.0,sat,unknown
21847247,UFBV/wintersteiger/fmsd13/fixpoint/small-bug1-fixpoint-1.smt2,892913,Z3-4.3.2.a054b099c1d6-x64-debian-6.0.6-SMT-COMP-2014,1286,default,1815,complete,0.005998,0.0144831,0.0,sat,unknown
21847250,UFBV/wintersteiger/fmsd13/fixpoint/small-pipeline-fixpoint-8.smt2,892914,CVC4 f7118b2,1257,default,1778,complete,0.0,0.0,0.0,starexec-unknown,unknown
21847251,UFBV/wintersteiger/fmsd13/fixpoint/small-pipeline-fixpoint-8.smt2,892914,Z3-4.3.2.a054b099c1d6-x64-debian-6.0.6-SMT-COMP-2014,1286,default,1815,complete,0.0,0.0,0.0,starexec-unknown,unknown
21847254,UFBV/wintersteiger/fmsd13/fixpoint/small-swap1-fixpoint-5.smt2,892915,CVC4 f7118b2,1257,default,1778,complete,0.0,0.0,0.0,starexec-unknown,unknown
21847255,UFBV/wintersteiger/fmsd13/fixpoint/small-swap1-fixpoint-5.smt2,892915,Z3-4.3.2.a054b099c1d6-x64-debian-6.0.6-SMT-COMP-2014,1286,default,1815,complete,0.008997,0.0193289,0.0,sat,unknown
21847258,UFBV/wintersteiger/fmsd13/fixpoint/ethernet-fixpoint-2.smt2,892916,CVC4 f7118b2,1257,default,1778,complete,598.524,598.419,639024.0,unsat,unknown
21847259,UFBV/wintersteiger/fmsd13/fixpoint/ethernet-fixpoint-2.smt2,892916,Z3-4.3.2.a054b099c1d6-x64-debian-6.0.6-SMT-COMP-2014,1286,default,1815,complete,1.80572,1.82285,249044.0,unsat,unknown
21847262,UFBV/wintersteiger/fmsd13/fixpoint/small-pipeline-fixpoint-4.smt2,892917,CVC4 f7118b2,1257,default,1778,complete,0.0,0.0,0.0,starexec-unknown,unknown
21847263,UFBV/wintersteiger/fmsd13/fixpoint/small-pipeline-fixpoint-4.smt2,892917,Z3-4.3.2.a054b099c1d6-x64-debian-6.0.6-SMT-COMP-2014,1286,default,1815,complete,0.0,0.0,0.0,starexec-unknown,unknown
21847266,UFBV/wintersteiger/fmsd13/fixpoint/small-equiv-fixpoint-10.smt2,892918,CVC4 f7118b2,1257,default,1778,complete,0.0,0.0,0.0,starexec-unknown,unknown
21847267,UFBV/wintersteiger/fmsd13/fixpoint/small-equiv-fixpoint-10.smt2,892918,Z3-4.3.2.a054b099c1d6-x64-debian-6.0.6-SMT-COMP-2014,1286,default,1815,complete,0.0,0.0,0.0,starexec-unknown,unknown
21847270,UFBV/wintersteiger/fmsd13/fixpoint/small-swap2-fixpoint-1.smt2,892919,CVC4 f7118b2,1257,default,1778,complete,0.006998,0.017496,106092.0,unsat,unknown
21847271,UFBV/wintersteiger/fmsd13/fixpoint/small-swap2-fixpoint-1.smt2,892919,Z3-4.3.2.a054b099c1d6-x64-debian-6.0.6-SMT-COMP-2014,1286,default,1815,complete,0.005998,0.0145421,0.0,unsat,unknown
21847274,UFBV/wintersteiger/fmsd13/fixpoint/small-pipeline-fixpoint-1.smt2,892920,CVC4 f7118b2,1257,default,1778,complete,0.0,0.0,0.0,starexec-unknown,unknown
21847275,UFBV/wintersteiger/fmsd13/fixpoint/small-pipeline-fixpoint-1.smt2,892920,Z3-4.3.2.a054b099c1d6-x64-debian-6.0.6-SMT-COMP-2014,1286,default,1815,complete,0.009998,0.0243351,0.0,unsat,unknown
21847278,UFBV/wintersteiger/fmsd13/fixpoint/pi-bus-fixpoint-1.smt2,892921,CVC4 f7118b2,1257,default,1778,complete,679.239,679.2,418160.0,starexec-unknown,unknown
21847279,UFBV/wintersteiger/fmsd13/fixpoint/pi-bus-fixpoint-1.smt2,892921,Z3-4.3.2.a054b099c1d6-x64-debian-6.0.6-SMT-COMP-2014,1286,default,1815,complete,0.376941,0.388354,106092.0,unsat,unknown
21847282,UFBV/wintersteiger/fmsd13/fixpoint/small-swap2-fixpoint-5.smt2,892922,CVC4 f7118b2,1257,default,1778,complete,0.018996,0.0293401,0.0,sat,unknown
21847283,UFBV/wintersteiger/fmsd13/fixpoint/small-swap2-fixpoint-5.smt2,892922,Z3-4.3.2.a054b099c1d6-x64-debian-6.0.6-SMT-COMP-2014,1286,default,1815,complete,0.008997,0.016953,0.0,sat,unknown
21847286,UFBV/wintersteiger/fmsd13/fixpoint/itc-b13-fixpoint-3.smt2,892923,CVC4 f7118b2,1257,default,1778,complete,495.84,495.763,659592.0,starexec-unknown,unknown
21847287,UFBV/wintersteiger/fmsd13/fixpoint/itc-b13-fixpoint-3.smt2,892923,Z3-4.3.2.a054b099c1d6-x64-debian-6.0.6-SMT-COMP-2014,1286,default,1815,complete,0.141978,0.152379,106092.0,sat,unknown
21847290,UFBV/wintersteiger/fmsd13/fixpoint/itc-b13-fixpoint-7.smt2,892924,CVC4 f7118b2,1257,default,1778,complete,591.799,591.705,346752.0,starexec-unknown,unknown
21847291,UFBV/wintersteiger/fmsd13/fixpoint/itc-b13-fixpoint-7.smt2,892924,Z3-4.3.2.a054b099c1d6-x64-debian-6.0.6-SMT-COMP-2014,1286,default,1815,complete,0.742886,0.755501,106092.0,sat,unknown
21847294,UFBV/wintersteiger/fmsd13/fixpoint/small-synabs-fixpoint-8.smt2,892925,CVC4 f7118b2,1257,default,1778,complete,0.099984,0.111594,106092.0,unsat,unknown
21847295,UFBV/wintersteiger/fmsd13/fixpoint/small-synabs-fixpoint-8.smt2,892925,Z3-4.3.2.a054b099c1d6-x64-debian-6.0.6-SMT-COMP-2014,1286,default,1815,complete,0.017997,0.026195,0.0,unsat,unknown
21847298,UFBV/wintersteiger/fmsd13/fixpoint/small-dyn-partition-fixpoint-3.smt2,892926,CVC4 f7118b2,1257,default,1778,complete,0.596909,0.602868,106092.0,unsat,unknown
21847299,UFBV/wintersteiger/fmsd13/fixpoint/small-dyn-partition-fixpoint-3.smt2,892926,Z3-4.3.2.a054b099c1d6-x64-debian-6.0.6-SMT-COMP-2014,1286,default,1815,complete,0.007998,0.009262,0.0,unsat,unknown
21847302,UFBV/wintersteiger/fmsd13/fixpoint/small-swap2-fixpoint-7.smt2,892927,CVC4 f7118b2,1257,default,1778,complete,0.029995,0.040486,0.0,sat,unknown
21847303,UFBV/wintersteiger/fmsd13/fixpoint/small-swap2-fixpoint-7.smt2,892927,Z3-4.3.2.a054b099c1d6-x64-debian-6.0.6-SMT-COMP-2014,1286,default,1815,complete,0.009997,0.0189489,0.0,sat,unknown
21847306,UFBV/wintersteiger/fmsd13/fixpoint/small-dyn-partition-fixpoint-7.smt2,892928,CVC4 f7118b2,1257,default,1778,complete,22.2176,22.2357,269288.0,unsat,unknown
21847307,UFBV/wintersteiger/fmsd13/fixpoint/small-dyn-partition-fixpoint-7.smt2,892928,Z3-4.3.2.a054b099c1d6-x64-debian-6.0.6-SMT-COMP-2014,1286,default,1815,complete,0.015997,0.02382,106092.0,unsat,unknown
21847310,UFBV/wintersteiger/fmsd13/fixpoint/AR-fixpoint-2.smt2,892929,CVC4 f7118b2,1257,default,1778,complete,0.008998,0.0210319,0.0,unsat,unknown
21847311,UFBV/wintersteiger/fmsd13/fixpoint/AR-fixpoint-2.smt2,892929,Z3-4.3.2.a054b099c1d6-x64-debian-6.0.6-SMT-COMP-2014,1286,default,1815,complete,0.007998,0.016251,0.0,unsat,unknown
21847314,UFBV/wintersteiger/fmsd13/fixpoint/small-equiv-fixpoint-9.smt2,892930,CVC4 f7118b2,1257,default,1778,complete,0.0,0.0,0.0,starexec-unknown,unknown
21847315,UFBV/wintersteiger/fmsd13/fixpoint/small-equiv-fixpoint-9.smt2,892930,Z3-4.3.2.a054b099c1d6-x64-debian-6.0.6-SMT-COMP-2014,1286,default,1815,complete,0.0,0.0,0.0,starexec-unknown,unknown
21847318,UFBV/wintersteiger/fmsd13/fixpoint/cache-coherence-2-fixpoint-2.smt2,892931,CVC4 f7118b2,1257,default,1778,complete,0.0,0.0,0.0,starexec-unknown,unknown
21847319,UFBV/wintersteiger/fmsd13/fixpoint/cache-coherence-2-fixpoint-2.smt2,892931,Z3-4.3.2.a054b099c1d6-x64-debian-6.0.6-SMT-COMP-2014,1286,default,1815,complete,0.863867,0.874508,106092.0,unsat,unknown
21847322,UFBV/wintersteiger/fmsd13/fixpoint/small-swap1-fixpoint-3.smt2,892932,CVC4 f7118b2,1257,default,1778,complete,0.0,0.0,0.0,starexec-unknown,unknown
21847323,UFBV/wintersteiger/fmsd13/fixpoint/small-swap1-fixpoint-3.smt2,892932,Z3-4.3.2.a054b099c1d6-x64-debian-6.0.6-SMT-COMP-2014,1286,default,1815,complete,0.009998,0.0292521,106092.0,sat,unknown
21847326,UFBV/wintersteiger/fmsd13/fixpoint/itc-b13-fixpoint-8.smt2,892933,CVC4 f7118b2,1257,default,1778,complete,0.0,0.0,0.0,starexec-unknown,unknown
21847327,UFBV/wintersteiger/fmsd13/fixpoint/itc-b13-fixpoint-8.smt2,892933,Z3-4.3.2.a054b099c1d6-x64-debian-6.0.6-SMT-COMP-2014,1286,default,1815,complete,0.957853,0.960403,106092.0,sat,unknown
21847330,UFBV/wintersteiger/fmsd13/fixpoint/small-equiv-fixpoint-5.smt2,892934,CVC4 f7118b2,1257,default,1778,complete,0.0,0.0,0.0,starexec-unknown,unknown
21847331,UFBV/wintersteiger/fmsd13/fixpoint/small-equiv-fixpoint-5.smt2,892934,Z3-4.3.2.a054b099c1d6-x64-debian-6.0.6-SMT-COMP-2014,1286,default,1815,complete,0.0,0.0,0.0,starexec-unknown,unknown
21847334,UFBV/wintersteiger/fmsd13/fixpoint/small-synabs-fixpoint-9.smt2,892935,CVC4 f7118b2,1257,default,1778,complete,0.127979,0.131766,106092.0,unsat,unknown
21847335,UFBV/wintersteiger/fmsd13/fixpoint/small-synabs-fixpoint-9.smt2,892935,Z3-4.3.2.a054b099c1d6-x64-debian-6.0.6-SMT-COMP-2014,1286,default,1815,complete,0.020996,0.0315151,106092.0,unsat,unknown
21847338,UFBV/wintersteiger/fmsd13/fixpoint/small-swap1-fixpoint-8.smt2,892936,CVC4 f7118b2,1257,default,1778,complete,0.0,0.0,0.0,starexec-unknown,unknown
21847339,UFBV/wintersteiger/fmsd13/fixpoint/small-swap1-fixpoint-8.smt2,892936,Z3-4.3.2.a054b099c1d6-x64-debian-6.0.6-SMT-COMP-2014,1286,default,1815,complete,0.014997,0.0154999,0.0,sat,unknown
21847340,UFBV/wintersteiger/fmsd13/fixpoint/cache-coherence-2-fixpoint-5.smt2,892937,CVC4 f7118b2,1257,default,1778,complete,0.0,0.0,0.0,starexec-unknown,unknown
21847341,UFBV/wintersteiger/fmsd13/fixpoint/cache-coherence-2-fixpoint-5.smt2,892937,Z3-4.3.2.a054b099c1d6-x64-debian-6.0.6-SMT-COMP-2014,1286,default,1815,complete,5.03523,5.03513,260184.0,unsat,unknown
21847342,UFBV/wintersteiger/fmsd13/fixpoint/pi-bus-fixpoint-2.smt2,892938,CVC4 f7118b2,1257,default,1778,complete,0.0,0.0,0.0,starexec-unknown,unknown
21847343,UFBV/wintersteiger/fmsd13/fixpoint/pi-bus-fixpoint-2.smt2,892938,Z3-4.3.2.a054b099c1d6-x64-debian-6.0.6-SMT-COMP-2014,1286,default,1815,complete,2.70159,2.70139,251436.0,unsat,unknown
21847344,UFBV/wintersteiger/fmsd13/fixpoint/itc-b13-fixpoint-4.smt2,892939,CVC4 f7118b2,1257,default,1778,complete,0.0,0.0,0.0,starexec-unknown,unknown
21847345,UFBV/wintersteiger/fmsd13/fixpoint/itc-b13-fixpoint-4.smt2,892939,Z3-4.3.2.a054b099c1d6-x64-debian-6.0.6-SMT-COMP-2014,1286,default,1815,complete,0.259959,0.263696,106092.0,sat,unknown
21847346,UFBV/wintersteiger/fmsd13/fixpoint/small-pipeline-fixpoint-2.smt2,892940,CVC4 f7118b2,1257,default,1778,complete,0.0,0.0,0.0,starexec-unknown,unknown
21847347,UFBV/wintersteiger/fmsd13/fixpoint/small-pipeline-fixpoint-2.smt2,892940,Z3-4.3.2.a054b099c1d6-x64-debian-6.0.6-SMT-COMP-2014,1286,default,1815,complete,0.022995,0.028952,0.0,unsat,unknown
21847348,UFBV/wintersteiger/fmsd13/fixpoint/pi-bus-fixpoint-3.smt2,892941,CVC4 f7118b2,1257,default,1778,complete,0.0,0.0,0.0,starexec-unknown,unknown
21847349,UFBV/wintersteiger/fmsd13/fixpoint/pi-bus-fixpoint-3.smt2,892941,Z3-4.3.2.a054b099c1d6-x64-debian-6.0.6-SMT-COMP-2014,1286,default,1815,complete,6.51401,6.52055,262112.0,unsat,unknown
21847350,UFBV/wintersteiger/fmsd13/fixpoint/small-synabs-fixpoint-4.smt2,892942,CVC4 f7118b2,1257,default,1778,complete,0.031994,0.036001,106092.0,unsat,unknown
21847351,UFBV/wintersteiger/fmsd13/fixpoint/small-synabs-fixpoint-4.smt2,892942,Z3-4.3.2.a054b099c1d6-x64-debian-6.0.6-SMT-COMP-2014,1286,default,1815,complete,0.008997,0.0182849,0.0,unsat,unknown
21847352,UFBV/wintersteiger/fmsd13/fixpoint/small-synabs-fixpoint-5.smt2,892943,CVC4 f7118b2,1257,default,1778,complete,0.044993,0.0474839,0.0,unsat,unknown
21847353,UFBV/wintersteiger/fmsd13/fixpoint/small-synabs-fixpoint-5.smt2,892943,Z3-4.3.2.a054b099c1d6-x64-debian-6.0.6-SMT-COMP-2014,1286,default,1815,complete,0.013997,0.0273789,0.0,unsat,unknown
21847354,UFBV/wintersteiger/fmsd13/fixpoint/small-pipeline-fixpoint-5.smt2,892944,CVC4 f7118b2,1257,default,1778,complete,0.0,0.0,0.0,starexec-unknown,unknown
21847355,UFBV/wintersteiger/fmsd13/fixpoint/small-pipeline-fixpoint-5.smt2,892944,Z3-4.3.2.a054b099c1d6-x64-debian-6.0.6-SMT-COMP-2014,1286,default,1815,complete,0.0,0.0,0.0,starexec-unknown,unknown
21847356,UFBV/wintersteiger/fmsd13/fixpoint/small-bug1-fixpoint-9.smt2,892945,CVC4 f7118b2,1257,default,1778,complete,0.0,0.0,0.0,starexec-unknown,unknown
21847357,UFBV/wintersteiger/fmsd13/fixpoint/small-bug1-fixpoint-9.smt2,892945,Z3-4.3.2.a054b099c1d6-x64-debian-6.0.6-SMT-COMP-2014,1286,default,1815,complete,0.019996,0.0215241,0.0,sat,unknown
21847358,UFBV/wintersteiger/fmsd13/fixpoint/ethernet-fixpoint-1.smt2,892946,CVC4 f7118b2,1257,default,1778,complete,0.0,0.0,0.0,starexec-unknown,unknown
21847359,UFBV/wintersteiger/fmsd13/fixpoint/ethernet-fixpoint-1.smt2,892946,Z3-4.3.2.a054b099c1d6-x64-debian-6.0.6-SMT-COMP-2014,1286,default,1815,complete,0.326949,0.338137,106092.0,unsat,unknown
21847360,UFBV/wintersteiger/fmsd13/fixpoint/small-seq-fixpoint-7.smt2,892947,CVC4 f7118b2,1257,default,1778,complete,0.086986,0.089636,106092.0,unsat,unknown
21847361,UFBV/wintersteiger/fmsd13/fixpoint/small-seq-fixpoint-7.smt2,892947,Z3-4.3.2.a054b099c1d6-x64-debian-6.0.6-SMT-COMP-2014,1286,default,1815,complete,0.008997,0.0207721,0.0,unsat,unknown
21847362,UFBV/wintersteiger/fmsd13/fixpoint/cache-coherence-2-fixpoint-6.smt2,892948,CVC4 f7118b2,1257,default,1778,complete,0.0,0.0,0.0,starexec-unknown,unknown
21847363,UFBV/wintersteiger/fmsd13/fixpoint/cache-coherence-2-fixpoint-6.smt2,892948,Z3-4.3.2.a054b099c1d6-x64-debian-6.0.6-SMT-COMP-2014,1286,default,1815,complete,7.39987,7.42063,267176.0,unsat,unknown
21847364,UFBV/wintersteiger/fmsd13/fixpoint/small-equiv-fixpoint-8.smt2,892949,CVC4 f7118b2,1257,default,1778,complete,0.0,0.0,0.0,starexec-unknown,unknown
21847365,UFBV/wintersteiger/fmsd13/fixpoint/small-equiv-fixpoint-8.smt2,892949,Z3-4.3.2.a054b099c1d6-x64-debian-6.0.6-SMT-COMP-2014,1286,default,1815,complete,0.0,0.0,0.0,starexec-unknown,unknown
21847366,UFBV/wintersteiger/fmsd13/fixpoint/small-seq-fixpoint-5.smt2,892950,CVC4 f7118b2,1257,default,1778,complete,0.054991,0.065804,106092.0,unsat,unknown
21847367,UFBV/wintersteiger/fmsd13/fixpoint/small-seq-fixpoint-5.smt2,892950,Z3-4.3.2.a054b099c1d6-x64-debian-6.0.6-SMT-COMP-2014,1286,default,1815,complete,0.007998,0.016783,16180.0,unsat,unknown
21847368,UFBV/wintersteiger/fmsd13/fixpoint/small-swap1-fixpoint-9.smt2,892951,CVC4 f7118b2,1257,default,1778,complete,0.0,0.0,0.0,starexec-unknown,unknown
21847369,UFBV/wintersteiger/fmsd13/fixpoint/small-swap1-fixpoint-9.smt2,892951,Z3-4.3.2.a054b099c1d6-x64-debian-6.0.6-SMT-COMP-2014,1286,default,1815,complete,0.015996,0.0173539,0.0,sat,unknown
21847370,UFBV/wintersteiger/fmsd13/fixpoint/sdlx-fixpoint-4.smt2,892952,CVC4 f7118b2,1257,default,1778,complete,0.0,0.0,0.0,starexec-unknown,unknown
21847371,UFBV/wintersteiger/fmsd13/fixpoint/sdlx-fixpoint-4.smt2,892952,Z3-4.3.2.a054b099c1d6-x64-debian-6.0.6-SMT-COMP-2014,1286,default,1815,complete,7.62784,7.62968,318852.0,unsat,unknown
21847372,UFBV/wintersteiger/fmsd13/fixpoint/AR-fixpoint-1.smt2,892953,CVC4 f7118b2,1257,default,1778,complete,0.006998,0.0172801,0.0,unsat,unknown
21847373,UFBV/wintersteiger/fmsd13/fixpoint/AR-fixpoint-1.smt2,892953,Z3-4.3.2.a054b099c1d6-x64-debian-6.0.6-SMT-COMP-2014,1286,default,1815,complete,0.006998,0.016308,0.0,unsat,unknown
21847374,UFBV/wintersteiger/fmsd13/fixpoint/small-pipeline-fixpoint-7.smt2,892954,CVC4 f7118b2,1257,default,1778,complete,0.0,0.0,0.0,starexec-unknown,unknown
21847375,UFBV/wintersteiger/fmsd13/fixpoint/small-pipeline-fixpoint-7.smt2,892954,Z3-4.3.2.a054b099c1d6-x64-debian-6.0.6-SMT-COMP-2014,1286,default,1815,complete,0.0,0.0,0.0,starexec-unknown,unknown
21847376,UFBV/wintersteiger/fmsd13/fixpoint/itc-b13-fixpoint-2.smt2,892955,CVC4 f7118b2,1257,default,1778,complete,0.0,0.0,0.0,starexec-unknown,unknown
21847377,UFBV/wintersteiger/fmsd13/fixpoint/itc-b13-fixpoint-2.smt2,892955,Z3-4.3.2.a054b099c1d6-x64-debian-6.0.6-SMT-COMP-2014,1286,default,1815,complete,0.064989,0.073167,106092.0,unsat,unknown
21847378,UFBV/wintersteiger/fmsd13/fixpoint/small-dyn-partition-fixpoint-2.smt2,892956,CVC4 f7118b2,1257,default,1778,complete,0.077987,0.0911521,106092.0,unsat,unknown
21847379,UFBV/wintersteiger/fmsd13/fixpoint/small-dyn-partition-fixpoint-2.smt2,892956,Z3-4.3.2.a054b099c1d6-x64-debian-6.0.6-SMT-COMP-2014,1286,default,1815,complete,0.007998,0.0162451,0.0,unsat,unknown
21847380,UFBV/wintersteiger/fmsd13/fixpoint/small-synabs-fixpoint-1.smt2,892957,CVC4 f7118b2,1257,default,1778,complete,0.008998,0.0193729,0.0,unsat,unknown
21847381,UFBV/wintersteiger/fmsd13/fixpoint/small-synabs-fixpoint-1.smt2,892957,Z3-4.3.2.a054b099c1d6-x64-debian-6.0.6-SMT-COMP-2014,1286,default,1815,complete,0.006998,0.00903903,0.0,unsat,unknown
21847382,UFBV/wintersteiger/fmsd13/fixpoint/small-swap1-fixpoint-6.smt2,892958,CVC4 f7118b2,1257,default,1778,complete,0.0,0.0,0.0,starexec-unknown,unknown
21847383,UFBV/wintersteiger/fmsd13/fixpoint/small-swap1-fixpoint-6.smt2,892958,Z3-4.3.2.a054b099c1d6-x64-debian-6.0.6-SMT-COMP-2014,1286,default,1815,complete,0.010997,0.0181631,0.0,sat,unknown
21847384,UFBV/wintersteiger/fmsd13/fixpoint/usb-phy-fixpoint-2.smt2,892959,CVC4 f7118b2,1257,default,1778,complete,0.0,0.0,0.0,starexec-unknown,unknown
21847385,UFBV/wintersteiger/fmsd13/fixpoint/usb-phy-fixpoint-2.smt2,892959,Z3-4.3.2.a054b099c1d6-x64-debian-6.0.6-SMT-COMP-2014,1286,default,1815,complete,0.826874,0.827433,106092.0,unsat,unknown
21847386,UFBV/wintersteiger/fmsd13/fixpoint/small-swap2-fixpoint-9.smt2,892960,CVC4 f7118b2,1257,default,1778,complete,0.045992,0.0488639,106092.0,sat,unknown
21847387,UFBV/wintersteiger/fmsd13/fixpoint/small-swap2-fixpoint-9.smt2,892960,Z3-4.3.2.a054b099c1d6-x64-debian-6.0.6-SMT-COMP-2014,1286,default,1815,complete,0.014997,0.025162,0.0,sat,unknown
21847388,UFBV/wintersteiger/fmsd13/fixpoint/small-swap1-fixpoint-1.smt2,892961,CVC4 f7118b2,1257,default,1778,complete,0.007998,0.0136619,0.0,unsat,unknown
21847389,UFBV/wintersteiger/fmsd13/fixpoint/small-swap1-fixpoint-1.smt2,892961,Z3-4.3.2.a054b099c1d6-x64-debian-6.0.6-SMT-COMP-2014,1286,default,1815,complete,0.005998,0.015821,0.0,unsat,unknown
21847390,UFBV/wintersteiger/fmsd13/fixpoint/small-seq-fixpoint-3.smt2,892962,CVC4 f7118b2,1257,default,1778,complete,0.010997,0.02184,0.0,unsat,unknown
21847391,UFBV/wintersteiger/fmsd13/fixpoint/small-seq-fixpoint-3.smt2,892962,Z3-4.3.2.a054b099c1d6-x64-debian-6.0.6-SMT-COMP-2014,1286,default,1815,complete,0.006998,0.0208009,0.0,unsat,unknown
21847392,UFBV/wintersteiger/fmsd13/fixpoint/small-swap2-fixpoint-8.smt2,892963,CVC4 f7118b2,1257,default,1778,complete,0.036994,0.05059,0.0,sat,unknown
21847393,UFBV/wintersteiger/fmsd13/fixpoint/small-swap2-fixpoint-8.smt2,892963,Z3-4.3.2.a054b099c1d6-x64-debian-6.0.6-SMT-COMP-2014,1286,default,1815,complete,0.011997,0.0235509,0.0,sat,unknown
21847394,UFBV/wintersteiger/fmsd13/fixpoint/sdlx-fixpoint-1.smt2,892964,CVC4 f7118b2,1257,default,1778,complete,0.0,0.0,0.0,starexec-unknown,unknown
21847395,UFBV/wintersteiger/fmsd13/fixpoint/sdlx-fixpoint-1.smt2,892964,Z3-4.3.2.a054b099c1d6-x64-debian-6.0.6-SMT-COMP-2014,1286,default,1815,complete,0.025995,0.0264121,0.0,unsat,unknown
21847396,UFBV/wintersteiger/fmsd13/fixpoint/small-bug1-fixpoint-6.smt2,892965,CVC4 f7118b2,1257,default,1778,complete,0.0,0.0,0.0,starexec-unknown,unknown
21847397,UFBV/wintersteiger/fmsd13/fixpoint/small-bug1-fixpoint-6.smt2,892965,Z3-4.3.2.a054b099c1d6-x64-debian-6.0.6-SMT-COMP-2014,1286,default,1815,complete,0.013996,0.015021,0.0,sat,unknown
21847398,UFBV/wintersteiger/fmsd13/fixpoint/small-equiv-fixpoint-3.smt2,892966,CVC4 f7118b2,1257,default,1778,complete,0.0,0.0,0.0,starexec-unknown,unknown
21847399,UFBV/wintersteiger/fmsd13/fixpoint/small-equiv-fixpoint-3.smt2,892966,Z3-4.3.2.a054b099c1d6-x64-debian-6.0.6-SMT-COMP-2014,1286,default,1815,complete,0.0,0.0,0.0,starexec-unknown,unknown
21847400,UFBV/wintersteiger/fmsd13/fixpoint/AR-fixpoint-3.smt2,892967,CVC4 f7118b2,1257,default,1778,complete,0.010997,0.016038,0.0,unsat,unknown
21847401,UFBV/wintersteiger/fmsd13/fixpoint/AR-fixpoint-3.smt2,892967,Z3-4.3.2.a054b099c1d6-x64-debian-6.0.6-SMT-COMP-2014,1286,default,1815,complete,0.008998,0.028584,0.0,unsat,unknown
21847402,UFBV/wintersteiger/fmsd13/fixpoint/small-swap2-fixpoint-10.smt2,892968,CVC4 f7118b2,1257,default,1778,complete,0.05599,0.0591029,0.0,sat,unknown
21847403,UFBV/wintersteiger/fmsd13/fixpoint/small-swap2-fixpoint-10.smt2,892968,Z3-4.3.2.a054b099c1d6-x64-debian-6.0.6-SMT-COMP-2014,1286,default,1815,complete,0.015997,0.0235879,0.0,sat,unknown
21847404,UFBV/wintersteiger/fmsd13/fixpoint/small-dyn-partition-fixpoint-4.smt2,892969,CVC4 f7118b2,1257,default,1778,complete,6.80496,6.80654,282424.0,unsat,unknown
21847405,UFBV/wintersteiger/fmsd13/fixpoint/small-dyn-partition-fixpoint-4.smt2,892969,Z3-4.3.2.a054b099c1d6-x64-debian-6.0.6-SMT-COMP-2014,1286,default,1815,complete,0.010998,0.0192189,0.0,unsat,unknown
21847406,UFBV/wintersteiger/fmsd13/fixpoint/AR-fixpoint-9.smt2,892970,CVC4 f7118b2,1257,default,1778,complete,8.12176,8.12452,671944.0,unsat,unknown
21847407,UFBV/wintersteiger/fmsd13/fixpoint/AR-fixpoint-9.smt2,892970,Z3-4.3.2.a054b099c1d6-x64-debian-6.0.6-SMT-COMP-2014,1286,default,1815,complete,0.013997,0.0221169,0.0,unsat,unknown
21847408,UFBV/wintersteiger/fmsd13/fixpoint/small-swap1-fixpoint-4.smt2,892971,CVC4 f7118b2,1257,default,1778,complete,0.0,0.0,0.0,starexec-unknown,unknown
21847409,UFBV/wintersteiger/fmsd13/fixpoint/small-swap1-fixpoint-4.smt2,892971,Z3-4.3.2.a054b099c1d6-x64-debian-6.0.6-SMT-COMP-2014,1286,default,1815,complete,0.008997,0.0178511,0.0,sat,unknown
21847410,UFBV/wintersteiger/fmsd13/fixpoint/small-bug1-fixpoint-8.smt2,892972,CVC4 f7118b2,1257,default,1778,complete,0.0,0.0,0.0,starexec-unknown,unknown
21847411,UFBV/wintersteiger/fmsd13/fixpoint/small-bug1-fixpoint-8.smt2,892972,Z3-4.3.2.a054b099c1d6-x64-debian-6.0.6-SMT-COMP-2014,1286,default,1815,complete,0.017996,0.0194279,0.0,sat,unknown
21847412,UFBV/wintersteiger/fmsd13/fixpoint/AR-fixpoint-6.smt2,892973,CVC4 f7118b2,1257,default,1778,complete,5.13322,5.13436,519580.0,unsat,unknown
21847413,UFBV/wintersteiger/fmsd13/fixpoint/AR-fixpoint-6.smt2,892973,Z3-4.3.2.a054b099c1d6-x64-debian-6.0.6-SMT-COMP-2014,1286,default,1815,complete,0.009997,0.0117299,0.0,unsat,unknown
21847414,UFBV/wintersteiger/fmsd13/fixpoint/AR-fixpoint-5.smt2,892974,CVC4 f7118b2,1257,default,1778,complete,3.75043,3.75326,464704.0,unsat,unknown
21847415,UFBV/wintersteiger/fmsd13/fixpoint/AR-fixpoint-5.smt2,892974,Z3-4.3.2.a054b099c1d6-x64-debian-6.0.6-SMT-COMP-2014,1286,default,1815,complete,0.009997,0.0180961,0.0,unsat,unknown
21847416,UFBV/wintersteiger/fmsd13/fixpoint/cache-coherence-2-fixpoint-3.smt2,892975,CVC4 f7118b2,1257,default,1778,complete,0.0,0.0,0.0,starexec-unknown,unknown
21847417,UFBV/wintersteiger/fmsd13/fixpoint/cache-coherence-2-fixpoint-3.smt2,892975,Z3-4.3.2.a054b099c1d6-x64-debian-6.0.6-SMT-COMP-2014,1286,default,1815,complete,1.77373,1.77824,248796.0,unsat,unknown
21847418,UFBV/wintersteiger/fmsd13/fixpoint/cache-coherence-3-fixpoint-1.smt2,892976,CVC4 f7118b2,1257,default,1778,complete,0.0,0.0,0.0,starexec-unknown,unknown
21847419,UFBV/wintersteiger/fmsd13/fixpoint/cache-coherence-3-fixpoint-1.smt2,892976,Z3-4.3.2.a054b099c1d6-x64-debian-6.0.6-SMT-COMP-2014,1286,default,1815,complete,0.356945,0.358817,106092.0,unsat,unknown
21847420,UFBV/wintersteiger/fmsd13/fixpoint/sdlx-fixpoint-3.smt2,892977,CVC4 f7118b2,1257,default,1778,complete,0.0,0.0,0.0,starexec-unknown,unknown
21847421,UFBV/wintersteiger/fmsd13/fixpoint/sdlx-fixpoint-3.smt2,892977,Z3-4.3.2.a054b099c1d6-x64-debian-6.0.6-SMT-COMP-2014,1286,default,1815,complete,0.665898,0.66596,106092.0,unsat,unknown
21847422,UFBV/wintersteiger/fmsd13/fixpoint/cache-coherence-2-fixpoint-1.smt2,892978,CVC4 f7118b2,1257,default,1778,complete,0.0,0.0,0.0,starexec-unknown,unknown
21847423,UFBV/wintersteiger/fmsd13/fixpoint/cache-coherence-2-fixpoint-1.smt2,892978,Z3-4.3.2.a054b099c1d6-x64-debian-6.0.6-SMT-COMP-2014,1286,default,1815,complete,0.172973,0.180621,106092.0,unsat,unknown
21847424,UFBV/wintersteiger/fmsd13/fixpoint/usb-phy-fixpoint-3.smt2,892979,CVC4 f7118b2,1257,default,1778,complete,0.0,0.0,0.0,starexec-unknown,unknown
21847425,UFBV/wintersteiger/fmsd13/fixpoint/usb-phy-fixpoint-3.smt2,892979,Z3-4.3.2.a054b099c1d6-x64-debian-6.0.6-SMT-COMP-2014,1286,default,1815,complete,2.03669,2.04044,249896.0,unsat,unknown
21847426,UFBV/wintersteiger/fmsd13/fixpoint/small-pipeline-fixpoint-9.smt2,892980,CVC4 f7118b2,1257,default,1778,complete,0.0,0.0,0.0,starexec-unknown,unknown
21847427,UFBV/wintersteiger/fmsd13/fixpoint/small-pipeline-fixpoint-9.smt2,892980,Z3-4.3.2.a054b099c1d6-x64-debian-6.0.6-SMT-COMP-2014,1286,default,1815,complete,0.0,0.0,0.0,starexec-unknown,unknown
21847428,UFBV/wintersteiger/fmsd13/fixpoint/small-seq-fixpoint-6.smt2,892981,CVC4 f7118b2,1257,default,1778,complete,0.071988,0.082137,106092.0,unsat,unknown
21847429,UFBV/wintersteiger/fmsd13/fixpoint/small-seq-fixpoint-6.smt2,892981,Z3-4.3.2.a054b099c1d6-x64-debian-6.0.6-SMT-COMP-2014,1286,default,1815,complete,0.009997,0.0188301,0.0,unsat,unknown
21847430,UFBV/wintersteiger/fmsd13/fixpoint/itc-b13-fixpoint-9.smt2,892982,CVC4 f7118b2,1257,default,1778,complete,0.0,0.0,0.0,starexec-unknown,unknown
21847431,UFBV/wintersteiger/fmsd13/fixpoint/itc-b13-fixpoint-9.smt2,892982,Z3-4.3.2.a054b099c1d6-x64-debian-6.0.6-SMT-COMP-2014,1286,default,1815,complete,1.22181,1.22184,244664.0,sat,unknown
21847432,UFBV/wintersteiger/fmsd13/fixpoint/small-synabs-fixpoint-3.smt2,892983,CVC4 f7118b2,1257,default,1778,complete,0.022995,0.025879,0.0,unsat,unknown
21847433,UFBV/wintersteiger/fmsd13/fixpoint/small-synabs-fixpoint-3.smt2,892983,Z3-4.3.2.a054b099c1d6-x64-debian-6.0.6-SMT-COMP-2014,1286,default,1815,complete,0.007998,0.0169789,0.0,unsat,unknown
21847434,UFBV/wintersteiger/fmsd13/fixpoint/small-equiv-fixpoint-2.smt2,892984,CVC4 f7118b2,1257,default,1778,complete,0.0,0.0,0.0,starexec-unknown,unknown
21847435,UFBV/wintersteiger/fmsd13/fixpoint/small-equiv-fixpoint-2.smt2,892984,Z3-4.3.2.a054b099c1d6-x64-debian-6.0.6-SMT-COMP-2014,1286,default,1815,complete,0.0,0.0,0.0,starexec-unknown,unknown
21847436,UFBV/wintersteiger/fmsd13/fixpoint/small-equiv-fixpoint-4.smt2,892985,CVC4 f7118b2,1257,default,1778,complete,0.0,0.0,0.0,starexec-unknown,unknown
21847437,UFBV/wintersteiger/fmsd13/fixpoint/small-equiv-fixpoint-4.smt2,892985,Z3-4.3.2.a054b099c1d6-x64-debian-6.0.6-SMT-COMP-2014,1286,default,1815,complete,0.0,0.0,0.0,starexec-unknown,unknown
21847438,UFBV/wintersteiger/fmsd13/fixpoint/small-swap2-fixpoint-6.smt2,892986,CVC4 f7118b2,1257,default,1778,complete,0.024995,0.0359309,0.0,sat,unknown
21847439,UFBV/wintersteiger/fmsd13/fixpoint/small-swap2-fixpoint-6.smt2,892986,Z3-4.3.2.a054b099c1d6-x64-debian-6.0.6-SMT-COMP-2014,1286,default,1815,complete,0.010997,0.0198471,0.0,sat,unknown
21847440,UFBV/wintersteiger/fmsd13/fixpoint/small-seq-fixpoint-4.smt2,892987,CVC4 f7118b2,1257,default,1778,complete,0.045992,0.0574841,0.0,unsat,unknown
21847441,UFBV/wintersteiger/fmsd13/fixpoint/small-seq-fixpoint-4.smt2,892987,Z3-4.3.2.a054b099c1d6-x64-debian-6.0.6-SMT-COMP-2014,1286,default,1815,complete,0.007998,0.010725,0.0,unsat,unknown
21847442,UFBV/wintersteiger/fmsd13/fixpoint/small-dyn-partition-fixpoint-5.smt2,892988,CVC4 f7118b2,1257,default,1778,complete,0.0,0.0,0.0,starexec-unknown,unknown
21847443,UFBV/wintersteiger/fmsd13/fixpoint/small-dyn-partition-fixpoint-5.smt2,892988,Z3-4.3.2.a054b099c1d6-x64-debian-6.0.6-SMT-COMP-2014,1286,default,1815,complete,0.010997,0.025601,0.0,unsat,unknown
21847444,UFBV/wintersteiger/fmsd13/fixpoint/sdlx-fixpoint-8.smt2,892989,CVC4 f7118b2,1257,default,1778,timeout (cpu),36000.1,35984.9,361432.0,starexec-unknown,unknown
21847445,UFBV/wintersteiger/fmsd13/fixpoint/sdlx-fixpoint-8.smt2,892989,Z3-4.3.2.a054b099c1d6-x64-debian-6.0.6-SMT-COMP-2014,1286,default,1815,timeout (cpu),36000.1,35985.9,5140136.0,starexec-unknown,unknown
21847446,UFBV/wintersteiger/fmsd13/fixpoint/small-bug1-fixpoint-4.smt2,892990,CVC4 f7118b2,1257,default,1778,complete,45.991,45.9863,287532.0,sat,unknown
21847447,UFBV/wintersteiger/fmsd13/fixpoint/small-bug1-fixpoint-4.smt2,892990,Z3-4.3.2.a054b099c1d6-x64-debian-6.0.6-SMT-COMP-2014,1286,default,1815,complete,0.010997,0.0279129,0.0,sat,unknown
21847448,UFBV/wintersteiger/fmsd13/fixpoint/sdlx-fixpoint-5.smt2,892991,CVC4 f7118b2,1257,default,1778,complete,1783.88,1783.4,305824.0,starexec-unknown,unknown
21847449,UFBV/wintersteiger/fmsd13/fixpoint/sdlx-fixpoint-5.smt2,892991,Z3-4.3.2.a054b099c1d6-x64-debian-6.0.6-SMT-COMP-2014,1286,default,1815,complete,1.9647,1.9783,244652.0,unsat,unknown
21847450,UFBV/wintersteiger/fmsd13/fixpoint/small-swap2-fixpoint-4.smt2,892992,CVC4 f7118b2,1257,default,1778,complete,0.014997,0.0303701,0.0,sat,unknown
21847451,UFBV/wintersteiger/fmsd13/fixpoint/small-swap2-fixpoint-4.smt2,892992,Z3-4.3.2.a054b099c1d6-x64-debian-6.0.6-SMT-COMP-2014,1286,default,1815,complete,0.008998,0.025792,0.0,sat,unknown
21847452,UFBV/wintersteiger/fmsd13/fixpoint/sdlx-fixpoint-10.smt2,892993,CVC4 f7118b2,1257,default,1778,timeout (cpu),36000.0,35985.0,419996.0,starexec-unknown,unknown
21847453,UFBV/wintersteiger/fmsd13/fixpoint/sdlx-fixpoint-10.smt2,892993,Z3-4.3.2.a054b099c1d6-x64-debian-6.0.6-SMT-COMP-2014,1286,default,1815,timeout (cpu),36000.1,35985.6,1934928.0,starexec-unknown,unknown
21847454,UFBV/wintersteiger/fmsd13/fixpoint/small-seq-fixpoint-8.smt2,892994,CVC4 f7118b2,1257,default,1778,complete,0.100984,0.103754,0.0,unsat,unknown
21847455,UFBV/wintersteiger/fmsd13/fixpoint/small-seq-fixpoint-8.smt2,892994,Z3-4.3.2.a054b099c1d6-x64-debian-6.0.6-SMT-COMP-2014,1286,default,1815,complete,0.009997,0.0117819,0.0,unsat,unknown
21847456,UFBV/wintersteiger/fmsd13/fixpoint/small-bug1-fixpoint-5.smt2,892995,CVC4 f7118b2,1257,default,1778,complete,120.473,120.456,290412.0,sat,unknown
21847457,UFBV/wintersteiger/fmsd13/fixpoint/small-bug1-fixpoint-5.smt2,892995,Z3-4.3.2.a054b099c1d6-x64-debian-6.0.6-SMT-COMP-2014,1286,default,1815,complete,0.012997,0.01327,0.0,sat,unknown
21847458,UFBV/wintersteiger/fmsd13/fixpoint/itc-b13-fixpoint-6.smt2,892996,CVC4 f7118b2,1257,default,1778,complete,533.963,533.771,358620.0,starexec-unknown,unknown
21847459,UFBV/wintersteiger/fmsd13/fixpoint/itc-b13-fixpoint-6.smt2,892996,Z3-4.3.2.a054b099c1d6-x64-debian-6.0.6-SMT-COMP-2014,1286,default,1815,complete,0.591909,0.593631,106092.0,sat,unknown
21847460,UFBV/wintersteiger/fmsd13/fixpoint/sdlx-fixpoint-2.smt2,892997,CVC4 f7118b2,1257,default,1778,complete,73.3998,73.4139,265980.0,starexec-unknown,unknown
21847461,UFBV/wintersteiger/fmsd13/fixpoint/sdlx-fixpoint-2.smt2,892997,Z3-4.3.2.a054b099c1d6-x64-debian-6.0.6-SMT-COMP-2014,1286,default,1815,complete,0.170973,0.18027,106092.0,unsat,unknown
21847462,UFBV/wintersteiger/fmsd13/fixpoint/ethernet-fixpoint-4.smt2,892998,CVC4 f7118b2,1257,default,1778,timeout (cpu),36000.1,35985.8,1755864.0,starexec-unknown,unknown
21847463,UFBV/wintersteiger/fmsd13/fixpoint/ethernet-fixpoint-4.smt2,892998,Z3-4.3.2.a054b099c1d6-x64-debian-6.0.6-SMT-COMP-2014,1286,default,1815,complete,9.49156,9.49001,267300.0,unsat,unknown
21847464,UFBV/wintersteiger/fmsd13/fixpoint/usb-phy-fixpoint-5.smt2,892999,CVC4 f7118b2,1257,default,1778,complete,3030.63,3029.44,743816.0,starexec-unknown,unknown
21847465,UFBV/wintersteiger/fmsd13/fixpoint/usb-phy-fixpoint-5.smt2,892999,Z3-4.3.2.a054b099c1d6-x64-debian-6.0.6-SMT-COMP-2014,1286,default,1815,complete,7.12592,7.12322,264320.0,unsat,unknown
21847466,UFBV/wintersteiger/fmsd13/fixpoint/sdlx-fixpoint-7.smt2,893000,CVC4 f7118b2,1257,default,1778,timeout (cpu),36000.1,35985.1,333032.0,starexec-unknown,unknown
21847467,UFBV/wintersteiger/fmsd13/fixpoint/sdlx-fixpoint-7.smt2,893000,Z3-4.3.2.a054b099c1d6-x64-debian-6.0.6-SMT-COMP-2014,1286,default,1815,timeout (cpu),36000.1,35985.3,2432044.0,starexec-unknown,unknown
21847468,UFBV/wintersteiger/fmsd13/fixpoint/small-dyn-partition-fixpoint-1.smt2,893001,CVC4 f7118b2,1257,default,1778,complete,0.020995,0.0390229,106092.0,unsat,unknown
21847469,UFBV/wintersteiger/fmsd13/fixpoint/small-dyn-partition-fixpoint-1.smt2,893001,Z3-4.3.2.a054b099c1d6-x64-debian-6.0.6-SMT-COMP-2014,1286,default,1815,complete,0.006998,0.0142731,0.0,unsat,unknown
21847470,UFBV/wintersteiger/fmsd13/fixpoint/small-equiv-fixpoint-7.smt2,893002,CVC4 f7118b2,1257,default,1778,timeout (cpu),36000.1,35985.7,6465448.0,starexec-unknown,unknown
21847471,UFBV/wintersteiger/fmsd13/fixpoint/small-equiv-fixpoint-7.smt2,893002,Z3-4.3.2.a054b099c1d6-x64-debian-6.0.6-SMT-COMP-2014,1286,default,1815,timeout (cpu),36000.1,35985.3,1535668.0,starexec-unknown,unknown
21847472,UFBV/wintersteiger/fmsd13/fixpoint/itc-b13-fixpoint-1.smt2,893003,CVC4 f7118b2,1257,default,1778,complete,27.2039,27.2055,660016.0,unsat,unknown
21847473,UFBV/wintersteiger/fmsd13/fixpoint/itc-b13-fixpoint-1.smt2,893003,Z3-4.3.2.a054b099c1d6-x64-debian-6.0.6-SMT-COMP-2014,1286,default,1815,complete,0.014997,0.0151829,0.0,unsat,unknown
21847474,UFBV/wintersteiger/fmsd13/fixpoint/small-dyn-partition-fixpoint-6.smt2,893004,CVC4 f7118b2,1257,default,1778,complete,21.0508,21.0575,283020.0,unsat,unknown
21847475,UFBV/wintersteiger/fmsd13/fixpoint/small-dyn-partition-fixpoint-6.smt2,893004,Z3-4.3.2.a054b099c1d6-x64-debian-6.0.6-SMT-COMP-2014,1286,default,1815,complete,0.013997,0.0189729,0.0,unsat,unknown
21847476,UFBV/wintersteiger/fmsd13/fixpoint/small-seq-fixpoint-9.smt2,893005,CVC4 f7118b2,1257,default,1778,complete,0.12598,0.129148,106092.0,unsat,unknown
21847477,UFBV/wintersteiger/fmsd13/fixpoint/small-seq-fixpoint-9.smt2,893005,Z3-4.3.2.a054b099c1d6-x64-debian-6.0.6-SMT-COMP-2014,1286,default,1815,complete,0.011997,0.012396,0.0,unsat,unknown
21847478,UFBV/wintersteiger/fmsd13/fixpoint/AR-fixpoint-8.smt2,893006,CVC4 f7118b2,1257,default,1778,complete,6.95794,6.96355,629580.0,unsat,unknown
21847479,UFBV/wintersteiger/fmsd13/fixpoint/AR-fixpoint-8.smt2,893006,Z3-4.3.2.a054b099c1d6-x64-debian-6.0.6-SMT-COMP-2014,1286,default,1815,complete,0.012997,0.0141121,0.0,unsat,unknown
