pair id,benchmark,benchmark id,solver,solver id,configuration,configuration id,status,cpu time,wallclock time,memory usage,result,expected
21857828,QF_UFNRA/cas/30u15.14.smt2,416584,CVC4 f7118b2,1257,default,1778,complete,1.38779,1.39014,159036.0,starexec-unknown,unknown
21857829,QF_UFNRA/cas/30u15.14.smt2,416584,Z3-4.3.2.a054b099c1d6-x64-debian-6.0.6-SMT-COMP-2014,1286,default,1815,timeout (cpu),36000.0,35981.5,534008.0,starexec-unknown,unknown
21857830,QF_UFNRA/cas/40f99.smt2,416588,CVC4 f7118b2,1257,default,1778,complete,4.42133,4.42962,168688.0,starexec-unknown,unknown
21857831,QF_UFNRA/cas/40f99.smt2,416588,Z3-4.3.2.a054b099c1d6-x64-debian-6.0.6-SMT-COMP-2014,1286,default,1815,complete,21.4417,21.4438,258936.0,sat,unknown
21857832,QF_UFNRA/cas/40m10.smt2,416589,CVC4 f7118b2,1257,default,1778,complete,3.36249,3.37472,172056.0,starexec-unknown,unknown
21857833,QF_UFNRA/cas/40m10.smt2,416589,Z3-4.3.2.a054b099c1d6-x64-debian-6.0.6-SMT-COMP-2014,1286,default,1815,complete,772.942,772.698,262412.0,sat,unknown
21857834,QF_UFNRA/cas/40m25.smt2,416590,CVC4 f7118b2,1257,default,1778,complete,9.76351,9.77686,176028.0,starexec-unknown,unknown
21857835,QF_UFNRA/cas/40m25.smt2,416590,Z3-4.3.2.a054b099c1d6-x64-debian-6.0.6-SMT-COMP-2014,1286,default,1815,complete,369.08,368.93,259976.0,sat,unknown
21857836,QF_UFNRA/cas/40m99.smt2,416592,CVC4 f7118b2,1257,default,1778,complete,5.73813,5.73878,168688.0,starexec-unknown,unknown
21857837,QF_UFNRA/cas/40m99.smt2,416592,Z3-4.3.2.a054b099c1d6-x64-debian-6.0.6-SMT-COMP-2014,1286,default,1815,complete,91.3941,91.3658,260048.0,sat,unknown
21857838,QF_UFNRA/cas/40s10.smt2,416593,CVC4 f7118b2,1257,default,1778,complete,3.56946,3.57054,165548.0,starexec-unknown,unknown
21857839,QF_UFNRA/cas/40s10.smt2,416593,Z3-4.3.2.a054b099c1d6-x64-debian-6.0.6-SMT-COMP-2014,1286,default,1815,complete,236.661,236.566,268604.0,sat,unknown
21857840,QF_UFNRA/cas/40s99.smt2,416596,CVC4 f7118b2,1257,default,1778,complete,2.13068,2.14456,167944.0,starexec-unknown,unknown
21857841,QF_UFNRA/cas/40s99.smt2,416596,Z3-4.3.2.a054b099c1d6-x64-debian-6.0.6-SMT-COMP-2014,1286,default,1815,complete,4.86426,4.87008,257004.0,sat,unknown
21857842,QF_UFNRA/cas/l40f.smt2,416601,CVC4 f7118b2,1257,default,1778,complete,0.267958,0.278881,106092.0,unsat,unknown
21857843,QF_UFNRA/cas/l40f.smt2,416601,Z3-4.3.2.a054b099c1d6-x64-debian-6.0.6-SMT-COMP-2014,1286,default,1815,complete,0.088985,0.0895359,106092.0,unsat,unknown
21857844,QF_UFNRA/cas/l40m.smt2,416602,CVC4 f7118b2,1257,default,1778,complete,0.270958,0.280558,106092.0,unsat,unknown
21857845,QF_UFNRA/cas/l40m.smt2,416602,Z3-4.3.2.a054b099c1d6-x64-debian-6.0.6-SMT-COMP-2014,1286,default,1815,complete,0.089985,0.0908809,0.0,unsat,unknown
21857846,QF_UFNRA/cas/m40.easy.smt2,416604,CVC4 f7118b2,1257,default,1778,complete,1.71274,1.73314,164484.0,starexec-unknown,unknown
21857847,QF_UFNRA/cas/m40.easy.smt2,416604,Z3-4.3.2.a054b099c1d6-x64-debian-6.0.6-SMT-COMP-2014,1286,default,1815,complete,0.270958,0.271222,106092.0,sat,unknown
21857848,QF_UFNRA/cas/m40.smt2,416605,CVC4 f7118b2,1257,default,1778,complete,6.80696,6.80707,168680.0,starexec-unknown,unknown
21857849,QF_UFNRA/cas/m40.smt2,416605,Z3-4.3.2.a054b099c1d6-x64-debian-6.0.6-SMT-COMP-2014,1286,default,1815,complete,9483.12,9480.76,490324.0,starexec-unknown,unknown
