pair id,benchmark,benchmark id,solver,solver id,configuration,configuration id,status,cpu time,wallclock time,memory usage,result,expected
21893991,QF_LRA/LassoRanker/Ultimate/yPositive-SIscaled100.bpl_Iteration1_Loop_6-phaseTemplate.smt2,831153,CVC4 f7118b2,1257,default,1778,complete,301.858,301.809,921480.0,sat,unknown
21893992,QF_LRA/LassoRanker/Ultimate/yPositive-SIscaled100.bpl_Iteration1_Loop_6-phaseTemplate.smt2,831153,Z3-4.3.2.a054b099c1d6-x64-debian-6.0.6-SMT-COMP-2014,1286,default,1815,complete,2585.88,2585.45,4012972.0,sat,unknown
21894003,QF_LRA/LassoRanker/Ultimate/bound-scaled200.bpl_Iteration1_Loop_7-phaseTemplate.smt2,831155,CVC4 f7118b2,1257,default,1778,complete,559.733,559.468,780112.0,sat,unknown
21894004,QF_LRA/LassoRanker/Ultimate/bound-scaled200.bpl_Iteration1_Loop_7-phaseTemplate.smt2,831155,Z3-4.3.2.a054b099c1d6-x64-debian-6.0.6-SMT-COMP-2014,1286,default,1815,timeout (cpu),36000.1,35986.2,1.4927784E7,starexec-unknown,unknown
21894015,QF_LRA/LassoRanker/Ultimate/simple-scaled200.bpl_Iteration1_Lasso_3-pieceTemplate.smt2,831157,CVC4 f7118b2,1257,default,1778,complete,3771.54,3770.81,935352.0,sat,unknown
21894016,QF_LRA/LassoRanker/Ultimate/simple-scaled200.bpl_Iteration1_Lasso_3-pieceTemplate.smt2,831157,Z3-4.3.2.a054b099c1d6-x64-debian-6.0.6-SMT-COMP-2014,1286,default,1815,complete,2838.77,2838.42,1.2660012E7,sat,unknown
21894027,QF_LRA/LassoRanker/Ultimate/simple-scaled100.bpl_Iteration1_Lasso_7-phaseTemplate.smt2,831161,CVC4 f7118b2,1257,default,1778,complete,860.76,860.508,1354000.0,sat,unknown
21894028,QF_LRA/LassoRanker/Ultimate/simple-scaled100.bpl_Iteration1_Lasso_7-phaseTemplate.smt2,831161,Z3-4.3.2.a054b099c1d6-x64-debian-6.0.6-SMT-COMP-2014,1286,default,1815,complete,3275.8,3274.92,9629720.0,sat,unknown
21894039,QF_LRA/LassoRanker/Ultimate/simple-scaled100.bpl_Iteration1_Lasso_6-phaseTemplate.smt2,831162,CVC4 f7118b2,1257,default,1778,complete,379.351,379.283,655980.0,sat,unknown
21894040,QF_LRA/LassoRanker/Ultimate/simple-scaled100.bpl_Iteration1_Lasso_6-phaseTemplate.smt2,831162,Z3-4.3.2.a054b099c1d6-x64-debian-6.0.6-SMT-COMP-2014,1286,default,1815,complete,1346.77,1346.31,4926224.0,sat,unknown
21894051,QF_LRA/LassoRanker/Ultimate/simple-scaled200.bpl_Iteration1_Lasso_4-pieceTemplate.smt2,831163,CVC4 f7118b2,1257,default,1778,complete,6539.77,6537.13,1609192.0,sat,unknown
21894052,QF_LRA/LassoRanker/Ultimate/simple-scaled200.bpl_Iteration1_Lasso_4-pieceTemplate.smt2,831163,Z3-4.3.2.a054b099c1d6-x64-debian-6.0.6-SMT-COMP-2014,1286,default,1815,timeout (cpu),36000.1,35989.8,3.3657604E7,starexec-unknown,unknown
21894063,QF_LRA/LassoRanker/Ultimate/Braverman-2006CAV-Ex1-int.bpl_Iteration1_Lasso_7-phaseTemplate.smt2,831170,CVC4 f7118b2,1257,default,1778,complete,4363.64,4362.43,417732.0,unsat,unknown
21894064,QF_LRA/LassoRanker/Ultimate/Braverman-2006CAV-Ex1-int.bpl_Iteration1_Lasso_7-phaseTemplate.smt2,831170,Z3-4.3.2.a054b099c1d6-x64-debian-6.0.6-SMT-COMP-2014,1286,default,1815,timeout (cpu),36000.0,35988.1,288984.0,starexec-unknown,unknown
21894075,QF_LRA/LassoRanker/Ultimate/simple-scaled200.bpl_Iteration1_Lasso_6-phaseTemplate.smt2,831172,CVC4 f7118b2,1257,default,1778,complete,830.596,830.466,1060640.0,sat,unknown
21894076,QF_LRA/LassoRanker/Ultimate/simple-scaled200.bpl_Iteration1_Lasso_6-phaseTemplate.smt2,831172,Z3-4.3.2.a054b099c1d6-x64-debian-6.0.6-SMT-COMP-2014,1286,default,1815,complete,3305.38,3304.22,1.7666284E7,sat,unknown
21894087,QF_LRA/LassoRanker/Ultimate/GcdNew.bpl_Iteration1_Lasso_4-pieceTemplate.smt2,831180,CVC4 f7118b2,1257,default,1778,complete,438.959,438.864,495884.0,sat,unknown
21894088,QF_LRA/LassoRanker/Ultimate/GcdNew.bpl_Iteration1_Lasso_4-pieceTemplate.smt2,831180,Z3-4.3.2.a054b099c1d6-x64-debian-6.0.6-SMT-COMP-2014,1286,default,1815,timeout (cpu),36000.1,35986.9,1021200.0,starexec-unknown,unknown
21894099,QF_LRA/LassoRanker/Ultimate/bound-scaled600.bpl_Iteration1_Loop_7-phaseTemplate.smt2,831183,CVC4 f7118b2,1257,default,1778,complete,10447.5,10442.3,2095524.0,sat,unknown
21894100,QF_LRA/LassoRanker/Ultimate/bound-scaled600.bpl_Iteration1_Loop_7-phaseTemplate.smt2,831183,Z3-4.3.2.a054b099c1d6-x64-debian-6.0.6-SMT-COMP-2014,1286,default,1815,timeout (cpu),36000.1,35990.7,2.3497148E7,starexec-unknown,unknown
21894111,QF_LRA/LassoRanker/Ultimate/simple-scaled250.bpl_Iteration1_Lasso_6-phaseTemplate.smt2,831185,CVC4 f7118b2,1257,default,1778,complete,1405.87,1405.45,1260732.0,sat,unknown
21894112,QF_LRA/LassoRanker/Ultimate/simple-scaled250.bpl_Iteration1_Lasso_6-phaseTemplate.smt2,831185,Z3-4.3.2.a054b099c1d6-x64-debian-6.0.6-SMT-COMP-2014,1286,default,1815,complete,11623.1,11619.4,3.565712E7,sat,unknown
21894121,QF_LRA/LassoRanker/Ultimate/bound-scaled600.bpl_Iteration1_Loop_5-phaseTemplate.smt2,831186,CVC4 f7118b2,1257,default,1778,complete,346.362,346.276,622636.0,sat,unknown
21894122,QF_LRA/LassoRanker/Ultimate/bound-scaled600.bpl_Iteration1_Loop_5-phaseTemplate.smt2,831186,Z3-4.3.2.a054b099c1d6-x64-debian-6.0.6-SMT-COMP-2014,1286,default,1815,complete,1246.95,1246.43,2789952.0,sat,unknown
21894131,QF_LRA/LassoRanker/Ultimate/bound-scaled400.bpl_Iteration1_Loop_7-phaseTemplate.smt2,831190,CVC4 f7118b2,1257,default,1778,complete,2169.18,2168.42,1279800.0,sat,unknown
21894132,QF_LRA/LassoRanker/Ultimate/bound-scaled400.bpl_Iteration1_Loop_7-phaseTemplate.smt2,831190,Z3-4.3.2.a054b099c1d6-x64-debian-6.0.6-SMT-COMP-2014,1286,default,1815,timeout (cpu),36000.1,35992.4,2.1054208E7,starexec-unknown,unknown
21894141,QF_LRA/LassoRanker/Ultimate/yPositive-SIscaled100.bpl_Iteration1_Loop_7-phaseTemplate.smt2,831191,CVC4 f7118b2,1257,default,1778,complete,12308.8,12304.0,5227692.0,sat,unknown
21894142,QF_LRA/LassoRanker/Ultimate/yPositive-SIscaled100.bpl_Iteration1_Loop_7-phaseTemplate.smt2,831191,Z3-4.3.2.a054b099c1d6-x64-debian-6.0.6-SMT-COMP-2014,1286,default,1815,complete,35110.7,35099.4,1.4701156E7,sat,unknown
21894151,QF_LRA/LassoRanker/Ultimate/simple-scaled100.bpl_Iteration1_Lasso_4-pieceTemplate.smt2,831202,CVC4 f7118b2,1257,default,1778,complete,4288.16,4286.43,1125160.0,sat,unknown
21894152,QF_LRA/LassoRanker/Ultimate/simple-scaled100.bpl_Iteration1_Lasso_4-pieceTemplate.smt2,831202,Z3-4.3.2.a054b099c1d6-x64-debian-6.0.6-SMT-COMP-2014,1286,default,1815,complete,7188.37,7187.1,9704496.0,sat,unknown
21894161,QF_LRA/LassoRanker/Ultimate/simple-scaled200.bpl_Iteration1_Lasso_7-phaseTemplate.smt2,831204,CVC4 f7118b2,1257,default,1778,complete,5640.28,5638.21,3775360.0,sat,unknown
21894162,QF_LRA/LassoRanker/Ultimate/simple-scaled200.bpl_Iteration1_Lasso_7-phaseTemplate.smt2,831204,Z3-4.3.2.a054b099c1d6-x64-debian-6.0.6-SMT-COMP-2014,1286,default,1815,timeout (cpu),36000.0,35987.0,4.500512E7,starexec-unknown,unknown
21894169,QF_LRA/LassoRanker/Ultimate/yPositive-SIscaled75.bpl_Iteration1_Loop_6-phaseTemplate.smt2,831205,CVC4 f7118b2,1257,default,1778,complete,863.508,863.364,933516.0,sat,unknown
21894170,QF_LRA/LassoRanker/Ultimate/yPositive-SIscaled75.bpl_Iteration1_Loop_6-phaseTemplate.smt2,831205,Z3-4.3.2.a054b099c1d6-x64-debian-6.0.6-SMT-COMP-2014,1286,default,1815,complete,2014.89,2014.65,2923624.0,sat,unknown
21894177,QF_LRA/LassoRanker/Ultimate/bound-scaled600.bpl_Iteration1_Loop_4-pieceTemplate.smt2,831219,CVC4 f7118b2,1257,default,1778,complete,2826.05,2824.96,1013784.0,sat,unknown
21894178,QF_LRA/LassoRanker/Ultimate/bound-scaled600.bpl_Iteration1_Loop_4-pieceTemplate.smt2,831219,Z3-4.3.2.a054b099c1d6-x64-debian-6.0.6-SMT-COMP-2014,1286,default,1815,complete,745.643,745.429,2240892.0,sat,unknown
21894185,QF_LRA/LassoRanker/Ultimate/bound-scaled200.bpl_Iteration1_Loop_6-phaseTemplate.smt2,831224,CVC4 f7118b2,1257,default,1778,complete,92.416,92.3901,525252.0,sat,unknown
21894186,QF_LRA/LassoRanker/Ultimate/bound-scaled200.bpl_Iteration1_Loop_6-phaseTemplate.smt2,831224,Z3-4.3.2.a054b099c1d6-x64-debian-6.0.6-SMT-COMP-2014,1286,default,1815,complete,4097.55,4095.95,3707384.0,sat,unknown
21894191,QF_LRA/LassoRanker/Ultimate/yPositive-SIscaled50.bpl_Iteration1_Loop_7-phaseTemplate.smt2,831226,CVC4 f7118b2,1257,default,1778,complete,757.113,757.035,1515284.0,sat,unknown
21894192,QF_LRA/LassoRanker/Ultimate/yPositive-SIscaled50.bpl_Iteration1_Loop_7-phaseTemplate.smt2,831226,Z3-4.3.2.a054b099c1d6-x64-debian-6.0.6-SMT-COMP-2014,1286,default,1815,complete,1809.2,1808.63,3123084.0,sat,unknown
21894197,QF_LRA/LassoRanker/Ultimate/SyntaxSupportDivision1.bpl_Iteration1_Lasso_4-pieceTemplate.smt2,831233,CVC4 f7118b2,1257,default,1778,complete,516.685,516.663,576384.0,sat,unknown
21894198,QF_LRA/LassoRanker/Ultimate/SyntaxSupportDivision1.bpl_Iteration1_Lasso_4-pieceTemplate.smt2,831233,Z3-4.3.2.a054b099c1d6-x64-debian-6.0.6-SMT-COMP-2014,1286,default,1815,complete,11657.1,11652.5,1238972.0,sat,unknown
21894203,QF_LRA/LassoRanker/Ultimate/SyntaxSupportDivision1.bpl_Iteration1_Lasso_7-phaseTemplate.smt2,831255,CVC4 f7118b2,1257,default,1778,complete,459.446,459.27,516644.0,sat,unknown
21894204,QF_LRA/LassoRanker/Ultimate/SyntaxSupportDivision1.bpl_Iteration1_Lasso_7-phaseTemplate.smt2,831255,Z3-4.3.2.a054b099c1d6-x64-debian-6.0.6-SMT-COMP-2014,1286,default,1815,timeout (cpu),36000.1,35985.4,1916764.0,starexec-unknown,unknown
21894209,QF_LRA/LassoRanker/Ultimate/simple-scaled250.bpl_Iteration1_Lasso_5-phaseTemplate.smt2,831258,CVC4 f7118b2,1257,default,1778,complete,540.841,540.696,844116.0,sat,unknown
21894210,QF_LRA/LassoRanker/Ultimate/simple-scaled250.bpl_Iteration1_Lasso_5-phaseTemplate.smt2,831258,Z3-4.3.2.a054b099c1d6-x64-debian-6.0.6-SMT-COMP-2014,1286,default,1815,complete,1220.32,1220.16,9545284.0,sat,unknown
21894215,QF_LRA/LassoRanker/Ultimate/GcdNew.bpl_Iteration1_Lasso_7-phaseTemplate.smt2,831259,CVC4 f7118b2,1257,default,1778,complete,401.281,401.255,482464.0,sat,unknown
21894216,QF_LRA/LassoRanker/Ultimate/GcdNew.bpl_Iteration1_Lasso_7-phaseTemplate.smt2,831259,Z3-4.3.2.a054b099c1d6-x64-debian-6.0.6-SMT-COMP-2014,1286,default,1815,timeout (cpu),36000.0,35985.4,1376644.0,starexec-unknown,unknown
21894221,QF_LRA/LassoRanker/Ultimate/yPositive-SIscaled75.bpl_Iteration1_Loop_7-phaseTemplate.smt2,831265,CVC4 f7118b2,1257,default,1778,complete,2235.78,2234.79,2840512.0,sat,unknown
21894222,QF_LRA/LassoRanker/Ultimate/yPositive-SIscaled75.bpl_Iteration1_Loop_7-phaseTemplate.smt2,831265,Z3-4.3.2.a054b099c1d6-x64-debian-6.0.6-SMT-COMP-2014,1286,default,1815,complete,12069.0,12064.9,8422124.0,sat,unknown
21894227,QF_LRA/LassoRanker/Ultimate/Braverman-2006CAV-Ex1-int.bpl_Iteration1_Loop_7-phaseTemplate.smt2,831273,CVC4 f7118b2,1257,default,1778,complete,4267.97,4266.37,417736.0,unsat,unknown
21894228,QF_LRA/LassoRanker/Ultimate/Braverman-2006CAV-Ex1-int.bpl_Iteration1_Loop_7-phaseTemplate.smt2,831273,Z3-4.3.2.a054b099c1d6-x64-debian-6.0.6-SMT-COMP-2014,1286,default,1815,timeout (cpu),36000.0,35985.5,289016.0,starexec-unknown,unknown
21893993,QF_LRA/keymaera/square_root_zuse-node902.smt2,892111,CVC4 f7118b2,1257,default,1778,complete,0.006998,0.00955402,0.0,unsat,unknown
21893994,QF_LRA/keymaera/square_root_zuse-node902.smt2,892111,Z3-4.3.2.a054b099c1d6-x64-debian-6.0.6-SMT-COMP-2014,1286,default,1815,complete,0.005998,0.00834591,0.0,unsat,unknown
21894005,QF_LRA/keymaera/bouncing-ball-inv-node1886.smt2,892112,CVC4 f7118b2,1257,default,1778,complete,0.007998,0.0199911,0.0,unsat,unknown
21894006,QF_LRA/keymaera/bouncing-ball-inv-node1886.smt2,892112,Z3-4.3.2.a054b099c1d6-x64-debian-6.0.6-SMT-COMP-2014,1286,default,1815,complete,0.004998,0.00780002,0.0,unsat,unknown
21894017,QF_LRA/keymaera/bouncing-ball-simple-node1629.smt2,892113,CVC4 f7118b2,1257,default,1778,complete,0.005998,0.0098299,0.0,unsat,unknown
21894018,QF_LRA/keymaera/bouncing-ball-simple-node1629.smt2,892113,Z3-4.3.2.a054b099c1d6-x64-debian-6.0.6-SMT-COMP-2014,1286,default,1815,complete,0.004999,0.00805998,0.0,unsat,unknown
21894029,QF_LRA/keymaera/water_tank-node5964.smt2,892114,CVC4 f7118b2,1257,default,1778,complete,0.006998,0.0173429,0.0,unsat,unknown
21894030,QF_LRA/keymaera/water_tank-node5964.smt2,892114,Z3-4.3.2.a054b099c1d6-x64-debian-6.0.6-SMT-COMP-2014,1286,default,1815,complete,0.004998,0.00794506,0.0,unsat,unknown
21894041,QF_LRA/keymaera/simple_example_2-node2074.smt2,892115,CVC4 f7118b2,1257,default,1778,complete,0.006998,0.0168909,0.0,unsat,unknown
21894042,QF_LRA/keymaera/simple_example_2-node2074.smt2,892115,Z3-4.3.2.a054b099c1d6-x64-debian-6.0.6-SMT-COMP-2014,1286,default,1815,complete,0.004998,0.00803895,0.0,unsat,unknown
21894053,QF_LRA/keymaera/water_tank-node4029.smt2,892116,CVC4 f7118b2,1257,default,1778,complete,0.006998,0.0194869,0.0,unsat,unknown
21894054,QF_LRA/keymaera/water_tank-node4029.smt2,892116,Z3-4.3.2.a054b099c1d6-x64-debian-6.0.6-SMT-COMP-2014,1286,default,1815,complete,0.005998,0.0134449,0.0,unsat,unknown
21894065,QF_LRA/keymaera/water_tank-node28604.smt2,892117,CVC4 f7118b2,1257,default,1778,complete,0.006998,0.0172059,0.0,unsat,unknown
21894066,QF_LRA/keymaera/water_tank-node28604.smt2,892117,Z3-4.3.2.a054b099c1d6-x64-debian-6.0.6-SMT-COMP-2014,1286,default,1815,complete,0.004998,0.018425,0.0,unsat,unknown
21894077,QF_LRA/keymaera/water_tank-node21443.smt2,892119,CVC4 f7118b2,1257,default,1778,complete,0.008998,0.024839,0.0,unsat,unknown
21894078,QF_LRA/keymaera/water_tank-node21443.smt2,892119,Z3-4.3.2.a054b099c1d6-x64-debian-6.0.6-SMT-COMP-2014,1286,default,1815,complete,0.007998,0.0153871,0.0,unsat,unknown
21894089,QF_LRA/keymaera/simple_example_2-node2406.smt2,892120,CVC4 f7118b2,1257,default,1778,complete,0.006998,0.0102519,0.0,unsat,unknown
21894090,QF_LRA/keymaera/simple_example_2-node2406.smt2,892120,Z3-4.3.2.a054b099c1d6-x64-debian-6.0.6-SMT-COMP-2014,1286,default,1815,complete,0.004998,0.00859893,0.0,unsat,unknown
21894101,QF_LRA/keymaera/water_tank-node28718.smt2,892121,CVC4 f7118b2,1257,default,1778,complete,0.005998,0.014892,0.0,unsat,unknown
21894102,QF_LRA/keymaera/water_tank-node28718.smt2,892121,Z3-4.3.2.a054b099c1d6-x64-debian-6.0.6-SMT-COMP-2014,1286,default,1815,complete,0.004998,0.00776701,0.0,unsat,unknown
21894113,QF_LRA/keymaera/integer_cubic_root_knuth-node1362.smt2,892122,CVC4 f7118b2,1257,default,1778,complete,0.005998,0.00926096,0.0,unsat,unknown
21894114,QF_LRA/keymaera/integer_cubic_root_knuth-node1362.smt2,892122,Z3-4.3.2.a054b099c1d6-x64-debian-6.0.6-SMT-COMP-2014,1286,default,1815,complete,0.004998,0.0083309,0.0,unsat,unknown
21894123,QF_LRA/keymaera/water_tank-node17126.smt2,892123,CVC4 f7118b2,1257,default,1778,complete,0.006998,0.0129961,0.0,unsat,unknown
21894124,QF_LRA/keymaera/water_tank-node17126.smt2,892123,Z3-4.3.2.a054b099c1d6-x64-debian-6.0.6-SMT-COMP-2014,1286,default,1815,complete,0.004998,0.0104379,0.0,unsat,unknown
21894133,QF_LRA/keymaera/bouncing-ball-inv-node1935.smt2,892124,CVC4 f7118b2,1257,default,1778,complete,0.006998,0.017683,0.0,unsat,unknown
21894134,QF_LRA/keymaera/bouncing-ball-inv-node1935.smt2,892124,Z3-4.3.2.a054b099c1d6-x64-debian-6.0.6-SMT-COMP-2014,1286,default,1815,complete,0.005998,0.0138471,0.0,unsat,unknown
21894143,QF_LRA/keymaera/water_tank-node15243.smt2,892125,CVC4 f7118b2,1257,default,1778,complete,0.005998,0.0107129,0.0,unsat,unknown
21894144,QF_LRA/keymaera/water_tank-node15243.smt2,892125,Z3-4.3.2.a054b099c1d6-x64-debian-6.0.6-SMT-COMP-2014,1286,default,1815,complete,0.004998,0.00791796,0.0,unsat,unknown
21894153,QF_LRA/keymaera/simple_example_1-node2318.smt2,892126,CVC4 f7118b2,1257,default,1778,complete,0.006998,0.01249,0.0,unsat,unknown
21894154,QF_LRA/keymaera/simple_example_1-node2318.smt2,892126,Z3-4.3.2.a054b099c1d6-x64-debian-6.0.6-SMT-COMP-2014,1286,default,1815,complete,0.004998,0.007789,0.0,unsat,unknown
21894163,QF_LRA/keymaera/water_tank-node23593.smt2,892127,CVC4 f7118b2,1257,default,1778,complete,0.005998,0.014003,0.0,unsat,unknown
21894164,QF_LRA/keymaera/water_tank-node23593.smt2,892127,Z3-4.3.2.a054b099c1d6-x64-debian-6.0.6-SMT-COMP-2014,1286,default,1815,complete,0.004998,0.01383,0.0,unsat,unknown
21894171,QF_LRA/keymaera/bouncing-ball-simple-node1628.smt2,892128,CVC4 f7118b2,1257,default,1778,complete,0.006998,0.0105249,0.0,unsat,unknown
21894172,QF_LRA/keymaera/bouncing-ball-simple-node1628.smt2,892128,Z3-4.3.2.a054b099c1d6-x64-debian-6.0.6-SMT-COMP-2014,1286,default,1815,complete,0.005998,0.00803688,0.0,unsat,unknown
21894179,QF_LRA/keymaera/division_dijkstra-node701.smt2,892130,CVC4 f7118b2,1257,default,1778,complete,0.005998,0.00894305,0.0,unsat,unknown
21894180,QF_LRA/keymaera/division_dijkstra-node701.smt2,892130,Z3-4.3.2.a054b099c1d6-x64-debian-6.0.6-SMT-COMP-2014,1286,default,1815,complete,0.004998,0.013722,0.0,unsat,unknown
21893995,QF_LRA/tropical-matrix/constraint-251380.smt2,844107,CVC4 f7118b2,1257,default,1778,timeout (cpu),36000.0,35990.4,764676.0,starexec-unknown,unknown
21893996,QF_LRA/tropical-matrix/constraint-251380.smt2,844107,Z3-4.3.2.a054b099c1d6-x64-debian-6.0.6-SMT-COMP-2014,1286,default,1815,timeout (cpu),36000.0,35986.0,314600.0,starexec-unknown,unknown
21894007,QF_LRA/tropical-matrix/constraint-413064.smt2,844108,CVC4 f7118b2,1257,default,1778,timeout (cpu),36000.1,35985.7,733192.0,starexec-unknown,unknown
21894008,QF_LRA/tropical-matrix/constraint-413064.smt2,844108,Z3-4.3.2.a054b099c1d6-x64-debian-6.0.6-SMT-COMP-2014,1286,default,1815,complete,27098.1,27084.4,450016.0,sat,unknown
21894019,QF_LRA/tropical-matrix/constraint-1007893.smt2,844109,CVC4 f7118b2,1257,default,1778,timeout (cpu),36000.0,35986.5,668324.0,starexec-unknown,unknown
21894020,QF_LRA/tropical-matrix/constraint-1007893.smt2,844109,Z3-4.3.2.a054b099c1d6-x64-debian-6.0.6-SMT-COMP-2014,1286,default,1815,timeout (cpu),36000.0,35985.5,915480.0,starexec-unknown,unknown
21894031,QF_LRA/tropical-matrix/constraint-343414.smt2,844110,CVC4 f7118b2,1257,default,1778,timeout (cpu),36000.0,35989.8,548788.0,starexec-unknown,unknown
21894032,QF_LRA/tropical-matrix/constraint-343414.smt2,844110,Z3-4.3.2.a054b099c1d6-x64-debian-6.0.6-SMT-COMP-2014,1286,default,1815,timeout (cpu),36000.1,35990.5,420764.0,starexec-unknown,unknown
21894043,QF_LRA/tropical-matrix/constraint-199552.smt2,844111,CVC4 f7118b2,1257,default,1778,complete,824.241,823.964,293248.0,sat,unknown
21894044,QF_LRA/tropical-matrix/constraint-199552.smt2,844111,Z3-4.3.2.a054b099c1d6-x64-debian-6.0.6-SMT-COMP-2014,1286,default,1815,complete,699.086,698.812,289792.0,sat,unknown
21894055,QF_LRA/tropical-matrix/constraint-436218.smt2,844112,CVC4 f7118b2,1257,default,1778,complete,16170.1,16165.4,425340.0,sat,unknown
21894056,QF_LRA/tropical-matrix/constraint-436218.smt2,844112,Z3-4.3.2.a054b099c1d6-x64-debian-6.0.6-SMT-COMP-2014,1286,default,1815,complete,3520.14,3518.85,397868.0,sat,unknown
21894067,QF_LRA/tropical-matrix/constraint-223827.smt2,844113,CVC4 f7118b2,1257,default,1778,complete,2607.17,2606.12,305800.0,sat,unknown
21894068,QF_LRA/tropical-matrix/constraint-223827.smt2,844113,Z3-4.3.2.a054b099c1d6-x64-debian-6.0.6-SMT-COMP-2014,1286,default,1815,complete,393.963,393.799,303284.0,sat,unknown
21894079,QF_LRA/tropical-matrix/constraint-330061.smt2,844114,CVC4 f7118b2,1257,default,1778,complete,3670.43,3668.98,306060.0,sat,unknown
21894080,QF_LRA/tropical-matrix/constraint-330061.smt2,844114,Z3-4.3.2.a054b099c1d6-x64-debian-6.0.6-SMT-COMP-2014,1286,default,1815,complete,7401.54,7398.2,342240.0,sat,unknown
21894091,QF_LRA/tropical-matrix/constraint-556101.smt2,844115,CVC4 f7118b2,1257,default,1778,timeout (cpu),36000.0,35985.4,781624.0,starexec-unknown,unknown
21894092,QF_LRA/tropical-matrix/constraint-556101.smt2,844115,Z3-4.3.2.a054b099c1d6-x64-debian-6.0.6-SMT-COMP-2014,1286,default,1815,complete,12951.8,12948.2,576956.0,sat,unknown
21894103,QF_LRA/tropical-matrix/constraint-269735.smt2,844116,CVC4 f7118b2,1257,default,1778,complete,2390.91,2390.13,313268.0,sat,unknown
21894104,QF_LRA/tropical-matrix/constraint-269735.smt2,844116,Z3-4.3.2.a054b099c1d6-x64-debian-6.0.6-SMT-COMP-2014,1286,default,1815,complete,1789.67,1788.98,328856.0,sat,unknown
21893985,QF_LRA/DTP-Scheduling/constraints-cooking01.smt2,406462,CVC4 f7118b2,1257,default,1778,complete,0.009998,0.025891,0.0,sat,unknown
21893986,QF_LRA/DTP-Scheduling/constraints-cooking01.smt2,406462,Z3-4.3.2.a054b099c1d6-x64-debian-6.0.6-SMT-COMP-2014,1286,default,1815,complete,0.006998,0.017198,0.0,sat,unknown
21893997,QF_LRA/DTP-Scheduling/constraints-cooking02.smt2,406463,CVC4 f7118b2,1257,default,1778,complete,0.013997,0.0191471,0.0,sat,unknown
21893998,QF_LRA/DTP-Scheduling/constraints-cooking02.smt2,406463,Z3-4.3.2.a054b099c1d6-x64-debian-6.0.6-SMT-COMP-2014,1286,default,1815,complete,0.007997,0.0123941,0.0,sat,unknown
21894009,QF_LRA/DTP-Scheduling/constraints-cooking03.smt2,406464,CVC4 f7118b2,1257,default,1778,complete,0.013997,0.0267771,0.0,sat,unknown
21894010,QF_LRA/DTP-Scheduling/constraints-cooking03.smt2,406464,Z3-4.3.2.a054b099c1d6-x64-debian-6.0.6-SMT-COMP-2014,1286,default,1815,complete,0.006998,0.0147219,0.0,sat,unknown
21894021,QF_LRA/DTP-Scheduling/constraints-cooking04.smt2,406465,CVC4 f7118b2,1257,default,1778,complete,0.016996,0.020136,0.0,sat,unknown
21894022,QF_LRA/DTP-Scheduling/constraints-cooking04.smt2,406465,Z3-4.3.2.a054b099c1d6-x64-debian-6.0.6-SMT-COMP-2014,1286,default,1815,complete,0.007998,0.00962497,0.0,sat,unknown
21894033,QF_LRA/DTP-Scheduling/constraints-cooking05.smt2,406466,CVC4 f7118b2,1257,default,1778,complete,0.018996,0.0223569,0.0,sat,unknown
21894034,QF_LRA/DTP-Scheduling/constraints-cooking05.smt2,406466,Z3-4.3.2.a054b099c1d6-x64-debian-6.0.6-SMT-COMP-2014,1286,default,1815,complete,0.010998,0.0160839,0.0,sat,unknown
21894045,QF_LRA/DTP-Scheduling/constraints-cooking06.smt2,406467,CVC4 f7118b2,1257,default,1778,complete,0.021995,0.0324709,0.0,sat,unknown
21894046,QF_LRA/DTP-Scheduling/constraints-cooking06.smt2,406467,Z3-4.3.2.a054b099c1d6-x64-debian-6.0.6-SMT-COMP-2014,1286,default,1815,complete,0.009997,0.0112241,0.0,sat,unknown
21894057,QF_LRA/DTP-Scheduling/constraints-cooking07.smt2,406468,CVC4 f7118b2,1257,default,1778,complete,0.023996,0.0265649,0.0,sat,unknown
21894058,QF_LRA/DTP-Scheduling/constraints-cooking07.smt2,406468,Z3-4.3.2.a054b099c1d6-x64-debian-6.0.6-SMT-COMP-2014,1286,default,1815,complete,0.009997,0.0112151,0.0,sat,unknown
21894069,QF_LRA/DTP-Scheduling/constraints-cooking08.smt2,406469,CVC4 f7118b2,1257,default,1778,complete,0.025995,0.029451,0.0,sat,unknown
21894070,QF_LRA/DTP-Scheduling/constraints-cooking08.smt2,406469,Z3-4.3.2.a054b099c1d6-x64-debian-6.0.6-SMT-COMP-2014,1286,default,1815,complete,0.009997,0.0119801,0.0,sat,unknown
21894081,QF_LRA/DTP-Scheduling/constraints-cooking09.smt2,406470,CVC4 f7118b2,1257,default,1778,complete,0.027994,0.032413,0.0,sat,unknown
21894082,QF_LRA/DTP-Scheduling/constraints-cooking09.smt2,406470,Z3-4.3.2.a054b099c1d6-x64-debian-6.0.6-SMT-COMP-2014,1286,default,1815,complete,0.011997,0.01284,0.0,sat,unknown
21894093,QF_LRA/DTP-Scheduling/constraints-cooking10.smt2,406471,CVC4 f7118b2,1257,default,1778,complete,0.031995,0.0451329,0.0,sat,unknown
21894094,QF_LRA/DTP-Scheduling/constraints-cooking10.smt2,406471,Z3-4.3.2.a054b099c1d6-x64-debian-6.0.6-SMT-COMP-2014,1286,default,1815,complete,0.011997,0.0204989,0.0,sat,unknown
21894105,QF_LRA/DTP-Scheduling/constraints-cooking11.smt2,406472,CVC4 f7118b2,1257,default,1778,complete,0.034994,0.0464541,106092.0,sat,unknown
21894106,QF_LRA/DTP-Scheduling/constraints-cooking11.smt2,406472,Z3-4.3.2.a054b099c1d6-x64-debian-6.0.6-SMT-COMP-2014,1286,default,1815,complete,0.011997,0.016444,0.0,sat,unknown
21894115,QF_LRA/DTP-Scheduling/constraints-cooking12.smt2,406473,CVC4 f7118b2,1257,default,1778,complete,0.036994,0.0474669,106092.0,sat,unknown
21894116,QF_LRA/DTP-Scheduling/constraints-cooking12.smt2,406473,Z3-4.3.2.a054b099c1d6-x64-debian-6.0.6-SMT-COMP-2014,1286,default,1815,complete,0.013997,0.015151,0.0,sat,unknown
21894125,QF_LRA/DTP-Scheduling/constraints-cooking13.smt2,406474,CVC4 f7118b2,1257,default,1778,complete,0.039993,0.043728,106092.0,sat,unknown
21894126,QF_LRA/DTP-Scheduling/constraints-cooking13.smt2,406474,Z3-4.3.2.a054b099c1d6-x64-debian-6.0.6-SMT-COMP-2014,1286,default,1815,complete,0.013997,0.0154451,106092.0,sat,unknown
21894135,QF_LRA/DTP-Scheduling/constraints-cooking14.smt2,406475,CVC4 f7118b2,1257,default,1778,complete,0.043993,0.0471681,0.0,sat,unknown
21894136,QF_LRA/DTP-Scheduling/constraints-cooking14.smt2,406475,Z3-4.3.2.a054b099c1d6-x64-debian-6.0.6-SMT-COMP-2014,1286,default,1815,complete,0.015997,0.016395,0.0,sat,unknown
21894145,QF_LRA/DTP-Scheduling/constraints-cooking15.smt2,406476,CVC4 f7118b2,1257,default,1778,complete,0.045992,0.0556011,106092.0,sat,unknown
21894146,QF_LRA/DTP-Scheduling/constraints-cooking15.smt2,406476,Z3-4.3.2.a054b099c1d6-x64-debian-6.0.6-SMT-COMP-2014,1286,default,1815,complete,0.014997,0.016324,0.0,sat,unknown
21894155,QF_LRA/DTP-Scheduling/constraints-cooking16.smt2,406477,CVC4 f7118b2,1257,default,1778,complete,0.049991,0.059841,106092.0,sat,unknown
21894156,QF_LRA/DTP-Scheduling/constraints-cooking16.smt2,406477,Z3-4.3.2.a054b099c1d6-x64-debian-6.0.6-SMT-COMP-2014,1286,default,1815,complete,0.016996,0.0247761,0.0,sat,unknown
21894165,QF_LRA/DTP-Scheduling/constraints-cooking17.smt2,406478,CVC4 f7118b2,1257,default,1778,complete,0.052991,0.056186,106092.0,sat,unknown
21894166,QF_LRA/DTP-Scheduling/constraints-cooking17.smt2,406478,Z3-4.3.2.a054b099c1d6-x64-debian-6.0.6-SMT-COMP-2014,1286,default,1815,complete,0.015996,0.0178829,0.0,sat,unknown
21894173,QF_LRA/DTP-Scheduling/constraints-cooking18.smt2,406479,CVC4 f7118b2,1257,default,1778,complete,0.05799,0.070161,106092.0,sat,unknown
21894174,QF_LRA/DTP-Scheduling/constraints-cooking18.smt2,406479,Z3-4.3.2.a054b099c1d6-x64-debian-6.0.6-SMT-COMP-2014,1286,default,1815,complete,0.019996,0.0274001,0.0,sat,unknown
21894181,QF_LRA/DTP-Scheduling/constraints-cooking19.smt2,406480,CVC4 f7118b2,1257,default,1778,complete,0.05999,0.0712181,0.0,sat,unknown
21894182,QF_LRA/DTP-Scheduling/constraints-cooking19.smt2,406480,Z3-4.3.2.a054b099c1d6-x64-debian-6.0.6-SMT-COMP-2014,1286,default,1815,complete,0.018996,0.0195159,0.0,sat,unknown
21894187,QF_LRA/DTP-Scheduling/constraints-cooking20.smt2,406481,CVC4 f7118b2,1257,default,1778,complete,0.06199,0.0719361,106092.0,sat,unknown
21894188,QF_LRA/DTP-Scheduling/constraints-cooking20.smt2,406481,Z3-4.3.2.a054b099c1d6-x64-debian-6.0.6-SMT-COMP-2014,1286,default,1815,complete,0.017996,0.027348,0.0,sat,unknown
21894193,QF_LRA/DTP-Scheduling/constraints-cooking21.smt2,406482,CVC4 f7118b2,1257,default,1778,complete,0.065989,0.079214,106092.0,sat,unknown
21894194,QF_LRA/DTP-Scheduling/constraints-cooking21.smt2,406482,Z3-4.3.2.a054b099c1d6-x64-debian-6.0.6-SMT-COMP-2014,1286,default,1815,complete,0.019996,0.027974,0.0,sat,unknown
21894199,QF_LRA/DTP-Scheduling/constraints-cooking22.smt2,406483,CVC4 f7118b2,1257,default,1778,complete,0.070988,0.0757979,255820.0,sat,unknown
21894200,QF_LRA/DTP-Scheduling/constraints-cooking22.smt2,406483,Z3-4.3.2.a054b099c1d6-x64-debian-6.0.6-SMT-COMP-2014,1286,default,1815,complete,0.021996,0.034023,0.0,sat,unknown
21894205,QF_LRA/DTP-Scheduling/constraints-cooking23.smt2,406484,CVC4 f7118b2,1257,default,1778,complete,0.071988,0.0749541,0.0,sat,unknown
21894206,QF_LRA/DTP-Scheduling/constraints-cooking23.smt2,406484,Z3-4.3.2.a054b099c1d6-x64-debian-6.0.6-SMT-COMP-2014,1286,default,1815,complete,0.020995,0.03817,0.0,sat,unknown
21894211,QF_LRA/DTP-Scheduling/constraints-tempo-depth-10.smt2,406485,CVC4 f7118b2,1257,default,1778,complete,0.028995,0.0419429,0.0,sat,unknown
21894212,QF_LRA/DTP-Scheduling/constraints-tempo-depth-10.smt2,406485,Z3-4.3.2.a054b099c1d6-x64-debian-6.0.6-SMT-COMP-2014,1286,default,1815,complete,0.010998,0.0198829,0.0,sat,unknown
21894217,QF_LRA/DTP-Scheduling/constraints-tempo-depth-100.smt2,406486,CVC4 f7118b2,1257,default,1778,complete,0.457929,0.468768,106092.0,sat,unknown
21894218,QF_LRA/DTP-Scheduling/constraints-tempo-depth-100.smt2,406486,Z3-4.3.2.a054b099c1d6-x64-debian-6.0.6-SMT-COMP-2014,1286,default,1815,complete,0.117981,0.125504,106092.0,sat,unknown
21894223,QF_LRA/DTP-Scheduling/constraints-tempo-depth-150.smt2,406487,CVC4 f7118b2,1257,default,1778,complete,1.75373,1.75693,281928.0,sat,unknown
21894224,QF_LRA/DTP-Scheduling/constraints-tempo-depth-150.smt2,406487,Z3-4.3.2.a054b099c1d6-x64-debian-6.0.6-SMT-COMP-2014,1286,default,1815,complete,0.205968,0.207498,106092.0,sat,unknown
21894229,QF_LRA/DTP-Scheduling/constraints-tempo-depth-2.smt2,406488,CVC4 f7118b2,1257,default,1778,complete,0.009997,0.025207,0.0,sat,unknown
21894230,QF_LRA/DTP-Scheduling/constraints-tempo-depth-2.smt2,406488,Z3-4.3.2.a054b099c1d6-x64-debian-6.0.6-SMT-COMP-2014,1286,default,1815,complete,0.005998,0.0152929,0.0,sat,unknown
21894233,QF_LRA/DTP-Scheduling/constraints-tempo-depth-20.smt2,406489,CVC4 f7118b2,1257,default,1778,complete,0.050991,0.0648711,106092.0,sat,unknown
21894234,QF_LRA/DTP-Scheduling/constraints-tempo-depth-20.smt2,406489,Z3-4.3.2.a054b099c1d6-x64-debian-6.0.6-SMT-COMP-2014,1286,default,1815,complete,0.016997,0.0265591,106092.0,sat,unknown
21894237,QF_LRA/DTP-Scheduling/constraints-tempo-depth-3.smt2,406490,CVC4 f7118b2,1257,default,1778,complete,0.010998,0.0223829,106092.0,sat,unknown
21894238,QF_LRA/DTP-Scheduling/constraints-tempo-depth-3.smt2,406490,Z3-4.3.2.a054b099c1d6-x64-debian-6.0.6-SMT-COMP-2014,1286,default,1815,complete,0.006998,0.0154929,0.0,sat,unknown
21894241,QF_LRA/DTP-Scheduling/constraints-tempo-depth-30.smt2,406491,CVC4 f7118b2,1257,default,1778,complete,0.079986,0.0834109,106092.0,sat,unknown
21894242,QF_LRA/DTP-Scheduling/constraints-tempo-depth-30.smt2,406491,Z3-4.3.2.a054b099c1d6-x64-debian-6.0.6-SMT-COMP-2014,1286,default,1815,complete,0.024995,0.0259661,0.0,sat,unknown
21894245,QF_LRA/DTP-Scheduling/constraints-tempo-depth-4.smt2,406492,CVC4 f7118b2,1257,default,1778,complete,0.012997,0.0243961,0.0,sat,unknown
21894246,QF_LRA/DTP-Scheduling/constraints-tempo-depth-4.smt2,406492,Z3-4.3.2.a054b099c1d6-x64-debian-6.0.6-SMT-COMP-2014,1286,default,1815,complete,0.007998,0.0164131,0.0,sat,unknown
21894249,QF_LRA/DTP-Scheduling/constraints-tempo-depth-40.smt2,406493,CVC4 f7118b2,1257,default,1778,complete,0.114982,0.130336,106092.0,sat,unknown
21894250,QF_LRA/DTP-Scheduling/constraints-tempo-depth-40.smt2,406493,Z3-4.3.2.a054b099c1d6-x64-debian-6.0.6-SMT-COMP-2014,1286,default,1815,complete,0.033994,0.045126,0.0,sat,unknown
21894253,QF_LRA/DTP-Scheduling/constraints-tempo-depth-5.smt2,406494,CVC4 f7118b2,1257,default,1778,complete,0.014997,0.0188899,0.0,sat,unknown
21894254,QF_LRA/DTP-Scheduling/constraints-tempo-depth-5.smt2,406494,Z3-4.3.2.a054b099c1d6-x64-debian-6.0.6-SMT-COMP-2014,1286,default,1815,complete,0.007998,0.0190831,0.0,sat,unknown
21894257,QF_LRA/DTP-Scheduling/constraints-tempo-depth-50.smt2,406495,CVC4 f7118b2,1257,default,1778,complete,0.208967,0.226132,106092.0,sat,unknown
21894258,QF_LRA/DTP-Scheduling/constraints-tempo-depth-50.smt2,406495,Z3-4.3.2.a054b099c1d6-x64-debian-6.0.6-SMT-COMP-2014,1286,default,1815,complete,0.044993,0.056825,0.0,sat,unknown
21894261,QF_LRA/DTP-Scheduling/constraints-tempo-depth-6.smt2,406496,CVC4 f7118b2,1257,default,1778,complete,0.017997,0.032086,0.0,sat,unknown
21894262,QF_LRA/DTP-Scheduling/constraints-tempo-depth-6.smt2,406496,Z3-4.3.2.a054b099c1d6-x64-debian-6.0.6-SMT-COMP-2014,1286,default,1815,complete,0.007998,0.010122,0.0,sat,unknown
21894265,QF_LRA/DTP-Scheduling/constraints-tempo-depth-7.smt2,406497,CVC4 f7118b2,1257,default,1778,complete,0.019996,0.0355839,106092.0,sat,unknown
21894266,QF_LRA/DTP-Scheduling/constraints-tempo-depth-7.smt2,406497,Z3-4.3.2.a054b099c1d6-x64-debian-6.0.6-SMT-COMP-2014,1286,default,1815,complete,0.008997,0.017786,0.0,sat,unknown
21894269,QF_LRA/DTP-Scheduling/constraints-tempo-depth-8.smt2,406498,CVC4 f7118b2,1257,default,1778,complete,0.022995,0.036802,0.0,sat,unknown
21894270,QF_LRA/DTP-Scheduling/constraints-tempo-depth-8.smt2,406498,Z3-4.3.2.a054b099c1d6-x64-debian-6.0.6-SMT-COMP-2014,1286,default,1815,complete,0.009997,0.0185501,106092.0,sat,unknown
21894273,QF_LRA/DTP-Scheduling/constraints-tempo-depth-9.smt2,406499,CVC4 f7118b2,1257,default,1778,complete,0.023995,0.0357779,106092.0,sat,unknown
21894274,QF_LRA/DTP-Scheduling/constraints-tempo-depth-9.smt2,406499,Z3-4.3.2.a054b099c1d6-x64-debian-6.0.6-SMT-COMP-2014,1286,default,1815,complete,0.009997,0.0192169,0.0,sat,unknown
21894277,QF_LRA/DTP-Scheduling/constraints-tempo-matrix1x1.pddl.smt2,406500,CVC4 f7118b2,1257,default,1778,complete,0.007998,0.0223811,0.0,sat,unknown
21894278,QF_LRA/DTP-Scheduling/constraints-tempo-matrix1x1.pddl.smt2,406500,Z3-4.3.2.a054b099c1d6-x64-debian-6.0.6-SMT-COMP-2014,1286,default,1815,complete,0.005998,0.0176451,0.0,sat,unknown
21894281,QF_LRA/DTP-Scheduling/constraints-tempo-matrix2x2.pddl.smt2,406501,CVC4 f7118b2,1257,default,1778,complete,0.017996,0.0397269,0.0,sat,unknown
21894282,QF_LRA/DTP-Scheduling/constraints-tempo-matrix2x2.pddl.smt2,406501,Z3-4.3.2.a054b099c1d6-x64-debian-6.0.6-SMT-COMP-2014,1286,default,1815,complete,0.007997,0.020523,0.0,sat,unknown
21894285,QF_LRA/DTP-Scheduling/constraints-tempo-matrix3x3.pddl.smt2,406502,CVC4 f7118b2,1257,default,1778,complete,0.042992,0.0543081,106092.0,sat,unknown
21894286,QF_LRA/DTP-Scheduling/constraints-tempo-matrix3x3.pddl.smt2,406502,Z3-4.3.2.a054b099c1d6-x64-debian-6.0.6-SMT-COMP-2014,1286,default,1815,complete,0.017996,0.026723,0.0,sat,unknown
21894289,QF_LRA/DTP-Scheduling/constraints-tempo-matrix4x4.pddl.smt2,406503,CVC4 f7118b2,1257,default,1778,complete,0.105983,0.119558,106092.0,sat,unknown
21894290,QF_LRA/DTP-Scheduling/constraints-tempo-matrix4x4.pddl.smt2,406503,Z3-4.3.2.a054b099c1d6-x64-debian-6.0.6-SMT-COMP-2014,1286,default,1815,complete,0.036993,0.045832,106092.0,sat,unknown
21894293,QF_LRA/DTP-Scheduling/constraints-tempo-matrix5x5.pddl.smt2,406504,CVC4 f7118b2,1257,default,1778,complete,0.228964,0.242538,106092.0,sat,unknown
21894294,QF_LRA/DTP-Scheduling/constraints-tempo-matrix5x5.pddl.smt2,406504,Z3-4.3.2.a054b099c1d6-x64-debian-6.0.6-SMT-COMP-2014,1286,default,1815,complete,0.069988,0.070214,0.0,sat,unknown
21894297,QF_LRA/DTP-Scheduling/constraints-tempo-matrix6x6.pddl.smt2,406505,CVC4 f7118b2,1257,default,1778,complete,0.513921,0.527045,106092.0,sat,unknown
21894298,QF_LRA/DTP-Scheduling/constraints-tempo-matrix6x6.pddl.smt2,406505,Z3-4.3.2.a054b099c1d6-x64-debian-6.0.6-SMT-COMP-2014,1286,default,1815,complete,0.151976,0.160127,106092.0,sat,unknown
21894301,QF_LRA/DTP-Scheduling/constraints-tempo-matrix7x7.pddl.smt2,406506,CVC4 f7118b2,1257,default,1778,complete,1.07883,1.09084,275128.0,sat,unknown
21894302,QF_LRA/DTP-Scheduling/constraints-tempo-matrix7x7.pddl.smt2,406506,Z3-4.3.2.a054b099c1d6-x64-debian-6.0.6-SMT-COMP-2014,1286,default,1815,complete,0.288955,0.296635,106092.0,sat,unknown
21894305,QF_LRA/DTP-Scheduling/constraints-tempo-matrix8x8.pddl.smt2,406507,CVC4 f7118b2,1257,default,1778,complete,1.70374,1.71893,286216.0,sat,unknown
21894306,QF_LRA/DTP-Scheduling/constraints-tempo-matrix8x8.pddl.smt2,406507,Z3-4.3.2.a054b099c1d6-x64-debian-6.0.6-SMT-COMP-2014,1286,default,1815,complete,0.684895,0.695711,106092.0,sat,unknown
21894309,QF_LRA/DTP-Scheduling/constraints-tempo-width-1.smt2,406508,CVC4 f7118b2,1257,default,1778,complete,0.007998,0.0222041,0.0,sat,unknown
21894310,QF_LRA/DTP-Scheduling/constraints-tempo-width-1.smt2,406508,Z3-4.3.2.a054b099c1d6-x64-debian-6.0.6-SMT-COMP-2014,1286,default,1815,complete,0.005998,0.0144039,0.0,sat,unknown
21894313,QF_LRA/DTP-Scheduling/constraints-tempo-width-10.smt2,406509,CVC4 f7118b2,1257,default,1778,complete,0.099984,0.112335,106092.0,sat,unknown
21894314,QF_LRA/DTP-Scheduling/constraints-tempo-width-10.smt2,406509,Z3-4.3.2.a054b099c1d6-x64-debian-6.0.6-SMT-COMP-2014,1286,default,1815,complete,0.039993,0.0478379,0.0,sat,unknown
21894315,QF_LRA/DTP-Scheduling/constraints-tempo-width-2.smt2,406510,CVC4 f7118b2,1257,default,1778,complete,0.010997,0.0215731,0.0,sat,unknown
21894316,QF_LRA/DTP-Scheduling/constraints-tempo-width-2.smt2,406510,Z3-4.3.2.a054b099c1d6-x64-debian-6.0.6-SMT-COMP-2014,1286,default,1815,complete,0.006998,0.015526,0.0,sat,unknown
21894317,QF_LRA/DTP-Scheduling/constraints-tempo-width-20.smt2,406511,CVC4 f7118b2,1257,default,1778,complete,0.709891,0.720659,106092.0,sat,unknown
21894318,QF_LRA/DTP-Scheduling/constraints-tempo-width-20.smt2,406511,Z3-4.3.2.a054b099c1d6-x64-debian-6.0.6-SMT-COMP-2014,1286,default,1815,complete,0.250961,0.259404,106092.0,sat,unknown
21894319,QF_LRA/DTP-Scheduling/constraints-tempo-width-3.smt2,406512,CVC4 f7118b2,1257,default,1778,complete,0.014996,0.0260709,0.0,sat,unknown
21894320,QF_LRA/DTP-Scheduling/constraints-tempo-width-3.smt2,406512,Z3-4.3.2.a054b099c1d6-x64-debian-6.0.6-SMT-COMP-2014,1286,default,1815,complete,0.008997,0.016965,0.0,sat,unknown
21894321,QF_LRA/DTP-Scheduling/constraints-tempo-width-30.smt2,406513,CVC4 f7118b2,1257,default,1778,complete,2.83657,2.8387,288740.0,sat,unknown
21894322,QF_LRA/DTP-Scheduling/constraints-tempo-width-30.smt2,406513,Z3-4.3.2.a054b099c1d6-x64-debian-6.0.6-SMT-COMP-2014,1286,default,1815,complete,0.865868,0.865935,106092.0,sat,unknown
21894323,QF_LRA/DTP-Scheduling/constraints-tempo-width-4.smt2,406514,CVC4 f7118b2,1257,default,1778,complete,0.020996,0.0239129,106092.0,sat,unknown
21894324,QF_LRA/DTP-Scheduling/constraints-tempo-width-4.smt2,406514,Z3-4.3.2.a054b099c1d6-x64-debian-6.0.6-SMT-COMP-2014,1286,default,1815,complete,0.009997,0.019028,0.0,sat,unknown
21894325,QF_LRA/DTP-Scheduling/constraints-tempo-width-40.smt2,406515,CVC4 f7118b2,1257,default,1778,complete,8.92564,8.93122,314432.0,sat,unknown
21894326,QF_LRA/DTP-Scheduling/constraints-tempo-width-40.smt2,406515,Z3-4.3.2.a054b099c1d6-x64-debian-6.0.6-SMT-COMP-2014,1286,default,1815,complete,2.22066,2.22787,284552.0,sat,unknown
21894327,QF_LRA/DTP-Scheduling/constraints-tempo-width-5.smt2,406516,CVC4 f7118b2,1257,default,1778,complete,0.027995,0.0390669,106092.0,sat,unknown
21894328,QF_LRA/DTP-Scheduling/constraints-tempo-width-5.smt2,406516,Z3-4.3.2.a054b099c1d6-x64-debian-6.0.6-SMT-COMP-2014,1286,default,1815,complete,0.012997,0.0210949,0.0,sat,unknown
21894329,QF_LRA/DTP-Scheduling/constraints-tempo-width-50.smt2,406517,CVC4 f7118b2,1257,default,1778,complete,23.0745,23.0782,348748.0,sat,unknown
21894330,QF_LRA/DTP-Scheduling/constraints-tempo-width-50.smt2,406517,Z3-4.3.2.a054b099c1d6-x64-debian-6.0.6-SMT-COMP-2014,1286,default,1815,complete,8.14976,8.15473,328840.0,sat,unknown
21894331,QF_LRA/DTP-Scheduling/constraints-tempo-width-6.smt2,406518,CVC4 f7118b2,1257,default,1778,complete,0.037993,0.047836,0.0,sat,unknown
21894332,QF_LRA/DTP-Scheduling/constraints-tempo-width-6.smt2,406518,Z3-4.3.2.a054b099c1d6-x64-debian-6.0.6-SMT-COMP-2014,1286,default,1815,complete,0.015997,0.0243609,0.0,sat,unknown
21894333,QF_LRA/DTP-Scheduling/constraints-tempo-width-60.smt2,406519,CVC4 f7118b2,1257,default,1778,complete,49.7314,49.7435,388672.0,sat,unknown
21894334,QF_LRA/DTP-Scheduling/constraints-tempo-width-60.smt2,406519,Z3-4.3.2.a054b099c1d6-x64-debian-6.0.6-SMT-COMP-2014,1286,default,1815,complete,11.6772,11.6747,388392.0,sat,unknown
21894335,QF_LRA/DTP-Scheduling/constraints-tempo-width-7.smt2,406520,CVC4 f7118b2,1257,default,1778,complete,0.048991,0.0597791,0.0,sat,unknown
21894336,QF_LRA/DTP-Scheduling/constraints-tempo-width-7.smt2,406520,Z3-4.3.2.a054b099c1d6-x64-debian-6.0.6-SMT-COMP-2014,1286,default,1815,complete,0.020996,0.0287621,0.0,sat,unknown
21894337,QF_LRA/DTP-Scheduling/constraints-tempo-width-70.smt2,406521,CVC4 f7118b2,1257,default,1778,complete,94.3457,94.3524,438412.0,sat,unknown
21894338,QF_LRA/DTP-Scheduling/constraints-tempo-width-70.smt2,406521,Z3-4.3.2.a054b099c1d6-x64-debian-6.0.6-SMT-COMP-2014,1286,default,1815,complete,24.9652,24.9709,474532.0,sat,unknown
21894339,QF_LRA/DTP-Scheduling/constraints-tempo-width-8.smt2,406522,CVC4 f7118b2,1257,default,1778,complete,0.06199,0.073276,106092.0,sat,unknown
21894340,QF_LRA/DTP-Scheduling/constraints-tempo-width-8.smt2,406522,Z3-4.3.2.a054b099c1d6-x64-debian-6.0.6-SMT-COMP-2014,1286,default,1815,complete,0.028995,0.0411759,0.0,sat,unknown
21894341,QF_LRA/DTP-Scheduling/constraints-tempo-width-9.smt2,406523,CVC4 f7118b2,1257,default,1778,complete,0.078987,0.0820639,106092.0,sat,unknown
21894342,QF_LRA/DTP-Scheduling/constraints-tempo-width-9.smt2,406523,Z3-4.3.2.a054b099c1d6-x64-debian-6.0.6-SMT-COMP-2014,1286,default,1815,complete,0.030994,0.0320301,0.0,sat,unknown
21894343,QF_LRA/DTP-Scheduling/constraints-temporal-machine-shop-2-3-A03.smt2,406524,CVC4 f7118b2,1257,default,1778,complete,0.012997,0.015861,0.0,sat,unknown
21894344,QF_LRA/DTP-Scheduling/constraints-temporal-machine-shop-2-3-A03.smt2,406524,Z3-4.3.2.a054b099c1d6-x64-debian-6.0.6-SMT-COMP-2014,1286,default,1815,complete,0.006998,0.016102,0.0,sat,unknown
21894345,QF_LRA/DTP-Scheduling/constraints-temporal-machine-shop-2-3-A04.smt2,406525,CVC4 f7118b2,1257,default,1778,complete,0.019996,0.028364,106092.0,sat,unknown
21894346,QF_LRA/DTP-Scheduling/constraints-temporal-machine-shop-2-3-A04.smt2,406525,Z3-4.3.2.a054b099c1d6-x64-debian-6.0.6-SMT-COMP-2014,1286,default,1815,complete,0.008997,0.018254,0.0,sat,unknown
21894347,QF_LRA/DTP-Scheduling/constraints-temporal-machine-shop-2-3-A05.smt2,406526,CVC4 f7118b2,1257,default,1778,complete,0.019996,0.0309909,0.0,sat,unknown
21894348,QF_LRA/DTP-Scheduling/constraints-temporal-machine-shop-2-3-A05.smt2,406526,Z3-4.3.2.a054b099c1d6-x64-debian-6.0.6-SMT-COMP-2014,1286,default,1815,complete,0.009998,0.0185621,0.0,sat,unknown
21894349,QF_LRA/DTP-Scheduling/constraints-temporal-machine-shop-2-3-A06.smt2,406527,CVC4 f7118b2,1257,default,1778,complete,0.027995,0.0379129,0.0,sat,unknown
21894350,QF_LRA/DTP-Scheduling/constraints-temporal-machine-shop-2-3-A06.smt2,406527,Z3-4.3.2.a054b099c1d6-x64-debian-6.0.6-SMT-COMP-2014,1286,default,1815,complete,0.010997,0.012794,0.0,sat,unknown
21894351,QF_LRA/DTP-Scheduling/constraints-temporal-machine-shop-2-3-A07.smt2,406528,CVC4 f7118b2,1257,default,1778,complete,0.027995,0.038503,0.0,sat,unknown
21894352,QF_LRA/DTP-Scheduling/constraints-temporal-machine-shop-2-3-A07.smt2,406528,Z3-4.3.2.a054b099c1d6-x64-debian-6.0.6-SMT-COMP-2014,1286,default,1815,complete,0.010997,0.0202391,106092.0,sat,unknown
21894353,QF_LRA/DTP-Scheduling/constraints-temporal-machine-shop-2-3-A08.smt2,406529,CVC4 f7118b2,1257,default,1778,complete,0.035993,0.050721,0.0,sat,unknown
21894354,QF_LRA/DTP-Scheduling/constraints-temporal-machine-shop-2-3-A08.smt2,406529,Z3-4.3.2.a054b099c1d6-x64-debian-6.0.6-SMT-COMP-2014,1286,default,1815,complete,0.013997,0.0226709,0.0,sat,unknown
21894355,QF_LRA/DTP-Scheduling/constraints-temporal-machine-shop-2-3-A09.smt2,406530,CVC4 f7118b2,1257,default,1778,complete,0.033994,0.0459621,0.0,sat,unknown
21894356,QF_LRA/DTP-Scheduling/constraints-temporal-machine-shop-2-3-A09.smt2,406530,Z3-4.3.2.a054b099c1d6-x64-debian-6.0.6-SMT-COMP-2014,1286,default,1815,complete,0.015997,0.023651,0.0,sat,unknown
21894357,QF_LRA/DTP-Scheduling/constraints-temporal-machine-shop-2-3-A10.smt2,406531,CVC4 f7118b2,1257,default,1778,complete,0.041993,0.052017,0.0,sat,unknown
21894358,QF_LRA/DTP-Scheduling/constraints-temporal-machine-shop-2-3-A10.smt2,406531,Z3-4.3.2.a054b099c1d6-x64-debian-6.0.6-SMT-COMP-2014,1286,default,1815,complete,0.016996,0.02545,0.0,sat,unknown
21894359,QF_LRA/DTP-Scheduling/constraints-temporal-machine-shop-2-3-A20.smt2,406532,CVC4 f7118b2,1257,default,1778,complete,0.091985,0.103698,106092.0,sat,unknown
21894360,QF_LRA/DTP-Scheduling/constraints-temporal-machine-shop-2-3-A20.smt2,406532,Z3-4.3.2.a054b099c1d6-x64-debian-6.0.6-SMT-COMP-2014,1286,default,1815,complete,0.027995,0.036246,106092.0,sat,unknown
21894361,QF_LRA/DTP-Scheduling/constraints-temporal-machine-shop-2-3-A30.smt2,406533,CVC4 f7118b2,1257,default,1778,complete,0.129979,0.133413,106092.0,sat,unknown
21894362,QF_LRA/DTP-Scheduling/constraints-temporal-machine-shop-2-3-A30.smt2,406533,Z3-4.3.2.a054b099c1d6-x64-debian-6.0.6-SMT-COMP-2014,1286,default,1815,complete,0.041993,0.0497341,0.0,sat,unknown
21894363,QF_LRA/DTP-Scheduling/constraints-temporal-machine-shop-2-3-A40.smt2,406534,CVC4 f7118b2,1257,default,1778,complete,0.216966,0.219961,106092.0,sat,unknown
21894364,QF_LRA/DTP-Scheduling/constraints-temporal-machine-shop-2-3-A40.smt2,406534,Z3-4.3.2.a054b099c1d6-x64-debian-6.0.6-SMT-COMP-2014,1286,default,1815,complete,0.060989,0.0690621,0.0,sat,unknown
21894365,QF_LRA/DTP-Scheduling/constraints-temporal-machine-shop-2-3-A60.smt2,406535,CVC4 f7118b2,1257,default,1778,complete,0.404937,0.419319,106092.0,sat,unknown
21894366,QF_LRA/DTP-Scheduling/constraints-temporal-machine-shop-2-3-A60.smt2,406535,Z3-4.3.2.a054b099c1d6-x64-debian-6.0.6-SMT-COMP-2014,1286,default,1815,complete,0.095985,0.103428,106092.0,sat,unknown
21894367,QF_LRA/DTP-Scheduling/constraints-temporal-machine-shop-2-3-A70.smt2,406536,CVC4 f7118b2,1257,default,1778,complete,0.420935,0.423293,106092.0,sat,unknown
21894368,QF_LRA/DTP-Scheduling/constraints-temporal-machine-shop-2-3-A70.smt2,406536,Z3-4.3.2.a054b099c1d6-x64-debian-6.0.6-SMT-COMP-2014,1286,default,1815,complete,0.12098,0.129132,106092.0,sat,unknown
21894369,QF_LRA/DTP-Scheduling/constraints-temporal-machine-shop-2-3-A80.smt2,406537,CVC4 f7118b2,1257,default,1778,complete,0.508921,0.520359,106092.0,sat,unknown
21894370,QF_LRA/DTP-Scheduling/constraints-temporal-machine-shop-2-3-A80.smt2,406537,Z3-4.3.2.a054b099c1d6-x64-debian-6.0.6-SMT-COMP-2014,1286,default,1815,complete,0.147976,0.156096,106092.0,sat,unknown
21894371,QF_LRA/DTP-Scheduling/constraints-tms-2-3-light-03.smt2,406538,CVC4 f7118b2,1257,default,1778,complete,0.009997,0.020324,0.0,sat,unknown
21894372,QF_LRA/DTP-Scheduling/constraints-tms-2-3-light-03.smt2,406538,Z3-4.3.2.a054b099c1d6-x64-debian-6.0.6-SMT-COMP-2014,1286,default,1815,complete,0.005998,0.0147829,0.0,sat,unknown
21894373,QF_LRA/DTP-Scheduling/constraints-tms-2-3-light-04.smt2,406539,CVC4 f7118b2,1257,default,1778,complete,0.015997,0.027336,106092.0,sat,unknown
21894374,QF_LRA/DTP-Scheduling/constraints-tms-2-3-light-04.smt2,406539,Z3-4.3.2.a054b099c1d6-x64-debian-6.0.6-SMT-COMP-2014,1286,default,1815,complete,0.007998,0.016662,0.0,sat,unknown
21894375,QF_LRA/DTP-Scheduling/constraints-tms-2-3-light-05.smt2,406540,CVC4 f7118b2,1257,default,1778,complete,0.013997,0.026412,0.0,sat,unknown
21894376,QF_LRA/DTP-Scheduling/constraints-tms-2-3-light-05.smt2,406540,Z3-4.3.2.a054b099c1d6-x64-debian-6.0.6-SMT-COMP-2014,1286,default,1815,complete,0.008998,0.016439,0.0,sat,unknown
21894377,QF_LRA/DTP-Scheduling/constraints-tms-2-3-light-06.smt2,406541,CVC4 f7118b2,1257,default,1778,complete,0.020995,0.032174,0.0,sat,unknown
21894378,QF_LRA/DTP-Scheduling/constraints-tms-2-3-light-06.smt2,406541,Z3-4.3.2.a054b099c1d6-x64-debian-6.0.6-SMT-COMP-2014,1286,default,1815,complete,0.008998,0.0182289,0.0,sat,unknown
21894379,QF_LRA/DTP-Scheduling/constraints-tms-2-3-light-07.smt2,406542,CVC4 f7118b2,1257,default,1778,complete,0.021995,0.033439,0.0,sat,unknown
21894380,QF_LRA/DTP-Scheduling/constraints-tms-2-3-light-07.smt2,406542,Z3-4.3.2.a054b099c1d6-x64-debian-6.0.6-SMT-COMP-2014,1286,default,1815,complete,0.008997,0.018091,106092.0,sat,unknown
21894381,QF_LRA/DTP-Scheduling/constraints-tms-2-3-light-08.smt2,406543,CVC4 f7118b2,1257,default,1778,complete,0.025995,0.028699,0.0,sat,unknown
21894382,QF_LRA/DTP-Scheduling/constraints-tms-2-3-light-08.smt2,406543,Z3-4.3.2.a054b099c1d6-x64-debian-6.0.6-SMT-COMP-2014,1286,default,1815,complete,0.010998,0.022626,0.0,sat,unknown
21894383,QF_LRA/DTP-Scheduling/constraints-tms-2-3-light-09.smt2,406544,CVC4 f7118b2,1257,default,1778,complete,0.024995,0.036604,106092.0,sat,unknown
21894384,QF_LRA/DTP-Scheduling/constraints-tms-2-3-light-09.smt2,406544,Z3-4.3.2.a054b099c1d6-x64-debian-6.0.6-SMT-COMP-2014,1286,default,1815,complete,0.009997,0.0192939,0.0,sat,unknown
21894385,QF_LRA/DTP-Scheduling/constraints-tms-2-3-light-10.smt2,406545,CVC4 f7118b2,1257,default,1778,complete,0.019996,0.031974,106092.0,sat,unknown
21894386,QF_LRA/DTP-Scheduling/constraints-tms-2-3-light-10.smt2,406545,Z3-4.3.2.a054b099c1d6-x64-debian-6.0.6-SMT-COMP-2014,1286,default,1815,complete,0.009997,0.0182901,0.0,sat,unknown
21894387,QF_LRA/DTP-Scheduling/constraints-tms-2-3-light-20.smt2,406546,CVC4 f7118b2,1257,default,1778,complete,0.05899,0.0698019,106092.0,sat,unknown
21894388,QF_LRA/DTP-Scheduling/constraints-tms-2-3-light-20.smt2,406546,Z3-4.3.2.a054b099c1d6-x64-debian-6.0.6-SMT-COMP-2014,1286,default,1815,complete,0.018996,0.028014,0.0,sat,unknown
21894389,QF_LRA/DTP-Scheduling/constraints-tms-2-3-light-30.smt2,406547,CVC4 f7118b2,1257,default,1778,complete,0.085986,0.0974079,106092.0,sat,unknown
21894390,QF_LRA/DTP-Scheduling/constraints-tms-2-3-light-30.smt2,406547,Z3-4.3.2.a054b099c1d6-x64-debian-6.0.6-SMT-COMP-2014,1286,default,1815,complete,0.026995,0.0435071,0.0,sat,unknown
21894391,QF_LRA/DTP-Scheduling/constraints-tms-2-3-light-40.smt2,406548,CVC4 f7118b2,1257,default,1778,complete,0.133978,0.147329,106092.0,sat,unknown
21894392,QF_LRA/DTP-Scheduling/constraints-tms-2-3-light-40.smt2,406548,Z3-4.3.2.a054b099c1d6-x64-debian-6.0.6-SMT-COMP-2014,1286,default,1815,complete,0.037993,0.0455951,0.0,sat,unknown
21894393,QF_LRA/DTP-Scheduling/constraints-tms-2-3-light-60.smt2,406549,CVC4 f7118b2,1257,default,1778,complete,0.248961,0.260638,106092.0,sat,unknown
21894394,QF_LRA/DTP-Scheduling/constraints-tms-2-3-light-60.smt2,406549,Z3-4.3.2.a054b099c1d6-x64-debian-6.0.6-SMT-COMP-2014,1286,default,1815,complete,0.05899,0.0682179,106092.0,sat,unknown
21894395,QF_LRA/DTP-Scheduling/constraints-tms-2-3-light-70.smt2,406550,CVC4 f7118b2,1257,default,1778,complete,0.279957,0.29113,106092.0,sat,unknown
21894396,QF_LRA/DTP-Scheduling/constraints-tms-2-3-light-70.smt2,406550,Z3-4.3.2.a054b099c1d6-x64-debian-6.0.6-SMT-COMP-2014,1286,default,1815,complete,0.068989,0.0769161,106092.0,sat,unknown
21894397,QF_LRA/DTP-Scheduling/constraints-tms-2-3-light-80.smt2,406551,CVC4 f7118b2,1257,default,1778,complete,0.327949,0.340029,106092.0,sat,unknown
21894398,QF_LRA/DTP-Scheduling/constraints-tms-2-3-light-80.smt2,406551,Z3-4.3.2.a054b099c1d6-x64-debian-6.0.6-SMT-COMP-2014,1286,default,1815,complete,0.080987,0.088821,106092.0,sat,unknown
21894399,QF_LRA/DTP-Scheduling/constraints-tms-2-3-light-90.smt2,406552,CVC4 f7118b2,1257,default,1778,complete,0.430933,0.44264,106092.0,sat,unknown
21894400,QF_LRA/DTP-Scheduling/constraints-tms-2-3-light-90.smt2,406552,Z3-4.3.2.a054b099c1d6-x64-debian-6.0.6-SMT-COMP-2014,1286,default,1815,complete,0.097984,0.105781,106092.0,sat,unknown
21893987,QF_LRA/LassoRanker/CooperatingT2/fir.t2.c_Iteration4_Loop_7-phaseTemplate.smt2,830850,CVC4 f7118b2,1257,default,1778,complete,255.729,255.652,451252.0,sat,unknown
21893988,QF_LRA/LassoRanker/CooperatingT2/fir.t2.c_Iteration4_Loop_7-phaseTemplate.smt2,830850,Z3-4.3.2.a054b099c1d6-x64-debian-6.0.6-SMT-COMP-2014,1286,default,1815,timeout (cpu),36000.0,35987.5,951056.0,starexec-unknown,unknown
21893999,QF_LRA/LassoRanker/CooperatingT2/hongyi1.t2.c_Iteration1_Loop_7-phaseTemplate.smt2,830854,CVC4 f7118b2,1257,default,1778,complete,2327.17,2326.56,1363996.0,sat,unknown
21894000,QF_LRA/LassoRanker/CooperatingT2/hongyi1.t2.c_Iteration1_Loop_7-phaseTemplate.smt2,830854,Z3-4.3.2.a054b099c1d6-x64-debian-6.0.6-SMT-COMP-2014,1286,default,1815,timeout (cpu),36000.1,35984.9,2236976.0,starexec-unknown,unknown
21894011,QF_LRA/LassoRanker/CooperatingT2/sas2.t2.c_Iteration5_Lasso_3-pieceTemplate.smt2,830863,CVC4 f7118b2,1257,default,1778,complete,395.901,395.799,390504.0,sat,unknown
21894012,QF_LRA/LassoRanker/CooperatingT2/sas2.t2.c_Iteration5_Lasso_3-pieceTemplate.smt2,830863,Z3-4.3.2.a054b099c1d6-x64-debian-6.0.6-SMT-COMP-2014,1286,default,1815,complete,3599.0,3597.54,618212.0,sat,unknown
21894023,QF_LRA/LassoRanker/CooperatingT2/firewire.t2.c_Iteration1_Lasso_6-phaseTemplate.smt2,830865,CVC4 f7118b2,1257,default,1778,complete,843.452,843.13,528800.0,sat,unknown
21894024,QF_LRA/LassoRanker/CooperatingT2/firewire.t2.c_Iteration1_Lasso_6-phaseTemplate.smt2,830865,Z3-4.3.2.a054b099c1d6-x64-debian-6.0.6-SMT-COMP-2014,1286,default,1815,timeout (cpu),36000.1,35985.4,1487324.0,starexec-unknown,unknown
21894035,QF_LRA/LassoRanker/CooperatingT2/ex11.t2.c_Iteration1_Lasso_3-pieceTemplate.smt2,830866,CVC4 f7118b2,1257,default,1778,complete,7164.94,7162.22,508116.0,unsat,unknown
21894036,QF_LRA/LassoRanker/CooperatingT2/ex11.t2.c_Iteration1_Lasso_3-pieceTemplate.smt2,830866,Z3-4.3.2.a054b099c1d6-x64-debian-6.0.6-SMT-COMP-2014,1286,default,1815,timeout (cpu),36000.0,35981.9,374052.0,starexec-unknown,unknown
21894047,QF_LRA/LassoRanker/CooperatingT2/ludcmp.c.i.ludcmp.pl.t2.fixed.t2.c_Iteration10_Loop_7-phaseTemplate.smt2,830867,CVC4 f7118b2,1257,default,1778,complete,347.071,347.015,481684.0,sat,unknown
21894048,QF_LRA/LassoRanker/CooperatingT2/ludcmp.c.i.ludcmp.pl.t2.fixed.t2.c_Iteration10_Loop_7-phaseTemplate.smt2,830867,Z3-4.3.2.a054b099c1d6-x64-debian-6.0.6-SMT-COMP-2014,1286,default,1815,timeout (cpu),36000.1,35988.4,786792.0,starexec-unknown,unknown
21894059,QF_LRA/LassoRanker/CooperatingT2/fun4.t2.c_Iteration1_Lasso_3-pieceTemplate.smt2,830870,CVC4 f7118b2,1257,default,1778,complete,152.582,152.523,294432.0,sat,unknown
21894060,QF_LRA/LassoRanker/CooperatingT2/fun4.t2.c_Iteration1_Lasso_3-pieceTemplate.smt2,830870,Z3-4.3.2.a054b099c1d6-x64-debian-6.0.6-SMT-COMP-2014,1286,default,1815,complete,831.633,831.324,295484.0,sat,unknown
21894071,QF_LRA/LassoRanker/CooperatingT2/ex11.t2.c_Iteration1_Lasso_4-pieceTemplate.smt2,830872,CVC4 f7118b2,1257,default,1778,timeout (cpu),36000.0,35985.6,1329700.0,starexec-unknown,unknown
21894072,QF_LRA/LassoRanker/CooperatingT2/ex11.t2.c_Iteration1_Lasso_4-pieceTemplate.smt2,830872,Z3-4.3.2.a054b099c1d6-x64-debian-6.0.6-SMT-COMP-2014,1286,default,1815,timeout (cpu),36000.0,35984.8,556984.0,starexec-unknown,unknown
21894083,QF_LRA/LassoRanker/CooperatingT2/eric.t2.c_Iteration1_Lasso_4-pieceTemplate.smt2,830879,CVC4 f7118b2,1257,default,1778,complete,2824.65,2823.99,407992.0,sat,unknown
21894084,QF_LRA/LassoRanker/CooperatingT2/eric.t2.c_Iteration1_Lasso_4-pieceTemplate.smt2,830879,Z3-4.3.2.a054b099c1d6-x64-debian-6.0.6-SMT-COMP-2014,1286,default,1815,timeout (cpu),36000.1,35982.7,605884.0,starexec-unknown,unknown
21894095,QF_LRA/LassoRanker/CooperatingT2/hongyi1.t2.c_Iteration9_Loop_7-phaseTemplate.smt2,830880,CVC4 f7118b2,1257,default,1778,complete,4051.46,4049.58,1316536.0,sat,unknown
21894096,QF_LRA/LassoRanker/CooperatingT2/hongyi1.t2.c_Iteration9_Loop_7-phaseTemplate.smt2,830880,Z3-4.3.2.a054b099c1d6-x64-debian-6.0.6-SMT-COMP-2014,1286,default,1815,timeout (cpu),36000.1,35985.5,2216788.0,starexec-unknown,unknown
21894107,QF_LRA/LassoRanker/CooperatingT2/brp_withassume.t2.c_Iteration1_Loop_4-pieceTemplate.smt2,830889,CVC4 f7118b2,1257,default,1778,complete,1425.01,1424.73,1060168.0,sat,unknown
21894108,QF_LRA/LassoRanker/CooperatingT2/brp_withassume.t2.c_Iteration1_Loop_4-pieceTemplate.smt2,830889,Z3-4.3.2.a054b099c1d6-x64-debian-6.0.6-SMT-COMP-2014,1286,default,1815,timeout (cpu),36000.1,35987.9,1741128.0,starexec-unknown,unknown
21894117,QF_LRA/LassoRanker/CooperatingT2/hongyi1.t2.c_Iteration1_Loop_4-pieceTemplate.smt2,830892,CVC4 f7118b2,1257,default,1778,complete,1561.09,1560.65,1049032.0,sat,unknown
21894118,QF_LRA/LassoRanker/CooperatingT2/hongyi1.t2.c_Iteration1_Loop_4-pieceTemplate.smt2,830892,Z3-4.3.2.a054b099c1d6-x64-debian-6.0.6-SMT-COMP-2014,1286,default,1815,timeout (cpu),36000.1,35986.2,1927892.0,starexec-unknown,unknown
21894127,QF_LRA/LassoRanker/CooperatingT2/ndes.t2.c_Iteration3_Loop_7-phaseTemplate.smt2,830901,CVC4 f7118b2,1257,default,1778,complete,285.563,285.472,486240.0,sat,unknown
21894128,QF_LRA/LassoRanker/CooperatingT2/ndes.t2.c_Iteration3_Loop_7-phaseTemplate.smt2,830901,Z3-4.3.2.a054b099c1d6-x64-debian-6.0.6-SMT-COMP-2014,1286,default,1815,complete,6733.26,6732.04,879288.0,sat,unknown
21894137,QF_LRA/LassoRanker/CooperatingT2/eric.t2.c_Iteration1_Lasso_3-pieceTemplate.smt2,830910,CVC4 f7118b2,1257,default,1778,complete,389.792,389.642,342064.0,sat,unknown
21894138,QF_LRA/LassoRanker/CooperatingT2/eric.t2.c_Iteration1_Lasso_3-pieceTemplate.smt2,830910,Z3-4.3.2.a054b099c1d6-x64-debian-6.0.6-SMT-COMP-2014,1286,default,1815,complete,4005.96,4004.34,407208.0,sat,unknown
21894147,QF_LRA/LassoRanker/CooperatingT2/brp_withassume.t2.c_Iteration8_Loop_6-phaseTemplate.smt2,830912,CVC4 f7118b2,1257,default,1778,complete,1604.42,1603.92,1126584.0,sat,unknown
21894148,QF_LRA/LassoRanker/CooperatingT2/brp_withassume.t2.c_Iteration8_Loop_6-phaseTemplate.smt2,830912,Z3-4.3.2.a054b099c1d6-x64-debian-6.0.6-SMT-COMP-2014,1286,default,1815,timeout (cpu),36000.1,35986.9,2029496.0,starexec-unknown,unknown
21894157,QF_LRA/LassoRanker/CooperatingT2/sas2.t2.c_Iteration5_Lasso_7-phaseTemplate.smt2,830919,CVC4 f7118b2,1257,default,1778,complete,850.4,850.205,580528.0,sat,unknown
21894158,QF_LRA/LassoRanker/CooperatingT2/sas2.t2.c_Iteration5_Lasso_7-phaseTemplate.smt2,830919,Z3-4.3.2.a054b099c1d6-x64-debian-6.0.6-SMT-COMP-2014,1286,default,1815,timeout (cpu),36000.0,35985.3,2186324.0,starexec-unknown,unknown
21894167,QF_LRA/LassoRanker/CooperatingT2/brp_withassume.t2.c_Iteration8_Loop_4-pieceTemplate.smt2,830924,CVC4 f7118b2,1257,default,1778,complete,2145.6,2145.16,1279412.0,sat,unknown
21894168,QF_LRA/LassoRanker/CooperatingT2/brp_withassume.t2.c_Iteration8_Loop_4-pieceTemplate.smt2,830924,Z3-4.3.2.a054b099c1d6-x64-debian-6.0.6-SMT-COMP-2014,1286,default,1815,timeout (cpu),36000.1,35989.2,2039860.0,starexec-unknown,unknown
21894175,QF_LRA/LassoRanker/CooperatingT2/janne_complex.t2.c_Iteration3_Lasso_4-pieceTemplate.smt2,830938,CVC4 f7118b2,1257,default,1778,complete,718.065,717.836,398188.0,unsat,unknown
21894176,QF_LRA/LassoRanker/CooperatingT2/janne_complex.t2.c_Iteration3_Lasso_4-pieceTemplate.smt2,830938,Z3-4.3.2.a054b099c1d6-x64-debian-6.0.6-SMT-COMP-2014,1286,default,1815,complete,2677.3,2676.72,399732.0,unsat,unknown
21894183,QF_LRA/LassoRanker/CooperatingT2/sas2.t2.c_Iteration3_Lasso_7-phaseTemplate.smt2,830943,CVC4 f7118b2,1257,default,1778,complete,330.683,330.563,484344.0,sat,unknown
21894184,QF_LRA/LassoRanker/CooperatingT2/sas2.t2.c_Iteration3_Lasso_7-phaseTemplate.smt2,830943,Z3-4.3.2.a054b099c1d6-x64-debian-6.0.6-SMT-COMP-2014,1286,default,1815,complete,15441.7,15436.9,1561004.0,sat,unknown
21894189,QF_LRA/LassoRanker/CooperatingT2/fun4.t2.c_Iteration1_Lasso_4-pieceTemplate.smt2,830944,CVC4 f7118b2,1257,default,1778,complete,780.791,780.665,328796.0,sat,unknown
21894190,QF_LRA/LassoRanker/CooperatingT2/fun4.t2.c_Iteration1_Lasso_4-pieceTemplate.smt2,830944,Z3-4.3.2.a054b099c1d6-x64-debian-6.0.6-SMT-COMP-2014,1286,default,1815,complete,7230.11,7226.55,381552.0,sat,unknown
21894195,QF_LRA/LassoRanker/CooperatingT2/sas2.t2.c_Iteration6_Lasso_7-phaseTemplate.smt2,830957,CVC4 f7118b2,1257,default,1778,complete,439.938,439.773,517176.0,sat,unknown
21894196,QF_LRA/LassoRanker/CooperatingT2/sas2.t2.c_Iteration6_Lasso_7-phaseTemplate.smt2,830957,Z3-4.3.2.a054b099c1d6-x64-debian-6.0.6-SMT-COMP-2014,1286,default,1815,timeout (cpu),36000.0,35985.5,2005228.0,starexec-unknown,unknown
21894201,QF_LRA/LassoRanker/CooperatingT2/sas2.t2.c_Iteration6_Lasso_4-pieceTemplate.smt2,830958,CVC4 f7118b2,1257,default,1778,complete,709.229,709.078,450776.0,sat,unknown
21894202,QF_LRA/LassoRanker/CooperatingT2/sas2.t2.c_Iteration6_Lasso_4-pieceTemplate.smt2,830958,Z3-4.3.2.a054b099c1d6-x64-debian-6.0.6-SMT-COMP-2014,1286,default,1815,complete,15956.7,15951.3,1218324.0,sat,unknown
21894207,QF_LRA/LassoRanker/CooperatingT2/sas2.t2.c_Iteration1_Lasso_4-pieceTemplate.smt2,830962,CVC4 f7118b2,1257,default,1778,complete,575.528,575.416,425828.0,sat,unknown
21894208,QF_LRA/LassoRanker/CooperatingT2/sas2.t2.c_Iteration1_Lasso_4-pieceTemplate.smt2,830962,Z3-4.3.2.a054b099c1d6-x64-debian-6.0.6-SMT-COMP-2014,1286,default,1815,timeout (cpu),36000.0,35985.2,718624.0,starexec-unknown,unknown
21894213,QF_LRA/LassoRanker/CooperatingT2/brp_withassume.t2.c_Iteration8_Loop_7-phaseTemplate.smt2,830968,CVC4 f7118b2,1257,default,1778,complete,4195.33,4194.26,1895780.0,sat,unknown
21894214,QF_LRA/LassoRanker/CooperatingT2/brp_withassume.t2.c_Iteration8_Loop_7-phaseTemplate.smt2,830968,Z3-4.3.2.a054b099c1d6-x64-debian-6.0.6-SMT-COMP-2014,1286,default,1815,timeout (cpu),36000.1,35982.2,2515324.0,starexec-unknown,unknown
21894219,QF_LRA/LassoRanker/CooperatingT2/ludcmp.t2.c_Iteration8_Loop_7-phaseTemplate.smt2,830972,CVC4 f7118b2,1257,default,1778,complete,259.377,259.319,473600.0,sat,unknown
21894220,QF_LRA/LassoRanker/CooperatingT2/ludcmp.t2.c_Iteration8_Loop_7-phaseTemplate.smt2,830972,Z3-4.3.2.a054b099c1d6-x64-debian-6.0.6-SMT-COMP-2014,1286,default,1815,timeout (cpu),36000.1,35985.4,730264.0,starexec-unknown,unknown
21894225,QF_LRA/LassoRanker/CooperatingT2/firewire.t2.c_Iteration1_Lasso_4-pieceTemplate.smt2,830974,CVC4 f7118b2,1257,default,1778,complete,7372.74,7369.84,1042732.0,sat,unknown
21894226,QF_LRA/LassoRanker/CooperatingT2/firewire.t2.c_Iteration1_Lasso_4-pieceTemplate.smt2,830974,Z3-4.3.2.a054b099c1d6-x64-debian-6.0.6-SMT-COMP-2014,1286,default,1815,timeout (cpu),36000.1,35985.8,2180760.0,starexec-unknown,unknown
21894231,QF_LRA/LassoRanker/CooperatingT2/sas2.t2.c_Iteration3_Lasso_4-pieceTemplate.smt2,830977,CVC4 f7118b2,1257,default,1778,complete,387.337,387.267,431156.0,sat,unknown
21894232,QF_LRA/LassoRanker/CooperatingT2/sas2.t2.c_Iteration3_Lasso_4-pieceTemplate.smt2,830977,Z3-4.3.2.a054b099c1d6-x64-debian-6.0.6-SMT-COMP-2014,1286,default,1815,complete,3259.37,3257.9,688192.0,sat,unknown
21894235,QF_LRA/LassoRanker/CooperatingT2/toeplz.t2.c_Iteration2_Loop_7-phaseTemplate.smt2,830979,CVC4 f7118b2,1257,default,1778,complete,99.2129,99.1759,464036.0,sat,unknown
21894236,QF_LRA/LassoRanker/CooperatingT2/toeplz.t2.c_Iteration2_Loop_7-phaseTemplate.smt2,830979,Z3-4.3.2.a054b099c1d6-x64-debian-6.0.6-SMT-COMP-2014,1286,default,1815,complete,14881.7,14875.6,1104284.0,sat,unknown
21894239,QF_LRA/LassoRanker/CooperatingT2/brp_withassume.t2.c_Iteration1_Loop_6-phaseTemplate.smt2,830989,CVC4 f7118b2,1257,default,1778,complete,539.866,539.707,703020.0,sat,unknown
21894240,QF_LRA/LassoRanker/CooperatingT2/brp_withassume.t2.c_Iteration1_Loop_6-phaseTemplate.smt2,830989,Z3-4.3.2.a054b099c1d6-x64-debian-6.0.6-SMT-COMP-2014,1286,default,1815,timeout (cpu),36000.0,35982.0,1370388.0,starexec-unknown,unknown
21894243,QF_LRA/LassoRanker/CooperatingT2/firewire.t2.c_Iteration1_Lasso_3-pieceTemplate.smt2,830990,CVC4 f7118b2,1257,default,1778,complete,1298.68,1298.33,568944.0,sat,unknown
21894244,QF_LRA/LassoRanker/CooperatingT2/firewire.t2.c_Iteration1_Lasso_3-pieceTemplate.smt2,830990,Z3-4.3.2.a054b099c1d6-x64-debian-6.0.6-SMT-COMP-2014,1286,default,1815,complete,11374.1,11368.9,1381856.0,sat,unknown
21894247,QF_LRA/LassoRanker/CooperatingT2/sas2.t2.c_Iteration5_Lasso_4-pieceTemplate.smt2,830991,CVC4 f7118b2,1257,default,1778,complete,1753.88,1753.3,489592.0,sat,unknown
21894248,QF_LRA/LassoRanker/CooperatingT2/sas2.t2.c_Iteration5_Lasso_4-pieceTemplate.smt2,830991,Z3-4.3.2.a054b099c1d6-x64-debian-6.0.6-SMT-COMP-2014,1286,default,1815,timeout (cpu),36000.1,35985.3,1175868.0,starexec-unknown,unknown
21894251,QF_LRA/LassoRanker/CooperatingT2/hongyi1.t2.c_Iteration9_Loop_4-pieceTemplate.smt2,831003,CVC4 f7118b2,1257,default,1778,complete,2134.05,2133.27,1118932.0,sat,unknown
21894252,QF_LRA/LassoRanker/CooperatingT2/hongyi1.t2.c_Iteration9_Loop_4-pieceTemplate.smt2,831003,Z3-4.3.2.a054b099c1d6-x64-debian-6.0.6-SMT-COMP-2014,1286,default,1815,timeout (cpu),36000.1,35985.7,1950632.0,starexec-unknown,unknown
21894255,QF_LRA/LassoRanker/CooperatingT2/disj_nightmare.t2.c_Iteration1_Loop_4-pieceTemplate.smt2,831010,CVC4 f7118b2,1257,default,1778,complete,774.598,774.409,540152.0,sat,unknown
21894256,QF_LRA/LassoRanker/CooperatingT2/disj_nightmare.t2.c_Iteration1_Loop_4-pieceTemplate.smt2,831010,Z3-4.3.2.a054b099c1d6-x64-debian-6.0.6-SMT-COMP-2014,1286,default,1815,timeout (cpu),36000.1,35985.3,1051448.0,starexec-unknown,unknown
21894259,QF_LRA/LassoRanker/CooperatingT2/hongyi1.t2.c_Iteration1_Loop_6-phaseTemplate.smt2,831012,CVC4 f7118b2,1257,default,1778,complete,826.984,826.742,735468.0,sat,unknown
21894260,QF_LRA/LassoRanker/CooperatingT2/hongyi1.t2.c_Iteration1_Loop_6-phaseTemplate.smt2,831012,Z3-4.3.2.a054b099c1d6-x64-debian-6.0.6-SMT-COMP-2014,1286,default,1815,timeout (cpu),36000.0,35985.3,1518916.0,starexec-unknown,unknown
21894263,QF_LRA/LassoRanker/CooperatingT2/firewire.t2.c_Iteration1_Lasso_7-phaseTemplate.smt2,831013,CVC4 f7118b2,1257,default,1778,complete,2959.78,2958.61,886848.0,sat,unknown
21894264,QF_LRA/LassoRanker/CooperatingT2/firewire.t2.c_Iteration1_Lasso_7-phaseTemplate.smt2,831013,Z3-4.3.2.a054b099c1d6-x64-debian-6.0.6-SMT-COMP-2014,1286,default,1815,timeout (cpu),36000.0,35985.6,2216260.0,starexec-unknown,unknown
21894267,QF_LRA/LassoRanker/CooperatingT2/afagp-fail.t2.c_Iteration1_Lasso_4-pieceTemplate.smt2,831016,CVC4 f7118b2,1257,default,1778,complete,357.642,357.589,345636.0,unsat,unknown
21894268,QF_LRA/LassoRanker/CooperatingT2/afagp-fail.t2.c_Iteration1_Lasso_4-pieceTemplate.smt2,831016,Z3-4.3.2.a054b099c1d6-x64-debian-6.0.6-SMT-COMP-2014,1286,default,1815,complete,817.111,816.956,291272.0,unsat,unknown
21894271,QF_LRA/LassoRanker/CooperatingT2/hongyi1.t2.c_Iteration9_Loop_6-phaseTemplate.smt2,831018,CVC4 f7118b2,1257,default,1778,complete,567.383,567.26,738536.0,sat,unknown
21894272,QF_LRA/LassoRanker/CooperatingT2/hongyi1.t2.c_Iteration9_Loop_6-phaseTemplate.smt2,831018,Z3-4.3.2.a054b099c1d6-x64-debian-6.0.6-SMT-COMP-2014,1286,default,1815,timeout (cpu),36000.0,35982.4,1556436.0,starexec-unknown,unknown
21894275,QF_LRA/LassoRanker/CooperatingT2/brp_withassume.t2.c_Iteration8_Loop_3-pieceTemplate.smt2,831027,CVC4 f7118b2,1257,default,1778,complete,557.035,557.003,836264.0,sat,unknown
21894276,QF_LRA/LassoRanker/CooperatingT2/brp_withassume.t2.c_Iteration8_Loop_3-pieceTemplate.smt2,831027,Z3-4.3.2.a054b099c1d6-x64-debian-6.0.6-SMT-COMP-2014,1286,default,1815,timeout (cpu),36000.0,35985.8,1434688.0,starexec-unknown,unknown
21894279,QF_LRA/LassoRanker/CooperatingT2/firewire.t2.c_Iteration3_Loop_7-phaseTemplate.smt2,831032,CVC4 f7118b2,1257,default,1778,complete,126.372,126.392,418104.0,sat,unknown
21894280,QF_LRA/LassoRanker/CooperatingT2/firewire.t2.c_Iteration3_Loop_7-phaseTemplate.smt2,831032,Z3-4.3.2.a054b099c1d6-x64-debian-6.0.6-SMT-COMP-2014,1286,default,1815,complete,3032.53,3031.21,865344.0,sat,unknown
21894283,QF_LRA/LassoRanker/CooperatingT2/disj_nightmare.t2.c_Iteration2_Loop_4-pieceTemplate.smt2,831037,CVC4 f7118b2,1257,default,1778,complete,379.467,379.378,573332.0,sat,unknown
21894284,QF_LRA/LassoRanker/CooperatingT2/disj_nightmare.t2.c_Iteration2_Loop_4-pieceTemplate.smt2,831037,Z3-4.3.2.a054b099c1d6-x64-debian-6.0.6-SMT-COMP-2014,1286,default,1815,complete,13434.4,13429.4,982008.0,sat,unknown
21894287,QF_LRA/LassoRanker/CooperatingT2/brp_withassume.t2.c_Iteration1_Loop_7-phaseTemplate.smt2,831039,CVC4 f7118b2,1257,default,1778,complete,2323.59,2322.8,1263932.0,sat,unknown
21894288,QF_LRA/LassoRanker/CooperatingT2/brp_withassume.t2.c_Iteration1_Loop_7-phaseTemplate.smt2,831039,Z3-4.3.2.a054b099c1d6-x64-debian-6.0.6-SMT-COMP-2014,1286,default,1815,timeout (cpu),36000.0,35984.8,1972532.0,starexec-unknown,unknown
21894291,QF_LRA/LassoRanker/CooperatingT2/hongyi1.t2.c_Iteration1_Loop_3-pieceTemplate.smt2,831040,CVC4 f7118b2,1257,default,1778,complete,511.265,511.264,743760.0,sat,unknown
21894292,QF_LRA/LassoRanker/CooperatingT2/hongyi1.t2.c_Iteration1_Loop_3-pieceTemplate.smt2,831040,Z3-4.3.2.a054b099c1d6-x64-debian-6.0.6-SMT-COMP-2014,1286,default,1815,timeout (cpu),36000.1,35982.6,1271768.0,starexec-unknown,unknown
21894295,QF_LRA/LassoRanker/CooperatingT2/sas2.t2.c_Iteration5_Lasso_6-phaseTemplate.smt2,831048,CVC4 f7118b2,1257,default,1778,complete,161.108,161.109,431580.0,sat,unknown
21894296,QF_LRA/LassoRanker/CooperatingT2/sas2.t2.c_Iteration5_Lasso_6-phaseTemplate.smt2,831048,Z3-4.3.2.a054b099c1d6-x64-debian-6.0.6-SMT-COMP-2014,1286,default,1815,complete,22451.0,22441.7,1024840.0,sat,unknown
21894299,QF_LRA/LassoRanker/CooperatingT2/toeplz.t2.c_Iteration2_Loop_4-pieceTemplate.smt2,831050,CVC4 f7118b2,1257,default,1778,complete,146.111,146.114,422072.0,sat,unknown
21894300,QF_LRA/LassoRanker/CooperatingT2/toeplz.t2.c_Iteration2_Loop_4-pieceTemplate.smt2,831050,Z3-4.3.2.a054b099c1d6-x64-debian-6.0.6-SMT-COMP-2014,1286,default,1815,complete,2773.43,2772.33,473168.0,sat,unknown
21894303,QF_LRA/LassoRanker/CooperatingT2/hongyi1.t2.c_Iteration9_Loop_5-phaseTemplate.smt2,831053,CVC4 f7118b2,1257,default,1778,complete,431.961,431.819,590092.0,sat,unknown
21894304,QF_LRA/LassoRanker/CooperatingT2/hongyi1.t2.c_Iteration9_Loop_5-phaseTemplate.smt2,831053,Z3-4.3.2.a054b099c1d6-x64-debian-6.0.6-SMT-COMP-2014,1286,default,1815,timeout (cpu),36000.0,35985.5,1424020.0,starexec-unknown,unknown
21894307,QF_LRA/LassoRanker/CooperatingT2/elmhes.c.i.elmhes.pl.t2.fixed.t2.c_Iteration5_Loop_7-phaseTemplate.smt2,831056,CVC4 f7118b2,1257,default,1778,complete,274.526,274.529,477952.0,sat,unknown
21894308,QF_LRA/LassoRanker/CooperatingT2/elmhes.c.i.elmhes.pl.t2.fixed.t2.c_Iteration5_Loop_7-phaseTemplate.smt2,831056,Z3-4.3.2.a054b099c1d6-x64-debian-6.0.6-SMT-COMP-2014,1286,default,1815,timeout (cpu),36000.0,35985.1,826692.0,starexec-unknown,unknown
21894311,QF_LRA/LassoRanker/CooperatingT2/sas2.t2.c_Iteration1_Lasso_7-phaseTemplate.smt2,831057,CVC4 f7118b2,1257,default,1778,complete,260.014,259.946,466780.0,sat,unknown
21894312,QF_LRA/LassoRanker/CooperatingT2/sas2.t2.c_Iteration1_Lasso_7-phaseTemplate.smt2,831057,Z3-4.3.2.a054b099c1d6-x64-debian-6.0.6-SMT-COMP-2014,1286,default,1815,timeout (cpu),36000.0,35985.2,1248240.0,starexec-unknown,unknown
21893989,QF_LRA/LassoRanker/SV-COMP/LeeJonesBen-Amram-2001POPL-Ex5_true-termination.c_Iteration2_Lasso_3-pieceTemplate.smt2,831067,CVC4 f7118b2,1257,default,1778,complete,1236.11,1235.78,370668.0,unsat,unknown
21893990,QF_LRA/LassoRanker/SV-COMP/LeeJonesBen-Amram-2001POPL-Ex5_true-termination.c_Iteration2_Lasso_3-pieceTemplate.smt2,831067,Z3-4.3.2.a054b099c1d6-x64-debian-6.0.6-SMT-COMP-2014,1286,default,1815,complete,609.384,609.212,406348.0,unsat,unknown
21894001,QF_LRA/LassoRanker/SV-COMP/aviad_true-termination.c_Iteration1_Loop_7-phaseTemplate.smt2,831070,CVC4 f7118b2,1257,default,1778,complete,5137.43,5136.27,1763736.0,sat,unknown
21894002,QF_LRA/LassoRanker/SV-COMP/aviad_true-termination.c_Iteration1_Loop_7-phaseTemplate.smt2,831070,Z3-4.3.2.a054b099c1d6-x64-debian-6.0.6-SMT-COMP-2014,1286,default,1815,timeout (cpu),36000.0,35985.2,2759044.0,starexec-unknown,unknown
21894013,QF_LRA/LassoRanker/SV-COMP/BradleyMannaSipma-2005CAV-Fig1_true-termination.c_Iteration1_Lasso_6-phaseTemplate.smt2,831076,CVC4 f7118b2,1257,default,1778,complete,160.533,160.475,410744.0,sat,unknown
21894014,QF_LRA/LassoRanker/SV-COMP/BradleyMannaSipma-2005CAV-Fig1_true-termination.c_Iteration1_Lasso_6-phaseTemplate.smt2,831076,Z3-4.3.2.a054b099c1d6-x64-debian-6.0.6-SMT-COMP-2014,1286,default,1815,timeout (cpu),36000.0,35989.4,1033464.0,starexec-unknown,unknown
21894025,QF_LRA/LassoRanker/SV-COMP/NoriSharma-2013FSE-Fig8_true-termination.c_Iteration1_Loop_7-phaseTemplate.smt2,831078,CVC4 f7118b2,1257,default,1778,complete,738.688,738.528,492604.0,unsat,unknown
21894026,QF_LRA/LassoRanker/SV-COMP/NoriSharma-2013FSE-Fig8_true-termination.c_Iteration1_Loop_7-phaseTemplate.smt2,831078,Z3-4.3.2.a054b099c1d6-x64-debian-6.0.6-SMT-COMP-2014,1286,default,1815,complete,10691.1,10687.6,1597740.0,unsat,unknown
21894037,QF_LRA/LassoRanker/SV-COMP/TelAviv-Amir-Minimum_true-termination.c_Iteration1_Loop_3-pieceTemplate.smt2,831093,CVC4 f7118b2,1257,default,1778,complete,1481.1,1480.67,945820.0,sat,unknown
21894038,QF_LRA/LassoRanker/SV-COMP/TelAviv-Amir-Minimum_true-termination.c_Iteration1_Loop_3-pieceTemplate.smt2,831093,Z3-4.3.2.a054b099c1d6-x64-debian-6.0.6-SMT-COMP-2014,1286,default,1815,complete,4678.95,4677.86,1098384.0,sat,unknown
21894049,QF_LRA/LassoRanker/SV-COMP/BradleyMannaSipma-2005ICALP-Fig1_true-termination.c_Iteration1_Lasso_3-pieceTemplate.smt2,831103,CVC4 f7118b2,1257,default,1778,complete,84.9641,84.9333,375348.0,unsat,unknown
21894050,QF_LRA/LassoRanker/SV-COMP/BradleyMannaSipma-2005ICALP-Fig1_true-termination.c_Iteration1_Lasso_3-pieceTemplate.smt2,831103,Z3-4.3.2.a054b099c1d6-x64-debian-6.0.6-SMT-COMP-2014,1286,default,1815,complete,3546.59,3545.7,426968.0,unsat,unknown
21894061,QF_LRA/LassoRanker/SV-COMP/TelAviv-Amir-Minimum_true-termination.c_Iteration1_Lasso_4-pieceTemplate.smt2,831104,CVC4 f7118b2,1257,default,1778,complete,4075.52,4073.96,1536060.0,sat,unknown
21894062,QF_LRA/LassoRanker/SV-COMP/TelAviv-Amir-Minimum_true-termination.c_Iteration1_Lasso_4-pieceTemplate.smt2,831104,Z3-4.3.2.a054b099c1d6-x64-debian-6.0.6-SMT-COMP-2014,1286,default,1815,timeout (cpu),36000.1,35983.5,2145060.0,starexec-unknown,unknown
21894073,QF_LRA/LassoRanker/SV-COMP/GulwaniJainKoskinen-2009PLDI-Fig1_true-termination.c_Iteration1_Lasso_4-pieceTemplate.smt2,831106,CVC4 f7118b2,1257,default,1778,complete,12978.7,12976.2,1586084.0,unsat,unknown
21894074,QF_LRA/LassoRanker/SV-COMP/GulwaniJainKoskinen-2009PLDI-Fig1_true-termination.c_Iteration1_Lasso_4-pieceTemplate.smt2,831106,Z3-4.3.2.a054b099c1d6-x64-debian-6.0.6-SMT-COMP-2014,1286,default,1815,timeout (cpu),36000.1,35982.4,3059956.0,starexec-unknown,unknown
21894085,QF_LRA/LassoRanker/SV-COMP/BradleyMannaSipma-2005CAV-Fig1_true-termination.c_Iteration1_Lasso_4-pieceTemplate.smt2,831110,CVC4 f7118b2,1257,default,1778,complete,730.715,730.39,504656.0,sat,unknown
21894086,QF_LRA/LassoRanker/SV-COMP/BradleyMannaSipma-2005CAV-Fig1_true-termination.c_Iteration1_Lasso_4-pieceTemplate.smt2,831110,Z3-4.3.2.a054b099c1d6-x64-debian-6.0.6-SMT-COMP-2014,1286,default,1815,timeout (cpu),36000.0,35982.0,1037404.0,starexec-unknown,unknown
21894097,QF_LRA/LassoRanker/SV-COMP/BradleyMannaSipma-2005ICALP-Fig1_true-termination.c_Iteration1_Lasso_4-pieceTemplate.smt2,831121,CVC4 f7118b2,1257,default,1778,complete,2155.96,2155.3,467060.0,unsat,unknown
21894098,QF_LRA/LassoRanker/SV-COMP/BradleyMannaSipma-2005ICALP-Fig1_true-termination.c_Iteration1_Lasso_4-pieceTemplate.smt2,831121,Z3-4.3.2.a054b099c1d6-x64-debian-6.0.6-SMT-COMP-2014,1286,default,1815,timeout (cpu),36000.1,35987.2,704684.0,starexec-unknown,unknown
21894109,QF_LRA/LassoRanker/SV-COMP/KroeningSharyginaTsitovichWintersteiger-2010CAV-Fig1_true-termination.c_Iteration1_Lasso_4-pieceTemplate.smt2,831123,CVC4 f7118b2,1257,default,1778,complete,2165.8,2165.08,1514104.0,unsat,unknown
21894110,QF_LRA/LassoRanker/SV-COMP/KroeningSharyginaTsitovichWintersteiger-2010CAV-Fig1_true-termination.c_Iteration1_Lasso_4-pieceTemplate.smt2,831123,Z3-4.3.2.a054b099c1d6-x64-debian-6.0.6-SMT-COMP-2014,1286,default,1815,complete,369.168,369.092,826996.0,unsat,unknown
21894119,QF_LRA/LassoRanker/SV-COMP/LeeJonesBen-Amram-2001POPL-Ex5_true-termination.c_Iteration2_Lasso_7-phaseTemplate.smt2,831126,CVC4 f7118b2,1257,default,1778,complete,13426.0,13420.7,544252.0,unsat,unknown
21894120,QF_LRA/LassoRanker/SV-COMP/LeeJonesBen-Amram-2001POPL-Ex5_true-termination.c_Iteration2_Lasso_7-phaseTemplate.smt2,831126,Z3-4.3.2.a054b099c1d6-x64-debian-6.0.6-SMT-COMP-2014,1286,default,1815,timeout (cpu),36000.1,35986.7,1056888.0,starexec-unknown,unknown
21894129,QF_LRA/LassoRanker/SV-COMP/LeeJonesBen-Amram-2001POPL-Ex5_true-termination.c_Iteration2_Lasso_4-pieceTemplate.smt2,831136,CVC4 f7118b2,1257,default,1778,complete,33899.8,33886.1,1408672.0,unsat,unknown
21894130,QF_LRA/LassoRanker/SV-COMP/LeeJonesBen-Amram-2001POPL-Ex5_true-termination.c_Iteration2_Lasso_4-pieceTemplate.smt2,831136,Z3-4.3.2.a054b099c1d6-x64-debian-6.0.6-SMT-COMP-2014,1286,default,1815,complete,15097.8,15091.3,779340.0,unsat,unknown
21894139,QF_LRA/LassoRanker/SV-COMP/LeeJonesBen-Amram-2001POPL-Ex5_true-termination.c_Iteration2_Lasso_6-phaseTemplate.smt2,831140,CVC4 f7118b2,1257,default,1778,complete,852.896,852.568,398480.0,unsat,unknown
21894140,QF_LRA/LassoRanker/SV-COMP/LeeJonesBen-Amram-2001POPL-Ex5_true-termination.c_Iteration2_Lasso_6-phaseTemplate.smt2,831140,Z3-4.3.2.a054b099c1d6-x64-debian-6.0.6-SMT-COMP-2014,1286,default,1815,timeout (cpu),36000.0,35981.7,717788.0,starexec-unknown,unknown
21894149,QF_LRA/LassoRanker/SV-COMP/BradleyMannaSipma-2005CAV-Fig1_true-termination.c_Iteration1_Lasso_7-phaseTemplate.smt2,831141,CVC4 f7118b2,1257,default,1778,complete,413.044,412.946,481560.0,sat,unknown
21894150,QF_LRA/LassoRanker/SV-COMP/BradleyMannaSipma-2005CAV-Fig1_true-termination.c_Iteration1_Lasso_7-phaseTemplate.smt2,831141,Z3-4.3.2.a054b099c1d6-x64-debian-6.0.6-SMT-COMP-2014,1286,default,1815,timeout (cpu),36000.0,35983.3,1449972.0,starexec-unknown,unknown
21894159,QF_LRA/LassoRanker/SV-COMP/NoriSharma-2013FSE-Fig8_true-termination.c_Iteration1_Lasso_7-phaseTemplate.smt2,831142,CVC4 f7118b2,1257,default,1778,complete,1483.15,1482.71,531588.0,unsat,unknown
21894160,QF_LRA/LassoRanker/SV-COMP/NoriSharma-2013FSE-Fig8_true-termination.c_Iteration1_Lasso_7-phaseTemplate.smt2,831142,Z3-4.3.2.a054b099c1d6-x64-debian-6.0.6-SMT-COMP-2014,1286,default,1815,timeout (cpu),36000.0,35981.7,1611612.0,starexec-unknown,unknown
